sku,db_updated,sync,detail,katana_variant_id,katana_material_id
MET-10019150,false,created,Created material MET-10019150 in Katana (variant #42049848).,42049848,17968014
MET-10019200,false,created,Created material MET-10019200 in Katana (variant #42049849).,42049849,17968015
MET-10019300,false,created,Created material MET-10019300 in Katana (variant #42049850).,42049850,17968016
MET-10025200,false,created,Created material MET-10025200 in Katana (variant #42049851).,42049851,17968017
MET-10025300,false,created,Created material MET-10025300 in Katana (variant #42049852).,42049852,17968018
MET-102841,false,created,Created material MET-102841 in Katana (variant #42049853).,42049853,17968019
MET-10R0750,false,created,Created material MET-10R0750 in Katana (variant #42049854).,42049854,17968020
MET-EVOLUTION14BLADEAL,false,created,Created material MET-EVOLUTION14BLADEAL in Katana (variant #42049855).,42049855,17968021
MET-FH141,false,created,Created material MET-FH141 in Katana (variant #42049857).,42049857,17968023
MET-FH18112,false,created,Created material MET-FH18112 in Katana (variant #42049858).,42049858,17968024
MET-FH316112,false,created,Created material MET-FH316112 in Katana (variant #42049859).,42049859,17968025
MET-FH3162,false,created,Created material MET-FH3162 in Katana (variant #42049860).,42049860,17968026
MET-HRP011510,false,created,Created material MET-HRP011510 in Katana (variant #42049862).,42049862,17968028
MET-RAGWWK,false,created,Created material MET-RAGWWK in Katana (variant #42049863).,42049863,17968029
MET-RDH12,false,created,Created material MET-RDH12 in Katana (variant #42049864).,42049864,17968030
MET-RT05015016,false,created,Created material MET-RT05015016 in Katana (variant #42049865).,42049865,17968031
MET-RT07515016,false,created,Created material MET-RT07515016 in Katana (variant #42049866).,42049866,17968032
MET-RT10020016,false,created,Created material MET-RT10020016 in Katana (variant #42049867).,42049867,17968033
MET-SH16,false,created,Created material MET-SH16 in Katana (variant #42049868).,42049868,17968034
MET-SQT12516,false,created,Created material MET-SQT12516 in Katana (variant #42049869).,42049869,17968035
MET-SQT20012,false,unchanged,Variant already mapped for MET-SQT20012.,41913028,
MET-SQT20016,false,created,Created material MET-SQT20016 in Katana (variant #42049870).,42049870,17968036
MET-SQT30016,false,created,Created material MET-SQT30016 in Katana (variant #42049871).,42049871,17968037
MET-TB11060,false,created,Created material MET-TB11060 in Katana (variant #42049872).,42049872,17968038
MET-TB11212060,false,created,Created material MET-TB11212060 in Katana (variant #42049873).,42049873,17968039
MET-TB11234060,false,created,Created material MET-TB11234060 in Katana (variant #42049874).,42049874,17968040
MET-TB21060,false,created,Created material MET-TB21060 in Katana (variant #42049875).,42049875,17968041
MET-TB21120,false,created,Created material MET-TB21120 in Katana (variant #42049876).,42049876,17968042
MET-TB22060,false,created,Created material MET-TB22060 in Katana (variant #42049877).,42049877,17968043
MET-TB22120,false,created,Created material MET-TB22120 in Katana (variant #42049878).,42049878,17968044
MET-TB234060,false,created,Created material MET-TB234060 in Katana (variant #42049879).,42049879,17968045
MET-TB32060,false,created,Created material MET-TB32060 in Katana (variant #42049880).,42049880,17968046
MET-TB42060,false,created,Created material MET-TB42060 in Katana (variant #42049881).,42049881,17968047
MET-TBR34083,false,created,Created material MET-TBR34083 in Katana (variant #42049882).,42049882,17968048
PWD-BLACK,false,created,Created material PWD-BLACK in Katana (variant #42049883).,42049883,17968049
PWD-BONE,false,created,Created material PWD-BONE in Katana (variant #42049884).,42049884,17968050
PWD-FANUC-GRAY,false,created,Created material PWD-FANUC-GRAY in Katana (variant #42049886).,42049886,17968052
PWD-GRAY-ZINC-EPOXY-PRIMER,false,created,Created material PWD-GRAY-ZINC-EPOXY-PRIMER in Katana (variant #42049887).,42049887,17968053
PWD-HIGH-TEMP-SILICONE-TAPERED-MASKING-PLUGS,false,created,Created material PWD-HIGH-TEMP-SILICONE-TAPERED-MASKING-PLUGS in Katana (variant #42049888).,42049888,17968054
PWD-LITE-BEIGE,false,created,Created material PWD-LITE-BEIGE in Katana (variant #42049889).,42049889,17968055
PWD-METAL-WIRE-FOR-HANGING-FRAMES,false,created,Created material PWD-METAL-WIRE-FOR-HANGING-FRAMES in Katana (variant #42049890).,42049890,17968056
PWD-OIL-RUB-BRONZE,false,created,Created material PWD-OIL-RUB-BRONZE in Katana (variant #42049891).,42049891,17968057
PWD-WILD-RICE,false,created,Created material PWD-WILD-RICE in Katana (variant #42049892).,42049892,17968058
RM-FAB-TEST-FABRIC-RAW,false,created,Created material RM-FAB-TEST-FABRIC-RAW in Katana (variant #42049893).,42049893,17968059
RM-PKG-CORRUGATE,false,created,Created material RM-PKG-CORRUGATE in Katana (variant #42049894).,42049894,17968060
RM-PKG-EDGE-BOARD,false,created,Created material RM-PKG-EDGE-BOARD in Katana (variant #42049895).,42049895,17968061
RM-PKG-STRETCH,false,created,Created material RM-PKG-STRETCH in Katana (variant #42049896).,42049896,17968062
RM-PWD-GENERIC,false,updated,Updated material RM-PWD-GENERIC in Katana (variant #42047075).,42047075,17967249
