fin_sku,verdict,planned,live_existing
"FIN-BRK-CHS-72X34-LS","clean","SA-BRO-C-72X34-LS-FRAME | SA-BRO-C-72X34-LS-CUSH",""
"FIN-BRK-CHS-72X34-LS-BE","clean","SA-BRO-C-72X34-LS-FRAME | SA-BRO-C-72X34-LS-CUSH",""
"FIN-BRK-CHS-72X34-LS-BO","clean","SA-BRO-C-72X34-LS-FRAME | SA-BRO-C-72X34-LS-CUSH",""
"FIN-BRK-CHS-72X34-LS-BR","clean","SA-BRO-C-72X34-LS-FRAME | SA-BRO-C-72X34-LS-CUSH",""
"FIN-BRK-CHS-72X34-LS-GR","clean","SA-BRO-C-72X34-LS-FRAME | SA-BRO-C-72X34-LS-CUSH",""
"FIN-BRK-CHS-72X34-LS-WH","clean","SA-BRO-C-72X34-LS-FRAME | SA-BRO-C-72X34-LS-CUSH",""
"FIN-BRK-CHS-72X34-RS","clean","SA-BRO-C-72X34-RS-FRAME | SA-BRO-C-72X34-RS-CUSH",""
"FIN-BRK-CHS-72X34-RS-BE","clean","SA-BRO-C-72X34-RS-FRAME | SA-BRO-C-72X34-RS-CUSH",""
"FIN-BRK-CHS-72X34-RS-BO","clean","SA-BRO-C-72X34-RS-FRAME | SA-BRO-C-72X34-RS-CUSH",""
"FIN-BRK-CHS-72X34-RS-BR","clean","SA-BRO-C-72X34-RS-FRAME | SA-BRO-C-72X34-RS-CUSH",""
"FIN-BRK-CHS-72X34-RS-GR","clean","SA-BRO-C-72X34-RS-FRAME | SA-BRO-C-72X34-RS-CUSH",""
"FIN-BRK-CHS-72X34-RS-WH","clean","SA-BRO-C-72X34-RS-FRAME | SA-BRO-C-72X34-RS-CUSH",""
"FIN-BRK-CHS-72X42-LS","clean","SA-BRO-C-72X42-LS-FRAME | SA-BRO-C-72X42-LS-CUSH",""
"FIN-BRK-CHS-72X42-LS-BE","clean","SA-BRO-C-72X42-LS-FRAME | SA-BRO-C-72X42-LS-CUSH",""
"FIN-BRK-CHS-72X42-LS-BO","clean","SA-BRO-C-72X42-LS-FRAME | SA-BRO-C-72X42-LS-CUSH",""
"FIN-BRK-CHS-72X42-LS-BR","clean","SA-BRO-C-72X42-LS-FRAME | SA-BRO-C-72X42-LS-CUSH",""
"FIN-BRK-CHS-72X42-LS-GR","clean","SA-BRO-C-72X42-LS-FRAME | SA-BRO-C-72X42-LS-CUSH",""
"FIN-BRK-CHS-72X42-LS-WH","clean","SA-BRO-C-72X42-LS-FRAME | SA-BRO-C-72X42-LS-CUSH",""
"FIN-BRK-CHS-72X42-RS","clean","SA-BRO-C-72X42-RS-FRAME | SA-BRO-C-72X42-RS-CUSH",""
"FIN-BRK-CHS-72X42-RS-BE","clean","SA-BRO-C-72X42-RS-FRAME | SA-BRO-C-72X42-RS-CUSH",""
"FIN-BRK-CHS-72X42-RS-BO","clean","SA-BRO-C-72X42-RS-FRAME | SA-BRO-C-72X42-RS-CUSH",""
"FIN-BRK-CHS-72X42-RS-BR","clean","SA-BRO-C-72X42-RS-FRAME | SA-BRO-C-72X42-RS-CUSH",""
"FIN-BRK-CHS-72X42-RS-GR","clean","SA-BRO-C-72X42-RS-FRAME | SA-BRO-C-72X42-RS-CUSH",""
"FIN-BRK-CHS-72X42-RS-WH","clean","SA-BRO-C-72X42-RS-FRAME | SA-BRO-C-72X42-RS-CUSH",""
"FIN-BRK-CHS-84X34-LS","clean","SA-BRO-C-84X34-LS-FRAME | SA-BRO-C-84X34-LS-CUSH",""
"FIN-BRK-CHS-84X34-LS-BE","clean","SA-BRO-C-84X34-LS-FRAME | SA-BRO-C-84X34-LS-CUSH",""
"FIN-BRK-CHS-84X34-LS-BO","clean","SA-BRO-C-84X34-LS-FRAME | SA-BRO-C-84X34-LS-CUSH",""
"FIN-BRK-CHS-84X34-LS-BR","clean","SA-BRO-C-84X34-LS-FRAME | SA-BRO-C-84X34-LS-CUSH",""
"FIN-BRK-CHS-84X34-LS-GR","clean","SA-BRO-C-84X34-LS-FRAME | SA-BRO-C-84X34-LS-CUSH",""
"FIN-BRK-CHS-84X34-LS-WH","clean","SA-BRO-C-84X34-LS-FRAME | SA-BRO-C-84X34-LS-CUSH",""
"FIN-BRK-CHS-84X34-RS","clean","SA-BRO-C-84X34-RS-FRAME | SA-BRO-C-84X34-RS-CUSH",""
"FIN-BRK-CHS-84X34-RS-BE","clean","SA-BRO-C-84X34-RS-FRAME | SA-BRO-C-84X34-RS-CUSH",""
"FIN-BRK-CHS-84X34-RS-BO","clean","SA-BRO-C-84X34-RS-FRAME | SA-BRO-C-84X34-RS-CUSH",""
"FIN-BRK-CHS-84X34-RS-BR","clean","SA-BRO-C-84X34-RS-FRAME | SA-BRO-C-84X34-RS-CUSH",""
"FIN-BRK-CHS-84X34-RS-GR","clean","SA-BRO-C-84X34-RS-FRAME | SA-BRO-C-84X34-RS-CUSH",""
"FIN-BRK-CHS-84X34-RS-WH","clean","SA-BRO-C-84X34-RS-FRAME | SA-BRO-C-84X34-RS-CUSH",""
"FIN-BRK-CHS-84X42-LS","clean","SA-BRO-C-84X42-LS-FRAME | SA-BRO-C-84X42-LS-CUSH",""
"FIN-BRK-CHS-84X42-LS-BE","clean","SA-BRO-C-84X42-LS-FRAME | SA-BRO-C-84X42-LS-CUSH",""
"FIN-BRK-CHS-84X42-LS-BO","clean","SA-BRO-C-84X42-LS-FRAME | SA-BRO-C-84X42-LS-CUSH",""
"FIN-BRK-CHS-84X42-LS-BR","clean","SA-BRO-C-84X42-LS-FRAME | SA-BRO-C-84X42-LS-CUSH",""
"FIN-BRK-CHS-84X42-LS-GR","clean","SA-BRO-C-84X42-LS-FRAME | SA-BRO-C-84X42-LS-CUSH",""
"FIN-BRK-CHS-84X42-LS-WH","clean","SA-BRO-C-84X42-LS-FRAME | SA-BRO-C-84X42-LS-CUSH",""
"FIN-BRK-CHS-84X42-RS","clean","SA-BRO-C-84X42-RS-FRAME | SA-BRO-C-84X42-RS-CUSH",""
"FIN-BRK-CHS-84X42-RS-BE","clean","SA-BRO-C-84X42-RS-FRAME | SA-BRO-C-84X42-RS-CUSH",""
"FIN-BRK-CHS-84X42-RS-BO","clean","SA-BRO-C-84X42-RS-FRAME | SA-BRO-C-84X42-RS-CUSH",""
"FIN-BRK-CHS-84X42-RS-BR","clean","SA-BRO-C-84X42-RS-FRAME | SA-BRO-C-84X42-RS-CUSH",""
"FIN-BRK-CHS-84X42-RS-GR","clean","SA-BRO-C-84X42-RS-FRAME | SA-BRO-C-84X42-RS-CUSH",""
"FIN-BRK-CHS-84X42-RS-WH","clean","SA-BRO-C-84X42-RS-FRAME | SA-BRO-C-84X42-RS-CUSH",""
"FIN-BRK-CNT-TAB-120X28","conflicting_bom","RM-DKT-GENERIC-SLAB","ASM-BRK-CNT-TAB-120X28-FRAME"
"FIN-BRK-CNT-TAB-120X36","conflicting_bom","RM-DKT-GENERIC-SLAB","ASM-BRK-CNT-TAB-120X36-FRAME"
"FIN-BRK-CNT-TAB-28X120","conflicting_bom","RM-DKT-GENERIC-SLAB","ASM-BRK-CNT-TAB-28X120-FRAME"
"FIN-BRK-CNT-TAB-28X72","conflicting_bom","RM-DKT-GENERIC-SLAB","ASM-BRK-CNT-TAB-28X72-FRAME"
"FIN-BRK-CNT-TAB-28X72-TABLECOUNTER","conflicting_bom","RM-DKT-GENERIC-SLAB","ASM-BRK-CNT-TAB-28X72-FRAME"
"FIN-BRK-CNT-TAB-28X96","conflicting_bom","RM-DKT-GENERIC-SLAB","ASM-BRK-CNT-TAB-28X96-FRAME"
"FIN-BRK-CNT-TAB-36X120","conflicting_bom","RM-DKT-GENERIC-SLAB","ASM-BRK-CNT-TAB-36X120-FRAME"
"FIN-BRK-CNT-TAB-36X36","conflicting_bom","RM-DKT-GENERIC-SLAB","ASM-BRK-CNT-TAB-36X36-FRAME"
"FIN-BRK-CNT-TAB-36X72","conflicting_bom","RM-DKT-GENERIC-SLAB","ASM-BRK-CNT-TAB-36X72-FRAME"
"FIN-BRK-CNT-TAB-36X72-STARLEG","conflicting_bom","RM-DKT-GENERIC-SLAB","ASM-BRK-CNT-TAB-36X72-FRAME"
"FIN-BRK-CNT-TAB-36X96","conflicting_bom","RM-DKT-GENERIC-SLAB","ASM-BRK-CNT-TAB-36X96-FRAME"
"FIN-BRK-CNT-TAB-42X42","conflicting_bom","RM-DKT-GENERIC-SLAB","ASM-BRK-CNT-TAB-42X42-FRAME"
"FIN-BRK-CNT-TAB-72X18","conflicting_bom","RM-DKT-GENERIC-SLAB","ASM-BRK-CNT-TAB-72X18-FRAME"
"FIN-BRK-CNT-TAB-72X28","conflicting_bom","RM-DKT-GENERIC-SLAB","ASM-BRK-CNT-TAB-72X28-FRAME"
"FIN-BRK-CNT-TAB-72X36","conflicting_bom","RM-DKT-GENERIC-SLAB","ASM-BRK-CNT-TAB-72X36-FRAME"
"FIN-BRK-CNT-TAB-96X28","conflicting_bom","RM-DKT-GENERIC-SLAB","ASM-BRK-CNT-TAB-96X28-FRAME"
"FIN-BRK-CNT-TAB-96X36","conflicting_bom","RM-DKT-GENERIC-SLAB","ASM-BRK-CNT-TAB-96X36-FRAME"
"FIN-BRK-COR-SOF-72X34-LS","clean","SA-BRO-CS-72-LS-FRAME | SA-BRO-CS-72-LS-CUSH",""
"FIN-BRK-COR-SOF-72X34-LS-BE","clean","SA-BRO-CS-72-LS-FRAME | SA-BRO-CS-72-LS-CUSH",""
"FIN-BRK-COR-SOF-72X34-LS-BO","clean","SA-BRO-CS-72-LS-FRAME | SA-BRO-CS-72-LS-CUSH",""
"FIN-BRK-COR-SOF-72X34-LS-BR","clean","SA-BRO-CS-72-LS-FRAME | SA-BRO-CS-72-LS-CUSH",""
"FIN-BRK-COR-SOF-72X34-LS-GR","clean","SA-BRO-CS-72-LS-FRAME | SA-BRO-CS-72-LS-CUSH",""
"FIN-BRK-COR-SOF-72X34-LS-WH","clean","SA-BRO-CS-72-LS-FRAME | SA-BRO-CS-72-LS-CUSH",""
"FIN-BRK-COR-SOF-72X34-RS","clean","SA-BRO-CS-72-RS-FRAME | SA-BRO-CS-72-RS-CUSH",""
"FIN-BRK-COR-SOF-72X34-RS-BE","clean","SA-BRO-CS-72-RS-FRAME | SA-BRO-CS-72-RS-CUSH",""
"FIN-BRK-COR-SOF-72X34-RS-BO","clean","SA-BRO-CS-72-RS-FRAME | SA-BRO-CS-72-RS-CUSH",""
"FIN-BRK-COR-SOF-72X34-RS-BR","clean","SA-BRO-CS-72-RS-FRAME | SA-BRO-CS-72-RS-CUSH",""
"FIN-BRK-COR-SOF-72X34-RS-GR","clean","SA-BRO-CS-72-RS-FRAME | SA-BRO-CS-72-RS-CUSH",""
"FIN-BRK-COR-SOF-72X34-RS-WH","clean","SA-BRO-CS-72-RS-FRAME | SA-BRO-CS-72-RS-CUSH",""
"FIN-BRK-COR-SOF-84X34-LS","clean","SA-BRO-CS-84-LS-FRAME | SA-BRO-CS-84-LS-CUSH",""
"FIN-BRK-COR-SOF-84X34-LS-BE","clean","SA-BRO-CS-84-LS-FRAME | SA-BRO-CS-84-LS-CUSH",""
"FIN-BRK-COR-SOF-84X34-LS-BO","clean","SA-BRO-CS-84-LS-FRAME | SA-BRO-CS-84-LS-CUSH",""
"FIN-BRK-COR-SOF-84X34-LS-BR","clean","SA-BRO-CS-84-LS-FRAME | SA-BRO-CS-84-LS-CUSH",""
"FIN-BRK-COR-SOF-84X34-LS-GR","clean","SA-BRO-CS-84-LS-FRAME | SA-BRO-CS-84-LS-CUSH",""
"FIN-BRK-COR-SOF-84X34-LS-WH","clean","SA-BRO-CS-84-LS-FRAME | SA-BRO-CS-84-LS-CUSH",""
"FIN-BRK-COR-SOF-84X34-RS","clean","SA-BRO-CS-84-RS-FRAME | SA-BRO-CS-84-RS-CUSH",""
"FIN-BRK-COR-SOF-84X34-RS-BE","clean","SA-BRO-CS-84-RS-FRAME | SA-BRO-CS-84-RS-CUSH",""
"FIN-BRK-COR-SOF-84X34-RS-BO","clean","SA-BRO-CS-84-RS-FRAME | SA-BRO-CS-84-RS-CUSH",""
"FIN-BRK-COR-SOF-84X34-RS-BR","clean","SA-BRO-CS-84-RS-FRAME | SA-BRO-CS-84-RS-CUSH",""
"FIN-BRK-COR-SOF-84X34-RS-GR","clean","SA-BRO-CS-84-RS-FRAME | SA-BRO-CS-84-RS-CUSH",""
"FIN-BRK-COR-SOF-84X34-RS-WH","clean","SA-BRO-CS-84-RS-FRAME | SA-BRO-CS-84-RS-CUSH",""
"FIN-BRK-COR-SOF-96X34-LS","clean","SA-BRO-CS-96-LS-FRAME | SA-BRO-CS-96-LS-CUSH",""
"FIN-BRK-COR-SOF-96X34-LS-BE","clean","SA-BRO-CS-96-LS-FRAME | SA-BRO-CS-96-LS-CUSH",""
"FIN-BRK-COR-SOF-96X34-LS-BO","clean","SA-BRO-CS-96-LS-FRAME | SA-BRO-CS-96-LS-CUSH",""
"FIN-BRK-COR-SOF-96X34-LS-BR","clean","SA-BRO-CS-96-LS-FRAME | SA-BRO-CS-96-LS-CUSH",""
"FIN-BRK-COR-SOF-96X34-LS-GR","clean","SA-BRO-CS-96-LS-FRAME | SA-BRO-CS-96-LS-CUSH",""
"FIN-BRK-COR-SOF-96X34-LS-WH","clean","SA-BRO-CS-96-LS-FRAME | SA-BRO-CS-96-LS-CUSH",""
"FIN-BRK-COR-SOF-96X34-RS","clean","SA-BRO-CS-96-RS-FRAME | SA-BRO-CS-96-RS-CUSH",""
"FIN-BRK-COR-SOF-96X34-RS-BE","clean","SA-BRO-CS-96-RS-FRAME | SA-BRO-CS-96-RS-CUSH",""
"FIN-BRK-COR-SOF-96X34-RS-BO","clean","SA-BRO-CS-96-RS-FRAME | SA-BRO-CS-96-RS-CUSH",""
"FIN-BRK-COR-SOF-96X34-RS-BR","clean","SA-BRO-CS-96-RS-FRAME | SA-BRO-CS-96-RS-CUSH",""
"FIN-BRK-COR-SOF-96X34-RS-GR","clean","SA-BRO-CS-96-RS-FRAME | SA-BRO-CS-96-RS-CUSH",""
"FIN-BRK-COR-SOF-96X34-RS-WH","clean","SA-BRO-CS-96-RS-FRAME | SA-BRO-CS-96-RS-CUSH",""
"FIN-BRK-DIN-TAB-120X28","conflicting_bom","RM-DKT-GENERIC-SLAB","ASM-BRK-DIN-TAB-120X28-FRAME"
"FIN-BRK-DIN-TAB-120X36","conflicting_bom","RM-DKT-GENERIC-SLAB","ASM-BRK-DIN-TAB-120X36-FRAME"
"FIN-BRK-DIN-TAB-28X120","conflicting_bom","RM-DKT-GENERIC-SLAB","ASM-BRK-DIN-TAB-28X120-FRAME"
"FIN-BRK-DIN-TAB-28X72","conflicting_bom","RM-DKT-GENERIC-SLAB","ASM-BRK-DIN-TAB-28X72-FRAME"
"FIN-BRK-DIN-TAB-28X96","conflicting_bom","RM-DKT-GENERIC-SLAB","ASM-BRK-DIN-TAB-28X96-FRAME"
"FIN-BRK-DIN-TAB-36X120","conflicting_bom","RM-DKT-GENERIC-SLAB","ASM-BRK-DIN-TAB-36X120-FRAME"
"FIN-BRK-DIN-TAB-36X36","conflicting_bom","RM-DKT-GENERIC-SLAB","ASM-BRK-DIN-TAB-36X36-FRAME"
"FIN-BRK-DIN-TAB-36X72","conflicting_bom","RM-DKT-GENERIC-SLAB","ASM-BRK-DIN-TAB-36X72-FRAME"
"FIN-BRK-DIN-TAB-36X72-STARLEG","conflicting_bom","RM-DKT-GENERIC-SLAB","ASM-BRK-DIN-TAB-36X72-FRAME"
"FIN-BRK-DIN-TAB-36X96","conflicting_bom","RM-DKT-GENERIC-SLAB","ASM-BRK-DIN-TAB-36X96-FRAME"
"FIN-BRK-DIN-TAB-42X42","conflicting_bom","RM-DKT-GENERIC-SLAB","ASM-BRK-DIN-TAB-42X42-FRAME"
"FIN-BRK-DIN-TAB-72X28","conflicting_bom","RM-DKT-GENERIC-SLAB","ASM-BRK-DIN-TAB-72X28-FRAME"
"FIN-BRK-DIN-TAB-72X36","conflicting_bom","RM-DKT-GENERIC-SLAB","ASM-BRK-DIN-TAB-72X36-FRAME"
"FIN-BRK-DIN-TAB-96X28","conflicting_bom","RM-DKT-GENERIC-SLAB","ASM-BRK-DIN-TAB-96X28-FRAME"
"FIN-BRK-DIN-TAB-96X36","conflicting_bom","RM-DKT-GENERIC-SLAB","ASM-BRK-DIN-TAB-96X36-FRAME"
"FIN-BRK-SOF-72X34","clean","SA-BRO-S-72-FRAME | SA-BRO-S-72-CUSH",""
"FIN-BRK-SOF-72X34-BE","clean","SA-BRO-S-72-FRAME | SA-BRO-S-72-CUSH",""
"FIN-BRK-SOF-72X34-BO","clean","SA-BRO-S-72-FRAME | SA-BRO-S-72-CUSH",""
"FIN-BRK-SOF-72X34-BR","clean","SA-BRO-S-72-FRAME | SA-BRO-S-72-CUSH",""
"FIN-BRK-SOF-72X34-GR","clean","SA-BRO-S-72-FRAME | SA-BRO-S-72-CUSH",""
"FIN-BRK-SOF-72X34-WH","clean","SA-BRO-S-72-FRAME | SA-BRO-S-72-CUSH",""
"FIN-BRK-SOF-84X34","clean","SA-BRO-S-84-FRAME | SA-BRO-S-84-CUSH",""
"FIN-BRK-SOF-84X34-BE","clean","SA-BRO-S-84-FRAME | SA-BRO-S-84-CUSH",""
"FIN-BRK-SOF-84X34-BO","clean","SA-BRO-S-84-FRAME | SA-BRO-S-84-CUSH",""
"FIN-BRK-SOF-84X34-BR","clean","SA-BRO-S-84-FRAME | SA-BRO-S-84-CUSH",""
"FIN-BRK-SOF-84X34-GR","clean","SA-BRO-S-84-FRAME | SA-BRO-S-84-CUSH",""
"FIN-BRK-SOF-84X34-WH","clean","SA-BRO-S-84-FRAME | SA-BRO-S-84-CUSH",""
"FIN-BRK-SOF-96X34","clean","SA-BRO-S-96-FRAME | SA-BRO-S-96-CUSH",""
"FIN-BRK-SOF-96X34-BE","clean","SA-BRO-S-96-FRAME | SA-BRO-S-96-CUSH",""
"FIN-BRK-SOF-96X34-BO","clean","SA-BRO-S-96-FRAME | SA-BRO-S-96-CUSH",""
"FIN-BRK-SOF-96X34-BR","clean","SA-BRO-S-96-FRAME | SA-BRO-S-96-CUSH",""
"FIN-BRK-SOF-96X34-GR","clean","SA-BRO-S-96-FRAME | SA-BRO-S-96-CUSH",""
"FIN-BRK-SOF-96X34-WH","clean","SA-BRO-S-96-FRAME | SA-BRO-S-96-CUSH",""
"FIN-BRV-ARM-LOV-60","clean","SA-BRA-AL-60-FRAME | SA-BRA-AL-60-CUSH",""
"FIN-BRV-ARM-LOV-60-BE","clean","SA-BRA-AL-60-FRAME | SA-BRA-AL-60-CUSH",""
"FIN-BRV-ARM-LOV-60-BO","clean","SA-BRA-AL-60-FRAME | SA-BRA-AL-60-CUSH",""
"FIN-BRV-ARM-LOV-60-BR","clean","SA-BRA-AL-60-FRAME | SA-BRA-AL-60-CUSH",""
"FIN-BRV-ARM-LOV-60-GR","clean","SA-BRA-AL-60-FRAME | SA-BRA-AL-60-CUSH",""
"FIN-BRV-ARM-LOV-60-WH","clean","SA-BRA-AL-60-FRAME | SA-BRA-AL-60-CUSH",""
"FIN-BRV-ARM-SOF-72","clean","SA-BRA-AS-72-FRAME | SA-BRA-AS-72-CUSH",""
"FIN-BRV-ARM-SOF-72-BE","clean","SA-BRA-AS-72-FRAME | SA-BRA-AS-72-CUSH",""
"FIN-BRV-ARM-SOF-72-BO","clean","SA-BRA-AS-72-FRAME | SA-BRA-AS-72-CUSH",""
"FIN-BRV-ARM-SOF-72-BR","clean","SA-BRA-AS-72-FRAME | SA-BRA-AS-72-CUSH",""
"FIN-BRV-ARM-SOF-72-GR","clean","SA-BRA-AS-72-FRAME | SA-BRA-AS-72-CUSH",""
"FIN-BRV-ARM-SOF-72-WH","clean","SA-BRA-AS-72-FRAME | SA-BRA-AS-72-CUSH",""
"FIN-BRV-ARM-SOF-84","clean","SA-BRA-AS-84-FRAME | SA-BRA-AS-84-CUSH",""
"FIN-BRV-ARM-SOF-84-BE","clean","SA-BRA-AS-84-FRAME | SA-BRA-AS-84-CUSH",""
"FIN-BRV-ARM-SOF-84-BO","clean","SA-BRA-AS-84-FRAME | SA-BRA-AS-84-CUSH",""
"FIN-BRV-ARM-SOF-84-BR","clean","SA-BRA-AS-84-FRAME | SA-BRA-AS-84-CUSH",""
"FIN-BRV-ARM-SOF-84-GR","clean","SA-BRA-AS-84-FRAME | SA-BRA-AS-84-CUSH",""
"FIN-BRV-ARM-SOF-84-WH","clean","SA-BRA-AS-84-FRAME | SA-BRA-AS-84-CUSH",""
"FIN-BRV-ARM-SOF-96","clean","SA-BRA-AS-96-FRAME | SA-BRA-AS-96-CUSH",""
"FIN-BRV-ARM-SOF-96-BE","clean","SA-BRA-AS-96-FRAME | SA-BRA-AS-96-CUSH",""
"FIN-BRV-ARM-SOF-96-BO","clean","SA-BRA-AS-96-FRAME | SA-BRA-AS-96-CUSH",""
"FIN-BRV-ARM-SOF-96-BR","clean","SA-BRA-AS-96-FRAME | SA-BRA-AS-96-CUSH",""
"FIN-BRV-ARM-SOF-96-GR","clean","SA-BRA-AS-96-FRAME | SA-BRA-AS-96-CUSH",""
"FIN-BRV-ARM-SOF-96-WH","clean","SA-BRA-AS-96-FRAME | SA-BRA-AS-96-CUSH",""
"FIN-BRV-CHS-34X72-LS","clean","SA-BRA-C-34X72-LS-FRAME | SA-BRA-C-34X72-LS-CUSH",""
"FIN-BRV-CHS-34X72-LS-BE","clean","SA-BRA-C-34X72-LS-FRAME | SA-BRA-C-34X72-LS-CUSH",""
"FIN-BRV-CHS-34X72-LS-BO","clean","SA-BRA-C-34X72-LS-FRAME | SA-BRA-C-34X72-LS-CUSH",""
"FIN-BRV-CHS-34X72-LS-BR","clean","SA-BRA-C-34X72-LS-FRAME | SA-BRA-C-34X72-LS-CUSH",""
"FIN-BRV-CHS-34X72-LS-GR","clean","SA-BRA-C-34X72-LS-FRAME | SA-BRA-C-34X72-LS-CUSH",""
"FIN-BRV-CHS-34X72-LS-WH","clean","SA-BRA-C-34X72-LS-FRAME | SA-BRA-C-34X72-LS-CUSH",""
"FIN-BRV-CHS-34X72-RS","clean","SA-BRA-C-34X72-RS-FRAME | SA-BRA-C-34X72-RS-CUSH",""
"FIN-BRV-CHS-34X72-RS-BE","clean","SA-BRA-C-34X72-RS-FRAME | SA-BRA-C-34X72-RS-CUSH",""
"FIN-BRV-CHS-34X72-RS-BO","clean","SA-BRA-C-34X72-RS-FRAME | SA-BRA-C-34X72-RS-CUSH",""
"FIN-BRV-CHS-34X72-RS-BR","clean","SA-BRA-C-34X72-RS-FRAME | SA-BRA-C-34X72-RS-CUSH",""
"FIN-BRV-CHS-34X72-RS-GR","clean","SA-BRA-C-34X72-RS-FRAME | SA-BRA-C-34X72-RS-CUSH",""
"FIN-BRV-CHS-34X72-RS-WH","clean","SA-BRA-C-34X72-RS-FRAME | SA-BRA-C-34X72-RS-CUSH",""
"FIN-BRV-CHS-34X84-LS","clean","SA-BRA-C-34X84-LS-FRAME | SA-BRA-C-34X84-LS-CUSH",""
"FIN-BRV-CHS-34X84-LS-BE","clean","SA-BRA-C-34X84-LS-FRAME | SA-BRA-C-34X84-LS-CUSH",""
"FIN-BRV-CHS-34X84-LS-BO","clean","SA-BRA-C-34X84-LS-FRAME | SA-BRA-C-34X84-LS-CUSH",""
"FIN-BRV-CHS-34X84-LS-BR","clean","SA-BRA-C-34X84-LS-FRAME | SA-BRA-C-34X84-LS-CUSH",""
"FIN-BRV-CHS-34X84-LS-GR","clean","SA-BRA-C-34X84-LS-FRAME | SA-BRA-C-34X84-LS-CUSH",""
"FIN-BRV-CHS-34X84-LS-WH","clean","SA-BRA-C-34X84-LS-FRAME | SA-BRA-C-34X84-LS-CUSH",""
"FIN-BRV-CHS-34X84-RS","clean","SA-BRA-C-34X84-RS-FRAME | SA-BRA-C-34X84-RS-CUSH",""
"FIN-BRV-CHS-34X84-RS-BE","clean","SA-BRA-C-34X84-RS-FRAME | SA-BRA-C-34X84-RS-CUSH",""
"FIN-BRV-CHS-34X84-RS-BO","clean","SA-BRA-C-34X84-RS-FRAME | SA-BRA-C-34X84-RS-CUSH",""
"FIN-BRV-CHS-34X84-RS-BR","clean","SA-BRA-C-34X84-RS-FRAME | SA-BRA-C-34X84-RS-CUSH",""
"FIN-BRV-CHS-34X84-RS-GR","clean","SA-BRA-C-34X84-RS-FRAME | SA-BRA-C-34X84-RS-CUSH",""
"FIN-BRV-CHS-34X84-RS-WH","clean","SA-BRA-C-34X84-RS-FRAME | SA-BRA-C-34X84-RS-CUSH",""
"FIN-BRV-CHS-42X72-LS","clean","SA-BRA-C-42X72-LS-FRAME | SA-BRA-C-42X72-LS-CUSH",""
"FIN-BRV-CHS-42X72-LS-BE","clean","SA-BRA-C-42X72-LS-FRAME | SA-BRA-C-42X72-LS-CUSH",""
"FIN-BRV-CHS-42X72-LS-BO","clean","SA-BRA-C-42X72-LS-FRAME | SA-BRA-C-42X72-LS-CUSH",""
"FIN-BRV-CHS-42X72-LS-BR","clean","SA-BRA-C-42X72-LS-FRAME | SA-BRA-C-42X72-LS-CUSH",""
"FIN-BRV-CHS-42X72-LS-GR","clean","SA-BRA-C-42X72-LS-FRAME | SA-BRA-C-42X72-LS-CUSH",""
"FIN-BRV-CHS-42X72-LS-WH","clean","SA-BRA-C-42X72-LS-FRAME | SA-BRA-C-42X72-LS-CUSH",""
"FIN-BRV-CHS-42X72-RS","clean","SA-BRA-C-42X72-RS-FRAME | SA-BRA-C-42X72-RS-CUSH",""
"FIN-BRV-CHS-42X72-RS-BE","clean","SA-BRA-C-42X72-RS-FRAME | SA-BRA-C-42X72-RS-CUSH",""
"FIN-BRV-CHS-42X72-RS-BO","clean","SA-BRA-C-42X72-RS-FRAME | SA-BRA-C-42X72-RS-CUSH",""
"FIN-BRV-CHS-42X72-RS-BR","clean","SA-BRA-C-42X72-RS-FRAME | SA-BRA-C-42X72-RS-CUSH",""
"FIN-BRV-CHS-42X72-RS-GR","clean","SA-BRA-C-42X72-RS-FRAME | SA-BRA-C-42X72-RS-CUSH",""
"FIN-BRV-CHS-42X72-RS-WH","clean","SA-BRA-C-42X72-RS-FRAME | SA-BRA-C-42X72-RS-CUSH",""
"FIN-BRV-CHS-42X84-LS","clean","SA-BRA-C-42X84-LS-FRAME | SA-BRA-C-42X84-LS-CUSH",""
"FIN-BRV-CHS-42X84-LS-BE","clean","SA-BRA-C-42X84-LS-FRAME | SA-BRA-C-42X84-LS-CUSH",""
"FIN-BRV-CHS-42X84-LS-BO","clean","SA-BRA-C-42X84-LS-FRAME | SA-BRA-C-42X84-LS-CUSH",""
"FIN-BRV-CHS-42X84-LS-BR","clean","SA-BRA-C-42X84-LS-FRAME | SA-BRA-C-42X84-LS-CUSH",""
"FIN-BRV-CHS-42X84-LS-GR","clean","SA-BRA-C-42X84-LS-FRAME | SA-BRA-C-42X84-LS-CUSH",""
"FIN-BRV-CHS-42X84-LS-WH","clean","SA-BRA-C-42X84-LS-FRAME | SA-BRA-C-42X84-LS-CUSH",""
"FIN-BRV-CHS-42X84-RS","clean","SA-BRA-C-42X84-RS-FRAME | SA-BRA-C-42X84-RS-CUSH",""
"FIN-BRV-CHS-42X84-RS-BE","clean","SA-BRA-C-42X84-RS-FRAME | SA-BRA-C-42X84-RS-CUSH",""
"FIN-BRV-CHS-42X84-RS-BO","clean","SA-BRA-C-42X84-RS-FRAME | SA-BRA-C-42X84-RS-CUSH",""
"FIN-BRV-CHS-42X84-RS-BR","clean","SA-BRA-C-42X84-RS-FRAME | SA-BRA-C-42X84-RS-CUSH",""
"FIN-BRV-CHS-42X84-RS-GR","clean","SA-BRA-C-42X84-RS-FRAME | SA-BRA-C-42X84-RS-CUSH",""
"FIN-BRV-CHS-42X84-RS-WH","clean","SA-BRA-C-42X84-RS-FRAME | SA-BRA-C-42X84-RS-CUSH",""
"FIN-BRV-COF-TAB-28X42","conflicting_bom","RM-DKT-GENERIC-SLAB","ASM-BRV-COF-TAB-28X42-FRAME"
"FIN-BRV-COF-TAB-36X36","clean","SA-BRA-CT-36X36-FRAME | RM-DKT-GENERIC-SLAB",""
"FIN-BRV-COF-TAB-36X36-BE","clean","SA-BRA-CT-36X36-FRAME | RM-DKT-GENERIC-SLAB",""
"FIN-BRV-COF-TAB-36X36-BO","clean","SA-BRA-CT-36X36-FRAME | RM-DKT-GENERIC-SLAB",""
"FIN-BRV-COF-TAB-36X36-BR","clean","SA-BRA-CT-36X36-FRAME | RM-DKT-GENERIC-SLAB",""
"FIN-BRV-COF-TAB-36X36-GR","clean","SA-BRA-CT-36X36-FRAME | RM-DKT-GENERIC-SLAB",""
"FIN-BRV-COF-TAB-36X36-WT","clean","SA-BRA-CT-36X36-FRAME | RM-DKT-GENERIC-SLAB",""
"FIN-BRV-COF-TAB-36X56","conflicting_bom","RM-DKT-GENERIC-SLAB","ASM-BRV-COF-TAB-36X56-FRAME"
"FIN-BRV-COF-TAB-42X28","clean","SA-BRA-CT-42X28-FRAME | RM-DKT-GENERIC-SLAB",""
"FIN-BRV-COF-TAB-42X28-BE","clean","SA-BRA-CT-42X28-FRAME | RM-DKT-GENERIC-SLAB",""
"FIN-BRV-COF-TAB-42X28-BO","clean","SA-BRA-CT-42X28-FRAME | RM-DKT-GENERIC-SLAB",""
"FIN-BRV-COF-TAB-42X28-BR","clean","SA-BRA-CT-42X28-FRAME | RM-DKT-GENERIC-SLAB",""
"FIN-BRV-COF-TAB-42X28-GR","clean","SA-BRA-CT-42X28-FRAME | RM-DKT-GENERIC-SLAB",""
"FIN-BRV-COF-TAB-42X28-WH","clean","SA-BRA-CT-42X28-FRAME | RM-DKT-GENERIC-SLAB",""
"FIN-BRV-COF-TAB-42X42","clean","SA-BRA-CT-42X42-FRAME | RM-DKT-GENERIC-SLAB",""
"FIN-BRV-COF-TAB-42X42-BE","clean","SA-BRA-CT-42X42-FRAME | RM-DKT-GENERIC-SLAB",""
"FIN-BRV-COF-TAB-42X42-BO","clean","SA-BRA-CT-42X42-FRAME | RM-DKT-GENERIC-SLAB",""
"FIN-BRV-COF-TAB-42X42-BR","clean","SA-BRA-CT-42X42-FRAME | RM-DKT-GENERIC-SLAB",""
"FIN-BRV-COF-TAB-42X42-GR","clean","SA-BRA-CT-42X42-FRAME | RM-DKT-GENERIC-SLAB",""
"FIN-BRV-COF-TAB-42X42-WH","clean","SA-BRA-CT-42X42-FRAME | RM-DKT-GENERIC-SLAB",""
"FIN-BRV-COF-TAB-42X56","conflicting_bom","RM-DKT-GENERIC-SLAB","ASM-BRV-COF-TAB-42X56-FRAME"
"FIN-BRV-COF-TAB-42X72","conflicting_bom","RM-DKT-GENERIC-SLAB","ASM-BRV-COF-TAB-42X72-FRAME"
"FIN-BRV-COF-TAB-56X28","clean","SA-BRA-CT-56X28-FRAME | RM-DKT-GENERIC-SLAB",""
"FIN-BRV-COF-TAB-56X28-BE","clean","SA-BRA-CT-56X28-FRAME | RM-DKT-GENERIC-SLAB",""
"FIN-BRV-COF-TAB-56X28-BO","clean","SA-BRA-CT-56X28-FRAME | RM-DKT-GENERIC-SLAB",""
"FIN-BRV-COF-TAB-56X28-BR","clean","SA-BRA-CT-56X28-FRAME | RM-DKT-GENERIC-SLAB",""
"FIN-BRV-COF-TAB-56X28-GR","clean","SA-BRA-CT-56X28-FRAME | RM-DKT-GENERIC-SLAB",""
"FIN-BRV-COF-TAB-56X28-WH","clean","SA-BRA-CT-56X28-FRAME | RM-DKT-GENERIC-SLAB",""
"FIN-BRV-COF-TAB-56X36","clean","SA-BRA-CT-56X36-FRAME | RM-DKT-GENERIC-SLAB",""
"FIN-BRV-COF-TAB-56X36-BE","clean","SA-BRA-CT-56X36-FRAME | RM-DKT-GENERIC-SLAB",""
"FIN-BRV-COF-TAB-56X36-BO","clean","SA-BRA-CT-56X36-FRAME | RM-DKT-GENERIC-SLAB",""
"FIN-BRV-COF-TAB-56X36-BR","clean","SA-BRA-CT-56X36-FRAME | RM-DKT-GENERIC-SLAB",""
"FIN-BRV-COF-TAB-56X36-GR","clean","SA-BRA-CT-56X36-FRAME | RM-DKT-GENERIC-SLAB",""
"FIN-BRV-COF-TAB-56X36-WH","clean","SA-BRA-CT-56X36-FRAME | RM-DKT-GENERIC-SLAB",""
"FIN-BRV-COF-TAB-56X42","clean","SA-BRA-CT-56X42-FRAME | RM-DKT-GENERIC-SLAB",""
"FIN-BRV-COF-TAB-56X42-BE","clean","SA-BRA-CT-56X42-FRAME | RM-DKT-GENERIC-SLAB",""
"FIN-BRV-COF-TAB-56X42-BO","clean","SA-BRA-CT-56X42-FRAME | RM-DKT-GENERIC-SLAB",""
"FIN-BRV-COF-TAB-56X42-BR","clean","SA-BRA-CT-56X42-FRAME | RM-DKT-GENERIC-SLAB",""
"FIN-BRV-COF-TAB-56X42-GR","clean","SA-BRA-CT-56X42-FRAME | RM-DKT-GENERIC-SLAB",""
"FIN-BRV-COF-TAB-56X42-WH","clean","SA-BRA-CT-56X42-FRAME | RM-DKT-GENERIC-SLAB",""
"FIN-BRV-COF-TAB-56X56","clean","SA-BRA-CT-56X56-FRAME | RM-DKT-GENERIC-SLAB",""
"FIN-BRV-COF-TAB-56X56-BE","clean","SA-BRA-CT-56X56-FRAME | RM-DKT-GENERIC-SLAB",""
"FIN-BRV-COF-TAB-56X56-BO","clean","SA-BRA-CT-56X56-FRAME | RM-DKT-GENERIC-SLAB",""
"FIN-BRV-COF-TAB-56X56-BR","clean","SA-BRA-CT-56X56-FRAME | RM-DKT-GENERIC-SLAB",""
"FIN-BRV-COF-TAB-56X56-GR","clean","SA-BRA-CT-56X56-FRAME | RM-DKT-GENERIC-SLAB",""
"FIN-BRV-COF-TAB-56X56-WH","clean","SA-BRA-CT-56X56-FRAME | RM-DKT-GENERIC-SLAB",""
"FIN-BRV-COF-TAB-56X72","conflicting_bom","RM-DKT-GENERIC-SLAB","ASM-BRV-COF-TAB-56X72-FRAME"
"FIN-BRV-COF-TAB-72X36","clean","SA-BRA-CT-72X36-FRAME | RM-DKT-GENERIC-SLAB",""
"FIN-BRV-COF-TAB-72X36-BE","clean","SA-BRA-CT-72X36-FRAME | RM-DKT-GENERIC-SLAB",""
"FIN-BRV-COF-TAB-72X36-BO","clean","SA-BRA-CT-72X36-FRAME | RM-DKT-GENERIC-SLAB",""
"FIN-BRV-COF-TAB-72X36-BR","clean","SA-BRA-CT-72X36-FRAME | RM-DKT-GENERIC-SLAB",""
"FIN-BRV-COF-TAB-72X36-GR","clean","SA-BRA-CT-72X36-FRAME | RM-DKT-GENERIC-SLAB",""
"FIN-BRV-COF-TAB-72X36-WH","clean","SA-BRA-CT-72X36-FRAME | RM-DKT-GENERIC-SLAB",""
"FIN-BRV-COF-TAB-72X42","clean","SA-BRA-CT-72X42-FRAME | RM-DKT-GENERIC-SLAB",""
"FIN-BRV-COF-TAB-72X42-BE","clean","SA-BRA-CT-72X42-FRAME | RM-DKT-GENERIC-SLAB",""
"FIN-BRV-COF-TAB-72X42-BO","clean","SA-BRA-CT-72X42-FRAME | RM-DKT-GENERIC-SLAB",""
"FIN-BRV-COF-TAB-72X42-BR","clean","SA-BRA-CT-72X42-FRAME | RM-DKT-GENERIC-SLAB",""
"FIN-BRV-COF-TAB-72X42-GR","clean","SA-BRA-CT-72X42-FRAME | RM-DKT-GENERIC-SLAB",""
"FIN-BRV-COF-TAB-72X42-WH","clean","SA-BRA-CT-72X42-FRAME | RM-DKT-GENERIC-SLAB",""
"FIN-BRV-COF-TAB-72X56","clean","SA-BRA-CT-72X56-FRAME | RM-DKT-GENERIC-SLAB",""
"FIN-BRV-COF-TAB-72X56-BE","clean","SA-BRA-CT-72X56-FRAME | RM-DKT-GENERIC-SLAB",""
"FIN-BRV-COF-TAB-72X56-BO","clean","SA-BRA-CT-72X56-FRAME | RM-DKT-GENERIC-SLAB",""
"FIN-BRV-COF-TAB-72X56-BR","clean","SA-BRA-CT-72X56-FRAME | RM-DKT-GENERIC-SLAB",""
"FIN-BRV-COF-TAB-72X56-GR","clean","SA-BRA-CT-72X56-FRAME | RM-DKT-GENERIC-SLAB",""
"FIN-BRV-COF-TAB-72X56-WH","clean","SA-BRA-CT-72X56-FRAME | RM-DKT-GENERIC-SLAB",""
"FIN-BRV-COR-SOF-72X34-LS","clean","SA-BRA-CS-72-LS-FRAME | SA-BRA-CS-72-LS-CUSH",""
"FIN-BRV-COR-SOF-72X34-LS-BE","clean","SA-BRA-CS-72-LS-FRAME | SA-BRA-CS-72-LS-CUSH",""
"FIN-BRV-COR-SOF-72X34-LS-BO","clean","SA-BRA-CS-72-LS-FRAME | SA-BRA-CS-72-LS-CUSH",""
"FIN-BRV-COR-SOF-72X34-LS-BR","clean","SA-BRA-CS-72-LS-FRAME | SA-BRA-CS-72-LS-CUSH",""
"FIN-BRV-COR-SOF-72X34-LS-GR","clean","SA-BRA-CS-72-LS-FRAME | SA-BRA-CS-72-LS-CUSH",""
"FIN-BRV-COR-SOF-72X34-LS-WH","clean","SA-BRA-CS-72-LS-FRAME | SA-BRA-CS-72-LS-CUSH",""
"FIN-BRV-COR-SOF-72X34-RS","clean","SA-BRA-CS-72-RS-FRAME | SA-BRA-CS-72-RS-CUSH",""
"FIN-BRV-COR-SOF-72X34-RS-BE","clean","SA-BRA-CS-72-RS-FRAME | SA-BRA-CS-72-RS-CUSH",""
"FIN-BRV-COR-SOF-72X34-RS-BO","clean","SA-BRA-CS-72-RS-FRAME | SA-BRA-CS-72-RS-CUSH",""
"FIN-BRV-COR-SOF-72X34-RS-BR","clean","SA-BRA-CS-72-RS-FRAME | SA-BRA-CS-72-RS-CUSH",""
"FIN-BRV-COR-SOF-72X34-RS-GR","clean","SA-BRA-CS-72-RS-FRAME | SA-BRA-CS-72-RS-CUSH",""
"FIN-BRV-COR-SOF-72X34-RS-WH","clean","SA-BRA-CS-72-RS-FRAME | SA-BRA-CS-72-RS-CUSH",""
"FIN-BRV-COR-SOF-84X34-LS","clean","SA-BRA-CS-84-LS-FRAME | SA-BRA-CS-84-LS-CUSH",""
"FIN-BRV-COR-SOF-84X34-LS-BE","clean","SA-BRA-CS-84-LS-FRAME | SA-BRA-CS-84-LS-CUSH",""
"FIN-BRV-COR-SOF-84X34-LS-BO","clean","SA-BRA-CS-84-LS-FRAME | SA-BRA-CS-84-LS-CUSH",""
"FIN-BRV-COR-SOF-84X34-LS-BR","clean","SA-BRA-CS-84-LS-FRAME | SA-BRA-CS-84-LS-CUSH",""
"FIN-BRV-COR-SOF-84X34-LS-GR","clean","SA-BRA-CS-84-LS-FRAME | SA-BRA-CS-84-LS-CUSH",""
"FIN-BRV-COR-SOF-84X34-LS-WH","clean","SA-BRA-CS-84-LS-FRAME | SA-BRA-CS-84-LS-CUSH",""
"FIN-BRV-COR-SOF-84X34-RS","clean","SA-BRA-CS-84-RS-FRAME | SA-BRA-CS-84-RS-CUSH",""
"FIN-BRV-COR-SOF-84X34-RS-BE","clean","SA-BRA-CS-84-RS-FRAME | SA-BRA-CS-84-RS-CUSH",""
"FIN-BRV-COR-SOF-84X34-RS-BO","clean","SA-BRA-CS-84-RS-FRAME | SA-BRA-CS-84-RS-CUSH",""
"FIN-BRV-COR-SOF-84X34-RS-BR","clean","SA-BRA-CS-84-RS-FRAME | SA-BRA-CS-84-RS-CUSH",""
"FIN-BRV-COR-SOF-84X34-RS-GR","clean","SA-BRA-CS-84-RS-FRAME | SA-BRA-CS-84-RS-CUSH",""
"FIN-BRV-COR-SOF-84X34-RS-WH","clean","SA-BRA-CS-84-RS-FRAME | SA-BRA-CS-84-RS-CUSH",""
"FIN-BRV-COR-SOF-96X34-LS","clean","SA-BRA-CS-96-LS-FRAME | SA-BRA-CS-96-LS-CUSH",""
"FIN-BRV-COR-SOF-96X34-LS-BE","clean","SA-BRA-CS-96-LS-FRAME | SA-BRA-CS-96-LS-CUSH",""
"FIN-BRV-COR-SOF-96X34-LS-BO","clean","SA-BRA-CS-96-LS-FRAME | SA-BRA-CS-96-LS-CUSH",""
"FIN-BRV-COR-SOF-96X34-LS-BR","clean","SA-BRA-CS-96-LS-FRAME | SA-BRA-CS-96-LS-CUSH",""
"FIN-BRV-COR-SOF-96X34-LS-GR","clean","SA-BRA-CS-96-LS-FRAME | SA-BRA-CS-96-LS-CUSH",""
"FIN-BRV-COR-SOF-96X34-LS-WH","clean","SA-BRA-CS-96-LS-FRAME | SA-BRA-CS-96-LS-CUSH",""
"FIN-BRV-COR-SOF-96X34-RS","clean","SA-BRA-CS-96-RS-FRAME | SA-BRA-CS-96-RS-CUSH",""
"FIN-BRV-COR-SOF-96X34-RS-BE","clean","SA-BRA-CS-96-RS-FRAME | SA-BRA-CS-96-RS-CUSH",""
"FIN-BRV-COR-SOF-96X34-RS-BO","clean","SA-BRA-CS-96-RS-FRAME | SA-BRA-CS-96-RS-CUSH",""
"FIN-BRV-COR-SOF-96X34-RS-BR","clean","SA-BRA-CS-96-RS-FRAME | SA-BRA-CS-96-RS-CUSH",""
"FIN-BRV-COR-SOF-96X34-RS-GR","clean","SA-BRA-CS-96-RS-FRAME | SA-BRA-CS-96-RS-CUSH",""
"FIN-BRV-COR-SOF-96X34-RS-WH","clean","SA-BRA-CS-96-RS-FRAME | SA-BRA-CS-96-RS-CUSH",""
"FIN-BRV-DYB-72X78","clean","SA-BRA-CADA-72X78-FRAME | SA-BRA-CADA-72X78-CUSH",""
"FIN-BRV-DYB-72X78-BE","clean","SA-BRA-CADA-72X78-FRAME | SA-BRA-CADA-72X78-CUSH",""
"FIN-BRV-DYB-72X78-BO","clean","SA-BRA-CADA-72X78-FRAME | SA-BRA-CADA-72X78-CUSH",""
"FIN-BRV-DYB-72X78-BR","clean","SA-BRA-CADA-72X78-FRAME | SA-BRA-CADA-72X78-CUSH",""
"FIN-BRV-DYB-72X78-GR","clean","SA-BRA-CADA-72X78-FRAME | SA-BRA-CADA-72X78-CUSH",""
"FIN-BRV-DYB-72X78-WH","clean","SA-BRA-CADA-72X78-FRAME | SA-BRA-CADA-72X78-CUSH",""
"FIN-BRV-DYB-78X72","clean","SA-BRA-CADA-72X78-FRAME | SA-BRA-CADA-72X78-CUSH",""
"FIN-BRV-DYB-78X72-BE","clean","SA-BRA-CADA-72X78-FRAME | SA-BRA-CADA-72X78-CUSH",""
"FIN-BRV-DYB-78X72-BO","clean","SA-BRA-CADA-72X78-FRAME | SA-BRA-CADA-72X78-CUSH",""
"FIN-BRV-DYB-78X72-BR","clean","SA-BRA-CADA-72X78-FRAME | SA-BRA-CADA-72X78-CUSH",""
"FIN-BRV-DYB-78X72-GR","clean","SA-BRA-CADA-72X78-FRAME | SA-BRA-CADA-72X78-CUSH",""
"FIN-BRV-DYB-78X72-WH","clean","SA-BRA-CADA-72X78-FRAME | SA-BRA-CADA-72X78-CUSH",""
"FIN-BRV-DYB-78X78","clean","SA-BRA-CADA-78X78-FRAME | SA-BRA-CADA-78X78-CUSH",""
"FIN-BRV-DYB-78X78-BE","clean","SA-BRA-CADA-78X78-FRAME | SA-BRA-CADA-78X78-CUSH",""
"FIN-BRV-DYB-78X78-BO","clean","SA-BRA-CADA-78X78-FRAME | SA-BRA-CADA-78X78-CUSH",""
"FIN-BRV-DYB-78X78-BR","clean","SA-BRA-CADA-78X78-FRAME | SA-BRA-CADA-78X78-CUSH",""
"FIN-BRV-DYB-78X78-GR","clean","SA-BRA-CADA-78X78-FRAME | SA-BRA-CADA-78X78-CUSH",""
"FIN-BRV-DYB-78X78-WH","clean","SA-BRA-CADA-78X78-FRAME | SA-BRA-CADA-78X78-CUSH",""
"FIN-BRV-DYB-84X78","clean","SA-BRA-CADA-84X78-FRAME | SA-BRA-CADA-84X78-CUSH",""
"FIN-BRV-DYB-84X78-BE","clean","SA-BRA-CADA-84X78-FRAME | SA-BRA-CADA-84X78-CUSH",""
"FIN-BRV-DYB-84X78-BO","clean","SA-BRA-CADA-84X78-FRAME | SA-BRA-CADA-84X78-CUSH",""
"FIN-BRV-DYB-84X78-BR","clean","SA-BRA-CADA-84X78-FRAME | SA-BRA-CADA-84X78-CUSH",""
"FIN-BRV-DYB-84X78-GR","clean","SA-BRA-CADA-84X78-FRAME | SA-BRA-CADA-84X78-CUSH",""
"FIN-BRV-DYB-84X78-WH","clean","SA-BRA-CADA-84X78-FRAME | SA-BRA-CADA-84X78-CUSH",""
"FIN-BRV-MIN-LOV-48X34-ARMLESSMINI","clean","SA-BRV-MIN-LOV-48X34-FRAME | SA-BRV-MIN-LOV-48X34-CUSH",""
"FIN-BRV-MIN-LOV-48X34-MINILOVESEAT","clean","SA-BRV-MIN-LOV-48X34-FRAME | SA-BRV-MIN-LOV-48X34-CUSH",""
"FIN-BRV-OTT-30X22","clean","SA-BRA-O-30X22-FRAME | SA-BRA-O-30X22-CUSH",""
"FIN-BRV-OTT-30X22-BE","clean","SA-BRA-O-30X22-FRAME | SA-BRA-O-30X22-CUSH",""
"FIN-BRV-OTT-30X22-BO","clean","SA-BRA-O-30X22-FRAME | SA-BRA-O-30X22-CUSH",""
"FIN-BRV-OTT-30X22-BR","clean","SA-BRA-O-30X22-FRAME | SA-BRA-O-30X22-CUSH",""
"FIN-BRV-OTT-30X22-GR","clean","SA-BRA-O-30X22-FRAME | SA-BRA-O-30X22-CUSH",""
"FIN-BRV-OTT-30X22-WH","clean","SA-BRA-O-30X22-FRAME | SA-BRA-O-30X22-CUSH",""
"FIN-BRV-OTT-34X34","clean","SA-BRA-O-34X34-FRAME | SA-BRA-O-34X34-CUSH",""
"FIN-BRV-OTT-34X34-BE","clean","SA-BRA-O-34X34-FRAME | SA-BRA-O-34X34-CUSH",""
"FIN-BRV-OTT-34X34-BO","clean","SA-BRA-O-34X34-FRAME | SA-BRA-O-34X34-CUSH",""
"FIN-BRV-OTT-34X34-BR","clean","SA-BRA-O-34X34-FRAME | SA-BRA-O-34X34-CUSH",""
"FIN-BRV-OTT-34X34-GR","clean","SA-BRA-O-34X34-FRAME | SA-BRA-O-34X34-CUSH",""
"FIN-BRV-OTT-34X34-WH","clean","SA-BRA-O-34X34-FRAME | SA-BRA-O-34X34-CUSH",""
"FIN-BRV-OTT-42X22","clean","SA-BRA-O-42X22-FRAME | SA-BRA-O-42X22-CUSH",""
"FIN-BRV-OTT-42X22-BE","clean","SA-BRA-O-42X22-FRAME | SA-BRA-O-42X22-CUSH",""
"FIN-BRV-OTT-42X22-BO","clean","SA-BRA-O-42X22-FRAME | SA-BRA-O-42X22-CUSH",""
"FIN-BRV-OTT-42X22-BR","clean","SA-BRA-O-42X22-FRAME | SA-BRA-O-42X22-CUSH",""
"FIN-BRV-OTT-42X22-GR","clean","SA-BRA-O-42X22-FRAME | SA-BRA-O-42X22-CUSH",""
"FIN-BRV-OTT-42X22-WH","clean","SA-BRA-O-42X22-FRAME | SA-BRA-O-42X22-CUSH",""
"FIN-BRV-OTT-42X34","clean","SA-BRA-O-42X34-FRAME | SA-BRA-O-42X34-CUSH",""
"FIN-BRV-OTT-42X34-BE","clean","SA-BRA-O-42X34-FRAME | SA-BRA-O-42X34-CUSH",""
"FIN-BRV-OTT-42X34-BO","clean","SA-BRA-O-42X34-FRAME | SA-BRA-O-42X34-CUSH",""
"FIN-BRV-OTT-42X34-BR","clean","SA-BRA-O-42X34-FRAME | SA-BRA-O-42X34-CUSH",""
"FIN-BRV-OTT-42X34-GR","clean","SA-BRA-O-42X34-FRAME | SA-BRA-O-42X34-CUSH",""
"FIN-BRV-OTT-42X34-WH","clean","SA-BRA-O-42X34-FRAME | SA-BRA-O-42X34-CUSH",""
"FIN-BRV-OTT-60X22","clean","SA-BRA-O-60X22-FRAME | SA-BRA-O-60X22-CUSH",""
"FIN-BRV-OTT-60X22-BE","clean","SA-BRA-O-60X22-FRAME | SA-BRA-O-60X22-CUSH",""
"FIN-BRV-OTT-60X22-BO","clean","SA-BRA-O-60X22-FRAME | SA-BRA-O-60X22-CUSH",""
"FIN-BRV-OTT-60X22-BR","clean","SA-BRA-O-60X22-FRAME | SA-BRA-O-60X22-CUSH",""
"FIN-BRV-OTT-60X22-GR","clean","SA-BRA-O-60X22-FRAME | SA-BRA-O-60X22-CUSH",""
"FIN-BRV-OTT-60X22-WH","clean","SA-BRA-O-60X22-FRAME | SA-BRA-O-60X22-CUSH",""
"FIN-BRV-OTT-60X34","clean","SA-BRA-O-60X34-FRAME | SA-BRA-O-60X34-CUSH",""
"FIN-BRV-OTT-60X34-BE","clean","SA-BRA-O-60X34-FRAME | SA-BRA-O-60X34-CUSH",""
"FIN-BRV-OTT-60X34-BO","clean","SA-BRA-O-60X34-FRAME | SA-BRA-O-60X34-CUSH",""
"FIN-BRV-OTT-60X34-BR","clean","SA-BRA-O-60X34-FRAME | SA-BRA-O-60X34-CUSH",""
"FIN-BRV-OTT-60X34-GR","clean","SA-BRA-O-60X34-FRAME | SA-BRA-O-60X34-CUSH",""
"FIN-BRV-OTT-60X34-WH","clean","SA-BRA-O-60X34-FRAME | SA-BRA-O-60X34-CUSH",""
"FIN-BRV-OTT-72X22","clean","SA-BRA-O-72X22-FRAME | SA-BRA-O-72X22-CUSH",""
"FIN-BRV-OTT-72X22-BE","clean","SA-BRA-O-72X22-FRAME | SA-BRA-O-72X22-CUSH",""
"FIN-BRV-OTT-72X22-BO","clean","SA-BRA-O-72X22-FRAME | SA-BRA-O-72X22-CUSH",""
"FIN-BRV-OTT-72X22-BR","clean","SA-BRA-O-72X22-FRAME | SA-BRA-O-72X22-CUSH",""
"FIN-BRV-OTT-72X22-GR","clean","SA-BRA-O-72X22-FRAME | SA-BRA-O-72X22-CUSH",""
"FIN-BRV-OTT-72X22-WH","clean","SA-BRA-O-72X22-FRAME | SA-BRA-O-72X22-CUSH",""
"FIN-BRV-OTT-72X34","clean","SA-BRA-O-72X34-FRAME | SA-BRA-O-72X34-CUSH",""
"FIN-BRV-OTT-72X34-BE","clean","SA-BRA-O-72X34-FRAME | SA-BRA-O-72X34-CUSH",""
"FIN-BRV-OTT-72X34-BO","clean","SA-BRA-O-72X34-FRAME | SA-BRA-O-72X34-CUSH",""
"FIN-BRV-OTT-72X34-BR","clean","SA-BRA-O-72X34-FRAME | SA-BRA-O-72X34-CUSH",""
"FIN-BRV-OTT-72X34-GR","clean","SA-BRA-O-72X34-FRAME | SA-BRA-O-72X34-CUSH",""
"FIN-BRV-OTT-72X34-WH","clean","SA-BRA-O-72X34-FRAME | SA-BRA-O-72X34-CUSH",""
"FIN-BRV-OTT-DKT-30X22","clean","SA-BRA-ODT-30X22-FRAME | SA-BRA-ODT-30X22-CUSH | RM-DKT-GENERIC-SLAB",""
"FIN-BRV-OTT-DKT-30X22-BE","clean","SA-BRA-ODT-30X22-FRAME | SA-BRA-ODT-30X22-CUSH | RM-DKT-GENERIC-SLAB",""
"FIN-BRV-OTT-DKT-30X22-BO","clean","SA-BRA-ODT-30X22-FRAME | SA-BRA-ODT-30X22-CUSH | RM-DKT-GENERIC-SLAB",""
"FIN-BRV-OTT-DKT-30X22-BR","clean","SA-BRA-ODT-30X22-FRAME | SA-BRA-ODT-30X22-CUSH | RM-DKT-GENERIC-SLAB",""
"FIN-BRV-OTT-DKT-30X22-GR","clean","SA-BRA-ODT-30X22-FRAME | SA-BRA-ODT-30X22-CUSH | RM-DKT-GENERIC-SLAB",""
"FIN-BRV-OTT-DKT-30X22-WH","clean","SA-BRA-ODT-30X22-FRAME | SA-BRA-ODT-30X22-CUSH | RM-DKT-GENERIC-SLAB",""
"FIN-BRV-OTT-DKT-34X34","clean","SA-BRA-ODT-34X34-FRAME | SA-BRA-ODT-34X34-CUSH | RM-DKT-GENERIC-SLAB",""
"FIN-BRV-OTT-DKT-34X34-BE","clean","SA-BRA-ODT-34X34-FRAME | SA-BRA-ODT-34X34-CUSH | RM-DKT-GENERIC-SLAB",""
"FIN-BRV-OTT-DKT-34X34-BO","clean","SA-BRA-ODT-34X34-FRAME | SA-BRA-ODT-34X34-CUSH | RM-DKT-GENERIC-SLAB",""
"FIN-BRV-OTT-DKT-34X34-BR","clean","SA-BRA-ODT-34X34-FRAME | SA-BRA-ODT-34X34-CUSH | RM-DKT-GENERIC-SLAB",""
"FIN-BRV-OTT-DKT-34X34-GR","clean","SA-BRA-ODT-34X34-FRAME | SA-BRA-ODT-34X34-CUSH | RM-DKT-GENERIC-SLAB",""
"FIN-BRV-OTT-DKT-34X34-WH","clean","SA-BRA-ODT-34X34-FRAME | SA-BRA-ODT-34X34-CUSH | RM-DKT-GENERIC-SLAB",""
"FIN-BRV-OTT-DKT-42X22","clean","SA-BRA-ODT-42X22-FRAME | SA-BRA-ODT-42X22-CUSH | RM-DKT-GENERIC-SLAB",""
"FIN-BRV-OTT-DKT-42X22-BE","clean","SA-BRA-ODT-42X22-FRAME | SA-BRA-ODT-42X22-CUSH | RM-DKT-GENERIC-SLAB",""
"FIN-BRV-OTT-DKT-42X22-BO","clean","SA-BRA-ODT-42X22-FRAME | SA-BRA-ODT-42X22-CUSH | RM-DKT-GENERIC-SLAB",""
"FIN-BRV-OTT-DKT-42X22-BR","clean","SA-BRA-ODT-42X22-FRAME | SA-BRA-ODT-42X22-CUSH | RM-DKT-GENERIC-SLAB",""
"FIN-BRV-OTT-DKT-42X22-GR","clean","SA-BRA-ODT-42X22-FRAME | SA-BRA-ODT-42X22-CUSH | RM-DKT-GENERIC-SLAB",""
"FIN-BRV-OTT-DKT-42X22-WH","clean","SA-BRA-ODT-42X22-FRAME | SA-BRA-ODT-42X22-CUSH | RM-DKT-GENERIC-SLAB",""
"FIN-BRV-OTT-DKT-42X34","clean","SA-BRA-ODT-42X34-FRAME | SA-BRA-ODT-42X34-CUSH | RM-DKT-GENERIC-SLAB",""
"FIN-BRV-OTT-DKT-42X34-BE","clean","SA-BRA-ODT-42X34-FRAME | SA-BRA-ODT-42X34-CUSH | RM-DKT-GENERIC-SLAB",""
"FIN-BRV-OTT-DKT-42X34-BO","clean","SA-BRA-ODT-42X34-FRAME | SA-BRA-ODT-42X34-CUSH | RM-DKT-GENERIC-SLAB",""
"FIN-BRV-OTT-DKT-42X34-BR","clean","SA-BRA-ODT-42X34-FRAME | SA-BRA-ODT-42X34-CUSH | RM-DKT-GENERIC-SLAB",""
"FIN-BRV-OTT-DKT-42X34-GR","clean","SA-BRA-ODT-42X34-FRAME | SA-BRA-ODT-42X34-CUSH | RM-DKT-GENERIC-SLAB",""
"FIN-BRV-OTT-DKT-42X34-WH","clean","SA-BRA-ODT-42X34-FRAME | SA-BRA-ODT-42X34-CUSH | RM-DKT-GENERIC-SLAB",""
"FIN-BRV-OTT-DKT-60X22","clean","SA-BRA-ODT-60X22-FRAME | SA-BRA-ODT-60X22-CUSH | RM-DKT-GENERIC-SLAB",""
"FIN-BRV-OTT-DKT-60X22-BE","clean","SA-BRA-ODT-60X22-FRAME | SA-BRA-ODT-60X22-CUSH | RM-DKT-GENERIC-SLAB",""
"FIN-BRV-OTT-DKT-60X22-BO","clean","SA-BRA-ODT-60X22-FRAME | SA-BRA-ODT-60X22-CUSH | RM-DKT-GENERIC-SLAB",""
"FIN-BRV-OTT-DKT-60X22-BR","clean","SA-BRA-ODT-60X22-FRAME | SA-BRA-ODT-60X22-CUSH | RM-DKT-GENERIC-SLAB",""
"FIN-BRV-OTT-DKT-60X22-GR","clean","SA-BRA-ODT-60X22-FRAME | SA-BRA-ODT-60X22-CUSH | RM-DKT-GENERIC-SLAB",""
"FIN-BRV-OTT-DKT-60X22-WH","clean","SA-BRA-ODT-60X22-FRAME | SA-BRA-ODT-60X22-CUSH | RM-DKT-GENERIC-SLAB",""
"FIN-BRV-OTT-DKT-60X34","clean","SA-BRA-ODT-60X34-FRAME | SA-BRA-ODT-60X34-CUSH | RM-DKT-GENERIC-SLAB",""
"FIN-BRV-OTT-DKT-60X34-BE","clean","SA-BRA-ODT-60X34-FRAME | SA-BRA-ODT-60X34-CUSH | RM-DKT-GENERIC-SLAB",""
"FIN-BRV-OTT-DKT-60X34-BO","clean","SA-BRA-ODT-60X34-FRAME | SA-BRA-ODT-60X34-CUSH | RM-DKT-GENERIC-SLAB",""
"FIN-BRV-OTT-DKT-60X34-BR","clean","SA-BRA-ODT-60X34-FRAME | SA-BRA-ODT-60X34-CUSH | RM-DKT-GENERIC-SLAB",""
"FIN-BRV-OTT-DKT-60X34-GR","clean","SA-BRA-ODT-60X34-FRAME | SA-BRA-ODT-60X34-CUSH | RM-DKT-GENERIC-SLAB",""
"FIN-BRV-OTT-DKT-60X34-WH","clean","SA-BRA-ODT-60X34-FRAME | SA-BRA-ODT-60X34-CUSH | RM-DKT-GENERIC-SLAB",""
"FIN-BRV-OTT-DKT-72X22","clean","SA-BRA-ODT-72X22-FRAME | SA-BRA-ODT-72X22-CUSH | RM-DKT-GENERIC-SLAB",""
"FIN-BRV-OTT-DKT-72X22-BE","clean","SA-BRA-ODT-72X22-FRAME | SA-BRA-ODT-72X22-CUSH | RM-DKT-GENERIC-SLAB",""
"FIN-BRV-OTT-DKT-72X22-BO","clean","SA-BRA-ODT-72X22-FRAME | SA-BRA-ODT-72X22-CUSH | RM-DKT-GENERIC-SLAB",""
"FIN-BRV-OTT-DKT-72X22-BR","clean","SA-BRA-ODT-72X22-FRAME | SA-BRA-ODT-72X22-CUSH | RM-DKT-GENERIC-SLAB",""
"FIN-BRV-OTT-DKT-72X22-GR","clean","SA-BRA-ODT-72X22-FRAME | SA-BRA-ODT-72X22-CUSH | RM-DKT-GENERIC-SLAB",""
"FIN-BRV-OTT-DKT-72X22-WH","clean","SA-BRA-ODT-72X22-FRAME | SA-BRA-ODT-72X22-CUSH | RM-DKT-GENERIC-SLAB",""
"FIN-BRV-OTT-DKT-72X34","clean","SA-BRA-ODT-72X34-FRAME | SA-BRA-ODT-72X34-CUSH | RM-DKT-GENERIC-SLAB",""
"FIN-BRV-OTT-DKT-72X34-BE","clean","SA-BRA-ODT-72X34-FRAME | SA-BRA-ODT-72X34-CUSH | RM-DKT-GENERIC-SLAB",""
"FIN-BRV-OTT-DKT-72X34-BO","clean","SA-BRA-ODT-72X34-FRAME | SA-BRA-ODT-72X34-CUSH | RM-DKT-GENERIC-SLAB",""
"FIN-BRV-OTT-DKT-72X34-BR","clean","SA-BRA-ODT-72X34-FRAME | SA-BRA-ODT-72X34-CUSH | RM-DKT-GENERIC-SLAB",""
"FIN-BRV-OTT-DKT-72X34-GR","clean","SA-BRA-ODT-72X34-FRAME | SA-BRA-ODT-72X34-CUSH | RM-DKT-GENERIC-SLAB",""
"FIN-BRV-OTT-DKT-72X34-WH","clean","SA-BRA-ODT-72X34-FRAME | SA-BRA-ODT-72X34-CUSH | RM-DKT-GENERIC-SLAB",""
"FIN-BRV-SID-TAB-20X20","clean","SA-BRA-ST-20X20-FRAME",""
"FIN-BRV-SID-TAB-20X20-BE","clean","SA-BRA-ST-20X20-FRAME",""
"FIN-BRV-SID-TAB-20X20-BO","clean","SA-BRA-ST-20X20-FRAME",""
"FIN-BRV-SID-TAB-20X20-BR","clean","SA-BRA-ST-20X20-FRAME",""
"FIN-BRV-SID-TAB-20X20-GR","clean","SA-BRA-ST-20X20-FRAME",""
"FIN-BRV-SID-TAB-20X20-WH","clean","SA-BRA-ST-20X20-FRAME",""
"FIN-BRV-SOF-72X34","clean","SA-BRA-S-72-FRAME | SA-BRA-S-72-CUSH",""
"FIN-BRV-SOF-72X34-BE","clean","SA-BRA-S-72-FRAME | SA-BRA-S-72-CUSH",""
"FIN-BRV-SOF-72X34-BO","clean","SA-BRA-S-72-FRAME | SA-BRA-S-72-CUSH",""
"FIN-BRV-SOF-72X34-BR","clean","SA-BRA-S-72-FRAME | SA-BRA-S-72-CUSH",""
"FIN-BRV-SOF-72X34-GR","clean","SA-BRA-S-72-FRAME | SA-BRA-S-72-CUSH",""
"FIN-BRV-SOF-72X34-WH","clean","SA-BRA-S-72-FRAME | SA-BRA-S-72-CUSH",""
"FIN-BRV-SOF-84X34","clean","SA-BRA-S-84-FRAME | SA-BRA-S-84-CUSH",""
"FIN-BRV-SOF-84X34-BE","clean","SA-BRA-S-84-FRAME | SA-BRA-S-84-CUSH",""
"FIN-BRV-SOF-84X34-BO","clean","SA-BRA-S-84-FRAME | SA-BRA-S-84-CUSH",""
"FIN-BRV-SOF-84X34-BR","clean","SA-BRA-S-84-FRAME | SA-BRA-S-84-CUSH",""
"FIN-BRV-SOF-84X34-GR","clean","SA-BRA-S-84-FRAME | SA-BRA-S-84-CUSH",""
"FIN-BRV-SOF-84X34-WH","clean","SA-BRA-S-84-FRAME | SA-BRA-S-84-CUSH",""
"FIN-BRV-SOF-96X34","clean","SA-BRA-S-96-FRAME | SA-BRA-S-96-CUSH",""
"FIN-BRV-SOF-96X34-BE","clean","SA-BRA-S-96-FRAME | SA-BRA-S-96-CUSH",""
"FIN-BRV-SOF-96X34-BO","clean","SA-BRA-S-96-FRAME | SA-BRA-S-96-CUSH",""
"FIN-BRV-SOF-96X34-BR","clean","SA-BRA-S-96-FRAME | SA-BRA-S-96-CUSH",""
"FIN-BRV-SOF-96X34-GR","clean","SA-BRA-S-96-FRAME | SA-BRA-S-96-CUSH",""
"FIN-BRV-SOF-96X34-WH","clean","SA-BRA-S-96-FRAME | SA-BRA-S-96-CUSH",""
"FIN-BRV-SWV-CHA","conflicting_bom","SA-BRV-SWV-CHA-34X34-FRAME | SA-BRV-SWV-CHA-34X34-CUSH","ASM-BRV-SWV-CHA-FRAME | ASM-BRV-SWV-CHA-CUSH"
"FIN-BRV-SWV-CHA-BE","clean","SA-BRV-SWV-CHA-34X34-FRAME | SA-BRV-SWV-CHA-34X34-CUSH",""
"FIN-BRV-SWV-CHA-BO","clean","SA-BRV-SWV-CHA-34X34-FRAME | SA-BRV-SWV-CHA-34X34-CUSH",""
"FIN-BRV-SWV-CHA-BR","clean","SA-BRV-SWV-CHA-34X34-FRAME | SA-BRV-SWV-CHA-34X34-CUSH",""
"FIN-BRV-SWV-CHA-GR","clean","SA-BRV-SWV-CHA-34X34-FRAME | SA-BRV-SWV-CHA-34X34-CUSH",""
"FIN-BRV-SWV-CHA-WH","clean","SA-BRV-SWV-CHA-34X34-FRAME | SA-BRV-SWV-CHA-34X34-CUSH",""
"FIN-CAB-MIS","clean","ASM-CAB-MIS-10X10-FRAME | ASM-CAB-MIS-10X10-CUSH",""
"FIN-DAI-CNT-TAB-120X42","conflicting_bom","RM-DKT-GENERIC-SLAB","ASM-DAI-CNT-TAB-120X42-FRAME"
"FIN-DAI-CNT-TAB-120X56","conflicting_bom","RM-DKT-GENERIC-SLAB","ASM-DAI-CNT-TAB-120X56-FRAME"
"FIN-DAI-CNT-TAB-42X120","conflicting_bom","RM-DKT-GENERIC-SLAB","ASM-DAI-CNT-TAB-42X120-FRAME"
"FIN-DAI-CNT-TAB-42X72","conflicting_bom","RM-DKT-GENERIC-SLAB","ASM-DAI-CNT-TAB-42X72-FRAME"
"FIN-DAI-CNT-TAB-42X96","conflicting_bom","RM-DKT-GENERIC-SLAB","ASM-DAI-CNT-TAB-42X96-FRAME"
"FIN-DAI-CNT-TAB-56X120","conflicting_bom","RM-DKT-GENERIC-SLAB","ASM-DAI-CNT-TAB-56X120-FRAME"
"FIN-DAI-CNT-TAB-56X56","conflicting_bom","RM-DKT-GENERIC-SLAB","ASM-DAI-CNT-TAB-56X56-FRAME"
"FIN-DAI-CNT-TAB-56X72","conflicting_bom","RM-DKT-GENERIC-SLAB","ASM-DAI-CNT-TAB-56X72-FRAME"
"FIN-DAI-CNT-TAB-56X96","conflicting_bom","RM-DKT-GENERIC-SLAB","ASM-DAI-CNT-TAB-56X96-FRAME"
"FIN-DAI-CNT-TAB-72X42","conflicting_bom","RM-DKT-GENERIC-SLAB","ASM-DAI-CNT-TAB-72X42-FRAME"
"FIN-DAI-CNT-TAB-72X56","conflicting_bom","RM-DKT-GENERIC-SLAB","ASM-DAI-CNT-TAB-72X56-FRAME"
"FIN-DAI-CNT-TAB-96X42","conflicting_bom","RM-DKT-GENERIC-SLAB","ASM-DAI-CNT-TAB-96X42-FRAME"
"FIN-DAI-CNT-TAB-96X56","conflicting_bom","RM-DKT-GENERIC-SLAB","ASM-DAI-CNT-TAB-96X56-FRAME"
"FIN-DAI-DIN-TAB-120X42","conflicting_bom","RM-DKT-GENERIC-SLAB","ASM-DAI-DIN-TAB-120X42-FRAME"
"FIN-DAI-DIN-TAB-120X56","conflicting_bom","RM-DKT-GENERIC-SLAB","ASM-DAI-DIN-TAB-120X56-FRAME"
"FIN-DAI-DIN-TAB-42X30","conflicting_bom","RM-DKT-GENERIC-SLAB","ASM-DAI-DIN-TAB-42X30-FRAME"
"FIN-DAI-DIN-TAB-42X42","conflicting_bom","RM-DKT-GENERIC-SLAB","ASM-DAI-DIN-TAB-42X42-FRAME"
"FIN-DAI-DIN-TAB-56X30","conflicting_bom","RM-DKT-GENERIC-SLAB","ASM-DAI-DIN-TAB-56X30-FRAME"
"FIN-DAI-DIN-TAB-56X56","conflicting_bom","RM-DKT-GENERIC-SLAB","ASM-DAI-DIN-TAB-56X56-FRAME"
"FIN-DAI-DIN-TAB-56X72","conflicting_bom","RM-DKT-GENERIC-SLAB","ASM-DAI-DIN-TAB-56X72-FRAME"
"FIN-DAI-DIN-TAB-56X96","conflicting_bom","RM-DKT-GENERIC-SLAB","ASM-DAI-DIN-TAB-56X96-FRAME"
"FIN-DAI-DIN-TAB-72X42","conflicting_bom","RM-DKT-GENERIC-SLAB","ASM-DAI-DIN-TAB-72X42-FRAME"
"FIN-DAI-DIN-TAB-72X56","conflicting_bom","RM-DKT-GENERIC-SLAB","ASM-DAI-DIN-TAB-72X56-FRAME"
"FIN-DAI-DIN-TAB-96X42","conflicting_bom","RM-DKT-GENERIC-SLAB","ASM-DAI-DIN-TAB-96X42-FRAME"
"FIN-DAI-DIN-TAB-96X56","conflicting_bom","RM-DKT-GENERIC-SLAB","ASM-DAI-DIN-TAB-96X56-FRAME"
"FIN-DAI-FIR-TAB-42X42","conflicting_bom","RM-DKT-GENERIC-SLAB","ASM-DAI-FIR-TAB-42X42-FRAME"
"FIN-DAI-FIR-TAB-56X42","conflicting_bom","RM-DKT-GENERIC-SLAB","ASM-DAI-FIR-TAB-56X42-FRAME"
"FIN-DAI-FIR-TAB-84X56","conflicting_bom","RM-DKT-GENERIC-SLAB","ASM-DAI-FIR-TAB-84X56-FRAME"
"FIN-DAI-FIR-TAB-96X56","conflicting_bom","RM-DKT-GENERIC-SLAB","ASM-DAI-FIR-TAB-96X56-FRAME"
"FIN-FLY-DIN-CHA-18X18","conflicting_bom","RM-DKT-GENERIC-SLAB","ASM-FLY-DIN-CHA-18X18-CUSH | ASM-FLY-DIN-CHA-18X18-FRAME"
"FIN-FLY-LEG-BEN-DIN-HEI-42","conflicting_bom","RM-DKT-GENERIC-SLAB","ASM-FLY-LEG-BEN-DIN-HEI-42-FRAME | ASM-FLY-LEG-BEN-DIN-HEI-42-CUSH"
"FIN-MIS-DIN-BCH-72X22","conflicting_bom","RM-DKT-GENERIC-SLAB","ASM-MIS-DIN-BCH-72X22-FRAME | ASM-MIS-DIN-BCH-72X22-CUSH"
"FIN-MIS-DIN-BCH-96X22","conflicting_bom","RM-DKT-GENERIC-SLAB","ASM-MIS-DIN-BCH-96X22-CUSH | ASM-MIS-DIN-BCH-96X22-FRAME"
"FIN-MIS-DIN-CHA-17X21","conflicting_bom","RM-DKT-GENERIC-SLAB","ASM-MIS-DIN-CHA-17X21-FRAME | ASM-MIS-DIN-CHA-17X21-CUSH"
"FIN-MIS-FIR-TAB-42X42","conflicting_bom","RM-DKT-GENERIC-SLAB","ASM-MIS-FIR-TAB-42X42-FRAME"
"FIN-OCN-CLB-CHA-34X38-BE-N","conflicting_bom","SA-OCN-CLB-CHA-34X38-FRAME | SA-OCN-CLB-CHA-34X38-CUSH","RM-RAW-FOAM | RM-MET-FLATBAR"
"FIN-OCN-CLB-CHA-34X38-BE-Y","conflicting_bom","SA-OCN-CLB-CHA-34X38-FRAME | SA-OCN-CLB-CHA-34X38-CUSH","RM-RAW-FOAM | RM-RAW-IRON-WOOD | RM-MET-FLATBAR"
"FIN-OCN-CLB-CHA-34X38-BL-Y","conflicting_bom","SA-OCN-CLB-CHA-34X38-FRAME | SA-OCN-CLB-CHA-34X38-CUSH","RM-RAW-FOAM | RM-RAW-IRON-WOOD | RM-MET-FLATBAR"
"FIN-OCN-CLB-CHA-34X38-BO-N","conflicting_bom","SA-OCN-CLB-CHA-34X38-FRAME | SA-OCN-CLB-CHA-34X38-CUSH","RM-RAW-FOAM | RM-MET-FLATBAR"
"FIN-OCN-CLB-CHA-34X38-BO-Y","conflicting_bom","SA-OCN-CLB-CHA-34X38-FRAME | SA-OCN-CLB-CHA-34X38-CUSH","RM-RAW-FOAM | RM-RAW-IRON-WOOD | RM-MET-FLATBAR"
"FIN-OCN-CLB-CHA-34X38-BR-N","conflicting_bom","SA-OCN-CLB-CHA-34X38-FRAME | SA-OCN-CLB-CHA-34X38-CUSH","RM-RAW-FOAM | RM-MET-FLATBAR"
"FIN-OCN-CLB-CHA-34X38-BR-Y","conflicting_bom","SA-OCN-CLB-CHA-34X38-FRAME | SA-OCN-CLB-CHA-34X38-CUSH","RM-RAW-FOAM | RM-RAW-IRON-WOOD | RM-MET-FLATBAR"
"FIN-OCN-CLB-CHA-34X38-GR-N","conflicting_bom","SA-OCN-CLB-CHA-34X38-FRAME | SA-OCN-CLB-CHA-34X38-CUSH","RM-RAW-FOAM | RM-MET-FLATBAR"
"FIN-OCN-CLB-CHA-34X38-GR-Y","conflicting_bom","SA-OCN-CLB-CHA-34X38-FRAME | SA-OCN-CLB-CHA-34X38-CUSH","RM-RAW-FOAM | RM-RAW-IRON-WOOD | RM-MET-FLATBAR"
"FIN-OCN-CLB-CHA-34X38-WH-N","conflicting_bom","SA-OCN-CLB-CHA-34X38-FRAME | SA-OCN-CLB-CHA-34X38-CUSH","RM-RAW-FOAM | RM-MET-FLATBAR"
"FIN-OCN-CLB-CHA-34X38-WH-Y","conflicting_bom","SA-OCN-CLB-CHA-34X38-FRAME | SA-OCN-CLB-CHA-34X38-CUSH","RM-RAW-FOAM | RM-RAW-IRON-WOOD | RM-MET-FLATBAR"
"FIN-OCN-COF-TAB-28X42","conflicting_bom","RM-DKT-GENERIC-SLAB","ASM-OCN-COF-TAB-28X42-FRAME"
"FIN-OCN-COF-TAB-28X56","conflicting_bom","RM-DKT-GENERIC-SLAB","ASM-OCN-COF-TAB-28X56-FRAME"
"FIN-OCN-COF-TAB-36X36","clean","SA-OCE-CT-36X36-FRAME | RM-DKT-GENERIC-SLAB",""
"FIN-OCN-COF-TAB-36X36-BE","clean","SA-OCE-CT-36X36-FRAME | RM-DKT-GENERIC-SLAB",""
"FIN-OCN-COF-TAB-36X36-BO","clean","SA-OCE-CT-36X36-FRAME | RM-DKT-GENERIC-SLAB",""
"FIN-OCN-COF-TAB-36X36-BR","clean","SA-OCE-CT-36X36-FRAME | RM-DKT-GENERIC-SLAB",""
"FIN-OCN-COF-TAB-36X36-GR","conflicting_bom","SA-OCE-CT-36X36-FRAME | RM-DKT-GENERIC-SLAB","RM-HRD-SPACERS"
"FIN-OCN-COF-TAB-36X36-WH","clean","SA-OCE-CT-36X36-FRAME | RM-DKT-GENERIC-SLAB",""
"FIN-OCN-COF-TAB-36X56","conflicting_bom","RM-DKT-GENERIC-SLAB","ASM-OCN-COF-TAB-36X56-FRAME"
"FIN-OCN-COF-TAB-36X72","conflicting_bom","RM-DKT-GENERIC-SLAB","ASM-OCN-COF-TAB-36X72-FRAME"
"FIN-OCN-COF-TAB-42X28","clean","SA-OCE-CT-42X28-FRAME | RM-DKT-GENERIC-SLAB",""
"FIN-OCN-COF-TAB-42X28-BE","clean","SA-OCE-CT-42X28-FRAME | RM-DKT-GENERIC-SLAB",""
"FIN-OCN-COF-TAB-42X28-BO","clean","SA-OCE-CT-42X28-FRAME | RM-DKT-GENERIC-SLAB",""
"FIN-OCN-COF-TAB-42X28-BR","clean","SA-OCE-CT-42X28-FRAME | RM-DKT-GENERIC-SLAB",""
"FIN-OCN-COF-TAB-42X28-GR","conflicting_bom","SA-OCE-CT-42X28-FRAME | RM-DKT-GENERIC-SLAB","RM-HRD-SPACERS"
"FIN-OCN-COF-TAB-42X28-WH","clean","SA-OCE-CT-42X28-FRAME | RM-DKT-GENERIC-SLAB",""
"FIN-OCN-COF-TAB-42X42","clean","SA-OCE-CT-42X42-FRAME | RM-DKT-GENERIC-SLAB",""
"FIN-OCN-COF-TAB-42X42-BE","clean","SA-OCE-CT-42X42-FRAME | RM-DKT-GENERIC-SLAB",""
"FIN-OCN-COF-TAB-42X42-BO","clean","SA-OCE-CT-42X42-FRAME | RM-DKT-GENERIC-SLAB",""
"FIN-OCN-COF-TAB-42X42-BR","clean","SA-OCE-CT-42X42-FRAME | RM-DKT-GENERIC-SLAB",""
"FIN-OCN-COF-TAB-42X42-GR","conflicting_bom","SA-OCE-CT-42X42-FRAME | RM-DKT-GENERIC-SLAB","RM-HRD-SPACERS"
"FIN-OCN-COF-TAB-42X42-WH","clean","SA-OCE-CT-42X42-FRAME | RM-DKT-GENERIC-SLAB",""
"FIN-OCN-COF-TAB-42X56","conflicting_bom","RM-DKT-GENERIC-SLAB","ASM-OCN-COF-TAB-42X56-FRAME"
"FIN-OCN-COF-TAB-42X72","conflicting_bom","RM-DKT-GENERIC-SLAB","ASM-OCN-COF-TAB-42X72-FRAME"
"FIN-OCN-COF-TAB-56X28","clean","SA-OCE-CT-56X28-FRAME | RM-DKT-GENERIC-SLAB",""
"FIN-OCN-COF-TAB-56X28-BE","clean","SA-OCE-CT-56X28-FRAME | RM-DKT-GENERIC-SLAB",""
"FIN-OCN-COF-TAB-56X28-BO","clean","SA-OCE-CT-56X28-FRAME | RM-DKT-GENERIC-SLAB",""
"FIN-OCN-COF-TAB-56X28-BR","clean","SA-OCE-CT-56X28-FRAME | RM-DKT-GENERIC-SLAB",""
"FIN-OCN-COF-TAB-56X28-GR","conflicting_bom","SA-OCE-CT-56X28-FRAME | RM-DKT-GENERIC-SLAB","RM-HRD-SPACERS"
"FIN-OCN-COF-TAB-56X28-WH","clean","SA-OCE-CT-56X28-FRAME | RM-DKT-GENERIC-SLAB",""
"FIN-OCN-COF-TAB-56X36","clean","SA-OCE-CT-56X36-FRAME | RM-DKT-GENERIC-SLAB",""
"FIN-OCN-COF-TAB-56X36-BE","clean","SA-OCE-CT-56X36-FRAME | RM-DKT-GENERIC-SLAB",""
"FIN-OCN-COF-TAB-56X36-BO","clean","SA-OCE-CT-56X36-FRAME | RM-DKT-GENERIC-SLAB",""
"FIN-OCN-COF-TAB-56X36-BR","clean","SA-OCE-CT-56X36-FRAME | RM-DKT-GENERIC-SLAB",""
"FIN-OCN-COF-TAB-56X36-GR","conflicting_bom","SA-OCE-CT-56X36-FRAME | RM-DKT-GENERIC-SLAB","RM-HRD-SPACERS"
"FIN-OCN-COF-TAB-56X36-WH","clean","SA-OCE-CT-56X36-FRAME | RM-DKT-GENERIC-SLAB",""
"FIN-OCN-COF-TAB-56X42","clean","SA-OCE-CT-56X42-FRAME | RM-DKT-GENERIC-SLAB",""
"FIN-OCN-COF-TAB-56X42-BE","clean","SA-OCE-CT-56X42-FRAME | RM-DKT-GENERIC-SLAB",""
"FIN-OCN-COF-TAB-56X42-BO","clean","SA-OCE-CT-56X42-FRAME | RM-DKT-GENERIC-SLAB",""
"FIN-OCN-COF-TAB-56X42-BR","clean","SA-OCE-CT-56X42-FRAME | RM-DKT-GENERIC-SLAB",""
"FIN-OCN-COF-TAB-56X42-GR","conflicting_bom","SA-OCE-CT-56X42-FRAME | RM-DKT-GENERIC-SLAB","RM-HRD-SPACERS"
"FIN-OCN-COF-TAB-56X42-WH","clean","SA-OCE-CT-56X42-FRAME | RM-DKT-GENERIC-SLAB",""
"FIN-OCN-COF-TAB-56X56","clean","SA-OCE-CT-56X56-FRAME | RM-DKT-GENERIC-SLAB",""
"FIN-OCN-COF-TAB-56X56-BE","clean","SA-OCE-CT-56X56-FRAME | RM-DKT-GENERIC-SLAB",""
"FIN-OCN-COF-TAB-56X56-BO","clean","SA-OCE-CT-56X56-FRAME | RM-DKT-GENERIC-SLAB",""
"FIN-OCN-COF-TAB-56X56-BR","clean","SA-OCE-CT-56X56-FRAME | RM-DKT-GENERIC-SLAB",""
"FIN-OCN-COF-TAB-56X56-GR","conflicting_bom","SA-OCE-CT-56X56-FRAME | RM-DKT-GENERIC-SLAB","RM-HRD-SPACERS"
"FIN-OCN-COF-TAB-56X56-WH","clean","SA-OCE-CT-56X56-FRAME | RM-DKT-GENERIC-SLAB",""
"FIN-OCN-COF-TAB-56X72","conflicting_bom","RM-DKT-GENERIC-SLAB","ASM-OCN-COF-TAB-56X72-FRAME"
"FIN-OCN-COF-TAB-72X36","clean","SA-OCE-CT-72X36-FRAME | RM-DKT-GENERIC-SLAB",""
"FIN-OCN-COF-TAB-72X36-BE","clean","SA-OCE-CT-72X36-FRAME | RM-DKT-GENERIC-SLAB",""
"FIN-OCN-COF-TAB-72X36-BO","clean","SA-OCE-CT-72X36-FRAME | RM-DKT-GENERIC-SLAB",""
"FIN-OCN-COF-TAB-72X36-BR","clean","SA-OCE-CT-72X36-FRAME | RM-DKT-GENERIC-SLAB",""
"FIN-OCN-COF-TAB-72X36-GR","conflicting_bom","SA-OCE-CT-72X36-FRAME | RM-DKT-GENERIC-SLAB","RM-HRD-SPACERS"
"FIN-OCN-COF-TAB-72X36-WH","clean","SA-OCE-CT-72X36-FRAME | RM-DKT-GENERIC-SLAB",""
"FIN-OCN-COF-TAB-72X42","clean","SA-OCE-CT-72X42-FRAME | RM-DKT-GENERIC-SLAB",""
"FIN-OCN-COF-TAB-72X42-BE","clean","SA-OCE-CT-72X42-FRAME | RM-DKT-GENERIC-SLAB",""
"FIN-OCN-COF-TAB-72X42-BO","clean","SA-OCE-CT-72X42-FRAME | RM-DKT-GENERIC-SLAB",""
"FIN-OCN-COF-TAB-72X42-BR","clean","SA-OCE-CT-72X42-FRAME | RM-DKT-GENERIC-SLAB",""
"FIN-OCN-COF-TAB-72X42-WH","clean","SA-OCE-CT-72X42-FRAME | RM-DKT-GENERIC-SLAB",""
"FIN-OCN-COF-TAB-72X56","clean","SA-OCE-CT-72X56-FRAME | RM-DKT-GENERIC-SLAB",""
"FIN-OCN-COF-TAB-72X56-BE","clean","SA-OCE-CT-72X56-FRAME | RM-DKT-GENERIC-SLAB",""
"FIN-OCN-COF-TAB-72X56-BO","clean","SA-OCE-CT-72X56-FRAME | RM-DKT-GENERIC-SLAB",""
"FIN-OCN-COF-TAB-72X56-BR","clean","SA-OCE-CT-72X56-FRAME | RM-DKT-GENERIC-SLAB",""
"FIN-OCN-COF-TAB-72X56-GR","conflicting_bom","SA-OCE-CT-72X56-FRAME | RM-DKT-GENERIC-SLAB","RM-HRD-SPACERS"
"FIN-OCN-COF-TAB-72X56-WH","clean","SA-OCE-CT-72X56-FRAME | RM-DKT-GENERIC-SLAB",""
"FIN-OCN-DOU-CHS-58X79-BE","conflicting_bom","SA-OCN-DOU-CHS-58X79-FRAME | SA-OCN-DOU-CHS-58X79-CUSH","RM-RAW-FOAM | RM-MET-FLATBAR | RM-MET-2X075-TUBING"
"FIN-OCN-DOU-CHS-58X79-BO","conflicting_bom","SA-OCN-DOU-CHS-58X79-FRAME | SA-OCN-DOU-CHS-58X79-CUSH","RM-RAW-FOAM | RM-MET-FLATBAR | RM-MET-2X075-TUBING"
"FIN-OCN-DOU-CHS-58X79-BR","conflicting_bom","SA-OCN-DOU-CHS-58X79-FRAME | SA-OCN-DOU-CHS-58X79-CUSH","RM-RAW-FOAM | RM-MET-FLATBAR | RM-MET-2X075-TUBING"
"FIN-OCN-DOU-CHS-58X79-GR","conflicting_bom","SA-OCN-DOU-CHS-58X79-FRAME | SA-OCN-DOU-CHS-58X79-CUSH","RM-RAW-FOAM | RM-MET-FLATBAR | RM-MET-2X075-TUBING"
"FIN-OCN-DOU-CHS-58X79-WH","conflicting_bom","SA-OCN-DOU-CHS-58X79-FRAME | SA-OCN-DOU-CHS-58X79-CUSH","RM-RAW-FOAM | RM-MET-FLATBAR | RM-MET-2X075-TUBING"
"FIN-OCN-LOV-SOF-60X38-BE-N","conflicting_bom","SA-OCN-LOV-SOF-60X38-FRAME | SA-OCN-LOV-SOF-60X38-CUSH","RM-RAW-FOAM | RM-MET-FLATBAR"
"FIN-OCN-LOV-SOF-60X38-BE-Y","conflicting_bom","SA-OCN-LOV-SOF-60X38-FRAME | SA-OCN-LOV-SOF-60X38-CUSH","RM-RAW-FOAM | RM-RAW-IRON-WOOD | RM-MET-FLATBAR"
"FIN-OCN-LOV-SOF-60X38-BL-Y","conflicting_bom","SA-OCN-LOV-SOF-60X38-FRAME | SA-OCN-LOV-SOF-60X38-CUSH","RM-RAW-FOAM | RM-RAW-IRON-WOOD | RM-MET-FLATBAR"
"FIN-OCN-LOV-SOF-60X38-BO-N","conflicting_bom","SA-OCN-LOV-SOF-60X38-FRAME | SA-OCN-LOV-SOF-60X38-CUSH","RM-RAW-FOAM | RM-MET-FLATBAR"
"FIN-OCN-LOV-SOF-60X38-BO-Y","conflicting_bom","SA-OCN-LOV-SOF-60X38-FRAME | SA-OCN-LOV-SOF-60X38-CUSH","RM-RAW-FOAM | RM-RAW-IRON-WOOD | RM-MET-FLATBAR"
"FIN-OCN-LOV-SOF-60X38-BR-N","conflicting_bom","SA-OCN-LOV-SOF-60X38-FRAME | SA-OCN-LOV-SOF-60X38-CUSH","RM-RAW-FOAM | RM-MET-FLATBAR"
"FIN-OCN-LOV-SOF-60X38-BR-Y","conflicting_bom","SA-OCN-LOV-SOF-60X38-FRAME | SA-OCN-LOV-SOF-60X38-CUSH","RM-RAW-FOAM | RM-RAW-IRON-WOOD | RM-MET-FLATBAR"
"FIN-OCN-LOV-SOF-60X38-GR-N","conflicting_bom","SA-OCN-LOV-SOF-60X38-FRAME | SA-OCN-LOV-SOF-60X38-CUSH","RM-RAW-FOAM | RM-MET-FLATBAR"
"FIN-OCN-LOV-SOF-60X38-GR-Y","conflicting_bom","SA-OCN-LOV-SOF-60X38-FRAME | SA-OCN-LOV-SOF-60X38-CUSH","RM-RAW-FOAM | RM-RAW-IRON-WOOD | RM-MET-FLATBAR"
"FIN-OCN-LOV-SOF-60X38-WH-N","conflicting_bom","SA-OCN-LOV-SOF-60X38-FRAME | SA-OCN-LOV-SOF-60X38-CUSH","RM-RAW-FOAM | RM-MET-FLATBAR"
"FIN-OCN-LOV-SOF-60X38-WH-Y","conflicting_bom","SA-OCN-LOV-SOF-60X38-FRAME | SA-OCN-LOV-SOF-60X38-CUSH","RM-RAW-FOAM | RM-RAW-IRON-WOOD | RM-MET-FLATBAR"
"FIN-OCN-OTT-30X22","clean","SA-OCE-O-30X22-FRAME | SA-OCE-O-30X22-CUSH",""
"FIN-OCN-OTT-30X22-BE","conflicting_bom","SA-OCE-O-30X22-FRAME | SA-OCE-O-30X22-CUSH","RM-RAW-FOAM | RM-MET-FLATBAR"
"FIN-OCN-OTT-30X22-BO","conflicting_bom","SA-OCE-O-30X22-FRAME | SA-OCE-O-30X22-CUSH","RM-RAW-FOAM | RM-MET-FLATBAR"
"FIN-OCN-OTT-30X22-BR","conflicting_bom","SA-OCE-O-30X22-FRAME | SA-OCE-O-30X22-CUSH","RM-RAW-FOAM | RM-MET-FLATBAR"
"FIN-OCN-OTT-30X22-GR","conflicting_bom","SA-OCE-O-30X22-FRAME | SA-OCE-O-30X22-CUSH","RM-RAW-FOAM | RM-MET-FLATBAR"
"FIN-OCN-OTT-30X22-WH","conflicting_bom","SA-OCE-O-30X22-FRAME | SA-OCE-O-30X22-CUSH","RM-RAW-FOAM | RM-MET-FLATBAR"
"FIN-OCN-OTT-42X22","clean","SA-OCE-O-42X22-FRAME | SA-OCE-O-42X22-CUSH",""
"FIN-OCN-OTT-42X22-BE","conflicting_bom","SA-OCE-O-42X22-FRAME | SA-OCE-O-42X22-CUSH","RM-RAW-FOAM | RM-MET-FLATBAR"
"FIN-OCN-OTT-42X22-BO","conflicting_bom","SA-OCE-O-42X22-FRAME | SA-OCE-O-42X22-CUSH","RM-RAW-FOAM | RM-MET-FLATBAR"
"FIN-OCN-OTT-42X22-BR","conflicting_bom","SA-OCE-O-42X22-FRAME | SA-OCE-O-42X22-CUSH","RM-RAW-FOAM | RM-MET-FLATBAR"
"FIN-OCN-OTT-42X22-GR","conflicting_bom","SA-OCE-O-42X22-FRAME | SA-OCE-O-42X22-CUSH","RM-RAW-FOAM | RM-MET-FLATBAR"
"FIN-OCN-OTT-42X22-WH","conflicting_bom","SA-OCE-O-42X22-FRAME | SA-OCE-O-42X22-CUSH","RM-RAW-FOAM | RM-MET-FLATBAR"
"FIN-OCN-OTT-60X22","clean","SA-OCE-O-60X22-FRAME | SA-OCE-O-60X22-CUSH",""
"FIN-OCN-OTT-60X22-BE","conflicting_bom","SA-OCE-O-60X22-FRAME | SA-OCE-O-60X22-CUSH","RM-RAW-FOAM | RM-MET-FLATBAR"
"FIN-OCN-OTT-60X22-BO","conflicting_bom","SA-OCE-O-60X22-FRAME | SA-OCE-O-60X22-CUSH","RM-RAW-FOAM | RM-MET-FLATBAR"
"FIN-OCN-OTT-60X22-BR","conflicting_bom","SA-OCE-O-60X22-FRAME | SA-OCE-O-60X22-CUSH","RM-RAW-FOAM | RM-MET-FLATBAR"
"FIN-OCN-OTT-60X22-GR","conflicting_bom","SA-OCE-O-60X22-FRAME | SA-OCE-O-60X22-CUSH","RM-RAW-FOAM | RM-MET-FLATBAR"
"FIN-OCN-OTT-60X22-WH","conflicting_bom","SA-OCE-O-60X22-FRAME | SA-OCE-O-60X22-CUSH","RM-RAW-FOAM | RM-MET-FLATBAR"
"FIN-OCN-OTT-72X22","clean","SA-OCE-O-72X22-FRAME | SA-OCE-O-72X22-CUSH",""
"FIN-OCN-OTT-72X22-BE","conflicting_bom","SA-OCE-O-72X22-FRAME | SA-OCE-O-72X22-CUSH","RM-RAW-FOAM | RM-MET-FLATBAR"
"FIN-OCN-OTT-72X22-BO","conflicting_bom","SA-OCE-O-72X22-FRAME | SA-OCE-O-72X22-CUSH","RM-RAW-FOAM | RM-MET-FLATBAR"
"FIN-OCN-OTT-72X22-BR","conflicting_bom","SA-OCE-O-72X22-FRAME | SA-OCE-O-72X22-CUSH","RM-RAW-FOAM | RM-MET-FLATBAR"
"FIN-OCN-OTT-72X22-GR","conflicting_bom","SA-OCE-O-72X22-FRAME | SA-OCE-O-72X22-CUSH","RM-RAW-FOAM | RM-MET-FLATBAR"
"FIN-OCN-OTT-72X22-WH","conflicting_bom","SA-OCE-O-72X22-FRAME | SA-OCE-O-72X22-CUSH","RM-RAW-FOAM | RM-MET-FLATBAR"
"FIN-OCN-SGL-CHS-36X79-BE","conflicting_bom","SA-OCN-SGL-CHS-36X79-FRAME | SA-OCN-SGL-CHS-36X79-CUSH","RM-RAW-FOAM | RM-MET-FLATBAR | RM-MET-2X075-TUBING"
"FIN-OCN-SGL-CHS-36X79-BO","conflicting_bom","SA-OCN-SGL-CHS-36X79-FRAME | SA-OCN-SGL-CHS-36X79-CUSH","RM-RAW-FOAM | RM-MET-FLATBAR | RM-MET-2X075-TUBING"
"FIN-OCN-SGL-CHS-36X79-BR","conflicting_bom","SA-OCN-SGL-CHS-36X79-FRAME | SA-OCN-SGL-CHS-36X79-CUSH","RM-RAW-FOAM | RM-MET-FLATBAR | RM-MET-2X075-TUBING"
"FIN-OCN-SGL-CHS-36X79-GR","conflicting_bom","SA-OCN-SGL-CHS-36X79-FRAME | SA-OCN-SGL-CHS-36X79-CUSH","RM-RAW-FOAM | RM-MET-FLATBAR | RM-MET-2X075-TUBING"
"FIN-OCN-SGL-CHS-36X79-WH","conflicting_bom","SA-OCN-SGL-CHS-36X79-FRAME | SA-OCN-SGL-CHS-36X79-CUSH","RM-RAW-FOAM | RM-MET-FLATBAR | RM-MET-2X075-TUBING"
"FIN-OCN-SID-TAB-20X20","clean","SA-OCE-ST-20X20-FRAME",""
"FIN-OCN-SID-TAB-20X20-BE","clean","SA-OCE-ST-20X20-FRAME",""
"FIN-OCN-SID-TAB-20X20-BO","clean","SA-OCE-ST-20X20-FRAME",""
"FIN-OCN-SID-TAB-20X20-BR","clean","SA-OCE-ST-20X20-FRAME",""
"FIN-OCN-SID-TAB-20X20-GR","clean","SA-OCE-ST-20X20-FRAME",""
"FIN-OCN-SID-TAB-20X20-WH","clean","SA-OCE-ST-20X20-FRAME",""
"FIN-OCN-SID-TAB-42","clean","SA-OCE-RST-42-FRAME",""
"FIN-OCN-SID-TAB-42-BE","clean","SA-OCE-RST-42-FRAME",""
"FIN-OCN-SID-TAB-42-BO","clean","SA-OCE-RST-42-FRAME",""
"FIN-OCN-SID-TAB-42-BR","clean","SA-OCE-RST-42-FRAME",""
"FIN-OCN-SID-TAB-42-GR","clean","SA-OCE-RST-42-FRAME",""
"FIN-OCN-SID-TAB-42-WH","clean","SA-OCE-RST-42-FRAME",""
"FIN-OCN-SOF-72X38","clean","SA-OCE-S-72-FRAME | SA-OCE-S-72-CUSH",""
"FIN-OCN-SOF-72X38-BE-N","conflicting_bom","SA-OCE-S-72-FRAME | SA-OCE-S-72-CUSH","RM-RAW-FOAM | RM-MET-FLATBAR"
"FIN-OCN-SOF-72X38-BE-Y","conflicting_bom","SA-OCE-S-72-FRAME | SA-OCE-S-72-CUSH","RM-RAW-FOAM | RM-RAW-IRON-WOOD | RM-MET-FLATBAR"
"FIN-OCN-SOF-72X38-BL-Y","conflicting_bom","SA-OCE-S-72-FRAME | SA-OCE-S-72-CUSH","RM-RAW-FOAM | RM-RAW-IRON-WOOD | RM-MET-FLATBAR"
"FIN-OCN-SOF-72X38-BO-N","conflicting_bom","SA-OCE-S-72-FRAME | SA-OCE-S-72-CUSH","RM-RAW-FOAM | RM-MET-FLATBAR"
"FIN-OCN-SOF-72X38-BO-Y","conflicting_bom","SA-OCE-S-72-FRAME | SA-OCE-S-72-CUSH","RM-RAW-FOAM | RM-RAW-IRON-WOOD | RM-MET-FLATBAR"
"FIN-OCN-SOF-72X38-BR-N","conflicting_bom","SA-OCE-S-72-FRAME | SA-OCE-S-72-CUSH","RM-RAW-FOAM | RM-MET-FLATBAR"
"FIN-OCN-SOF-72X38-BR-Y","conflicting_bom","SA-OCE-S-72-FRAME | SA-OCE-S-72-CUSH","RM-RAW-FOAM | RM-RAW-IRON-WOOD | RM-MET-FLATBAR"
"FIN-OCN-SOF-72X38-GR-N","conflicting_bom","SA-OCE-S-72-FRAME | SA-OCE-S-72-CUSH","RM-RAW-FOAM | RM-MET-FLATBAR"
"FIN-OCN-SOF-72X38-GR-Y","conflicting_bom","SA-OCE-S-72-FRAME | SA-OCE-S-72-CUSH","RM-RAW-FOAM | RM-RAW-IRON-WOOD | RM-MET-FLATBAR"
"FIN-OCN-SOF-72X38-WH-N","conflicting_bom","SA-OCE-S-72-FRAME | SA-OCE-S-72-CUSH","RM-RAW-FOAM | RM-MET-FLATBAR"
"FIN-OCN-SOF-72X38-WH-Y","conflicting_bom","SA-OCE-S-72-FRAME | SA-OCE-S-72-CUSH","RM-RAW-FOAM | RM-RAW-IRON-WOOD | RM-MET-FLATBAR"
"FIN-OCN-SOF-84X38","clean","SA-OCE-S-84-FRAME | SA-OCE-S-84-CUSH",""
"FIN-OCN-SOF-84X38-BE-N","conflicting_bom","SA-OCE-S-84-FRAME | SA-OCE-S-84-CUSH","RM-RAW-FOAM | RM-MET-FLATBAR"
"FIN-OCN-SOF-84X38-BE-Y","conflicting_bom","SA-OCE-S-84-FRAME | SA-OCE-S-84-CUSH","RM-RAW-FOAM | RM-RAW-IRON-WOOD | RM-MET-FLATBAR"
"FIN-OCN-SOF-84X38-BL-Y","conflicting_bom","SA-OCE-S-84-FRAME | SA-OCE-S-84-CUSH","RM-RAW-FOAM | RM-RAW-IRON-WOOD | RM-MET-FLATBAR"
"FIN-OCN-SOF-84X38-BO-N","conflicting_bom","SA-OCE-S-84-FRAME | SA-OCE-S-84-CUSH","RM-RAW-FOAM | RM-MET-FLATBAR"
"FIN-OCN-SOF-84X38-BO-Y","conflicting_bom","SA-OCE-S-84-FRAME | SA-OCE-S-84-CUSH","RM-RAW-FOAM | RM-RAW-IRON-WOOD | RM-MET-FLATBAR"
"FIN-OCN-SOF-84X38-BR-N","conflicting_bom","SA-OCE-S-84-FRAME | SA-OCE-S-84-CUSH","RM-RAW-FOAM | RM-MET-FLATBAR"
"FIN-OCN-SOF-84X38-BR-Y","conflicting_bom","SA-OCE-S-84-FRAME | SA-OCE-S-84-CUSH","RM-RAW-FOAM | RM-RAW-IRON-WOOD | RM-MET-FLATBAR"
"FIN-OCN-SOF-84X38-GR-N","conflicting_bom","SA-OCE-S-84-FRAME | SA-OCE-S-84-CUSH","RM-RAW-FOAM | RM-MET-FLATBAR"
"FIN-OCN-SOF-84X38-GR-Y","conflicting_bom","SA-OCE-S-84-FRAME | SA-OCE-S-84-CUSH","RM-RAW-FOAM | RM-RAW-IRON-WOOD | RM-MET-FLATBAR"
"FIN-OCN-SOF-84X38-WH-N","conflicting_bom","SA-OCE-S-84-FRAME | SA-OCE-S-84-CUSH","RM-RAW-FOAM | RM-MET-FLATBAR"
"FIN-OCN-SOF-84X38-WH-Y","conflicting_bom","SA-OCE-S-84-FRAME | SA-OCE-S-84-CUSH","RM-RAW-FOAM | RM-RAW-IRON-WOOD | RM-MET-FLATBAR"
"FIN-OCN-SOF-96X38","clean","SA-OCE-S-96-FRAME | SA-OCE-S-96-CUSH",""
"FIN-OCN-SOF-96X38-BE-N","conflicting_bom","SA-OCE-S-96-FRAME | SA-OCE-S-96-CUSH","RM-RAW-FOAM | RM-MET-FLATBAR"
"FIN-OCN-SOF-96X38-BE-Y","conflicting_bom","SA-OCE-S-96-FRAME | SA-OCE-S-96-CUSH","RM-RAW-FOAM | RM-RAW-IRON-WOOD | RM-MET-FLATBAR"
"FIN-OCN-SOF-96X38-BL-Y","conflicting_bom","SA-OCE-S-96-FRAME | SA-OCE-S-96-CUSH","RM-RAW-FOAM | RM-RAW-IRON-WOOD | RM-MET-FLATBAR"
"FIN-OCN-SOF-96X38-BO-N","conflicting_bom","SA-OCE-S-96-FRAME | SA-OCE-S-96-CUSH","RM-RAW-FOAM | RM-MET-FLATBAR"
"FIN-OCN-SOF-96X38-BO-Y","conflicting_bom","SA-OCE-S-96-FRAME | SA-OCE-S-96-CUSH","RM-RAW-FOAM | RM-RAW-IRON-WOOD | RM-MET-FLATBAR"
"FIN-OCN-SOF-96X38-BR-N","conflicting_bom","SA-OCE-S-96-FRAME | SA-OCE-S-96-CUSH","RM-RAW-FOAM | RM-MET-FLATBAR"
"FIN-OCN-SOF-96X38-BR-Y","conflicting_bom","SA-OCE-S-96-FRAME | SA-OCE-S-96-CUSH","RM-RAW-FOAM | RM-RAW-IRON-WOOD | RM-MET-FLATBAR"
"FIN-OCN-SOF-96X38-GR-N","conflicting_bom","SA-OCE-S-96-FRAME | SA-OCE-S-96-CUSH","RM-RAW-FOAM | RM-MET-FLATBAR"
"FIN-OCN-SOF-96X38-GR-Y","conflicting_bom","SA-OCE-S-96-FRAME | SA-OCE-S-96-CUSH","RM-RAW-FOAM | RM-RAW-IRON-WOOD | RM-MET-FLATBAR"
"FIN-OCN-SOF-96X38-WH-N","conflicting_bom","SA-OCE-S-96-FRAME | SA-OCE-S-96-CUSH","RM-RAW-FOAM | RM-MET-FLATBAR"
"FIN-OCN-SOF-96X38-WH-Y","conflicting_bom","SA-OCE-S-96-FRAME | SA-OCE-S-96-CUSH","RM-RAW-FOAM | RM-RAW-IRON-WOOD | RM-MET-FLATBAR"
"FIN-OCN-SWV-CHA","conflicting_bom","ASM-OCN-SWV-CHA-34X38-FRAME | ASM-OCN-SWV-CHA-34X38-CUSH","ASM-OCN-SWV-CHA-FRAME | ASM-OCN-SWV-CHA-CUSH"
"FIN-OCN-SWV-CHA-BE-N","clean","ASM-OCN-SWV-CHA-34X38-FRAME | ASM-OCN-SWV-CHA-34X38-CUSH",""
"FIN-OCN-SWV-CHA-BE-Y","clean","ASM-OCN-SWV-CHA-34X38-FRAME | ASM-OCN-SWV-CHA-34X38-CUSH",""
"FIN-OCN-SWV-CHA-BL-N","clean","ASM-OCN-SWV-CHA-34X38-FRAME | ASM-OCN-SWV-CHA-34X38-CUSH",""
"FIN-OCN-SWV-CHA-BO-N","clean","ASM-OCN-SWV-CHA-34X38-FRAME | ASM-OCN-SWV-CHA-34X38-CUSH",""
"FIN-OCN-SWV-CHA-BO-Y","clean","ASM-OCN-SWV-CHA-34X38-FRAME | ASM-OCN-SWV-CHA-34X38-CUSH",""
"FIN-OCN-SWV-CHA-BR-N","clean","ASM-OCN-SWV-CHA-34X38-FRAME | ASM-OCN-SWV-CHA-34X38-CUSH",""
"FIN-OCN-SWV-CHA-BR-Y","clean","ASM-OCN-SWV-CHA-34X38-FRAME | ASM-OCN-SWV-CHA-34X38-CUSH",""
"FIN-OCN-SWV-CHA-GR-N","clean","ASM-OCN-SWV-CHA-34X38-FRAME | ASM-OCN-SWV-CHA-34X38-CUSH",""
"FIN-OCN-SWV-CHA-GR-Y","clean","ASM-OCN-SWV-CHA-34X38-FRAME | ASM-OCN-SWV-CHA-34X38-CUSH",""
"FIN-OCN-SWV-CHA-WH-N","clean","ASM-OCN-SWV-CHA-34X38-FRAME | ASM-OCN-SWV-CHA-34X38-CUSH",""
"FIN-OCN-SWV-CHA-WH-Y","clean","ASM-OCN-SWV-CHA-34X38-FRAME | ASM-OCN-SWV-CHA-34X38-CUSH",""
"FIN-STA-CNT-TAB-36X36","conflicting_bom","RM-DKT-GENERIC-SLAB","ASM-STA-CNT-TAB-36X36-FRAME"
"FIN-STA-CNT-TAB-42X42","conflicting_bom","RM-DKT-GENERIC-SLAB","ASM-STA-CNT-TAB-42X42-FRAME"
"FIN-STA-CNT-TAB-72X36","conflicting_bom","RM-DKT-GENERIC-SLAB","ASM-STA-CNT-TAB-72X36-FRAME"
"FIN-STA-DIN-TAB-36X36","conflicting_bom","RM-DKT-GENERIC-SLAB","ASM-STA-DIN-TAB-36X36-FRAME"
"FIN-STA-DIN-TAB-42X42","conflicting_bom","RM-DKT-GENERIC-SLAB","ASM-STA-DIN-TAB-42X42-FRAME"
"FIN-STA-DIN-TAB-72X36","conflicting_bom","RM-DKT-GENERIC-SLAB","ASM-STA-DIN-TAB-72X36-FRAME"
"FIN-TAY-BEN-DIN-HEI-42","conflicting_bom","RM-DKT-GENERIC-SLAB","ASM-TAY-BEN-DIN-HEI-42-CUSH | ASM-TAY-BEN-DIN-HEI-42-FRAME"
"FIN-TAY-BEN-DIN-HEI-72","conflicting_bom","RM-DKT-GENERIC-SLAB","ASM-TAY-BEN-DIN-HEI-72-FRAME | ASM-TAY-BEN-DIN-HEI-72-CUSH"
"FIN-TAY-DIN-CHA-19X23","conflicting_bom","RM-DKT-GENERIC-SLAB","ASM-TAY-DIN-CHA-19X23-CUSH | ASM-TAY-DIN-CHA-19X23-FRAME"
"FIN-TAY-DIN-CHA-24X23","conflicting_bom","RM-DKT-GENERIC-SLAB","ASM-TAY-DIN-CHA-24X23-FRAME | ASM-TAY-DIN-CHA-24X23-CUSH"
"FIN-WFT-CNT-TAB-120X28","conflicting_bom","RM-DKT-GENERIC-SLAB","ASM-WFT-CNT-TAB-120X28-FRAME"
"FIN-WFT-CNT-TAB-120X36","conflicting_bom","RM-DKT-GENERIC-SLAB","ASM-WFT-CNT-TAB-120X36-FRAME"
"FIN-WFT-CNT-TAB-28X120","conflicting_bom","RM-DKT-GENERIC-SLAB","ASM-WFT-CNT-TAB-28X120-FRAME"
"FIN-WFT-CNT-TAB-28X72","conflicting_bom","RM-DKT-GENERIC-SLAB","ASM-WFT-CNT-TAB-28X72-FRAME"
"FIN-WFT-CNT-TAB-28X96","conflicting_bom","RM-DKT-GENERIC-SLAB","ASM-WFT-CNT-TAB-28X96-FRAME"
"FIN-WFT-CNT-TAB-36X120","conflicting_bom","RM-DKT-GENERIC-SLAB","ASM-WFT-CNT-TAB-36X120-FRAME"
"FIN-WFT-CNT-TAB-36X72","conflicting_bom","RM-DKT-GENERIC-SLAB","ASM-WFT-CNT-TAB-36X72-FRAME"
"FIN-WFT-CNT-TAB-36X96","conflicting_bom","RM-DKT-GENERIC-SLAB","ASM-WFT-CNT-TAB-36X96-FRAME"
"FIN-WFT-CNT-TAB-72X28","conflicting_bom","RM-DKT-GENERIC-SLAB","ASM-WFT-CNT-TAB-72X28-FRAME"
"FIN-WFT-CNT-TAB-72X36","conflicting_bom","RM-DKT-GENERIC-SLAB","ASM-WFT-CNT-TAB-72X36-FRAME"
"FIN-WFT-CNT-TAB-96X28","conflicting_bom","RM-DKT-GENERIC-SLAB","ASM-WFT-CNT-TAB-96X28-FRAME"
"FIN-WFT-CNT-TAB-96X36","conflicting_bom","RM-DKT-GENERIC-SLAB","ASM-WFT-CNT-TAB-96X36-FRAME"
"FIN-WFT-DIN-BCH-72X22","conflicting_bom","RM-DKT-GENERIC-SLAB","ASM-WFT-DIN-BCH-72X22-CUSH | ASM-WFT-DIN-BCH-72X22-FRAME"
"FIN-WFT-DIN-BCH-96X22","conflicting_bom","RM-DKT-GENERIC-SLAB","ASM-WFT-DIN-BCH-96X22-CUSH | ASM-WFT-DIN-BCH-96X22-FRAME"
"FIN-WFT-DIN-CHA-17X21","conflicting_bom","RM-DKT-GENERIC-SLAB","ASM-WFT-DIN-CHA-17X21-FRAME | ASM-WFT-DIN-CHA-17X21-CUSH"
"FIN-WFT-DIN-CHA-18X18","conflicting_bom","RM-DKT-GENERIC-SLAB","ASM-WFT-DIN-CHA-18X18-FRAME | ASM-WFT-DIN-CHA-18X18-CUSH"
"FIN-WFT-DIN-TAB-120X28","conflicting_bom","RM-DKT-GENERIC-SLAB","ASM-WFT-DIN-TAB-120X28-FRAME"
"FIN-WFT-DIN-TAB-120X36","conflicting_bom","RM-DKT-GENERIC-SLAB","ASM-WFT-DIN-TAB-120X36-FRAME"
"FIN-WFT-DIN-TAB-28X120","conflicting_bom","RM-DKT-GENERIC-SLAB","ASM-WFT-DIN-TAB-28X120-FRAME"
"FIN-WFT-DIN-TAB-28X72","conflicting_bom","RM-DKT-GENERIC-SLAB","ASM-WFT-DIN-TAB-28X72-FRAME"
"FIN-WFT-DIN-TAB-28X96","conflicting_bom","RM-DKT-GENERIC-SLAB","ASM-WFT-DIN-TAB-28X96-FRAME"
"FIN-WFT-DIN-TAB-36X120","conflicting_bom","RM-DKT-GENERIC-SLAB","ASM-WFT-DIN-TAB-36X120-FRAME"
"FIN-WFT-DIN-TAB-36X72","conflicting_bom","RM-DKT-GENERIC-SLAB","ASM-WFT-DIN-TAB-36X72-FRAME"
"FIN-WFT-DIN-TAB-36X96","conflicting_bom","RM-DKT-GENERIC-SLAB","ASM-WFT-DIN-TAB-36X96-FRAME"
"FIN-WFT-DIN-TAB-72X36","conflicting_bom","RM-DKT-GENERIC-SLAB","ASM-WFT-DIN-TAB-72X36-FRAME"
"FIN-WFT-DIN-TAB-96X28","conflicting_bom","RM-DKT-GENERIC-SLAB","ASM-WFT-DIN-TAB-96X28-FRAME"
"FIN-WFT-DIN-TAB-96X36","conflicting_bom","RM-DKT-GENERIC-SLAB","ASM-WFT-DIN-TAB-96X36-FRAME"
"FIN-WFT-FIR-TAB-56X36","conflicting_bom","RM-DKT-GENERIC-SLAB","ASM-WFT-FIR-TAB-56X36-FRAME"
"FIN-WFT-FIR-TAB-56X36-CUBEFIRE","conflicting_bom","RM-DKT-GENERIC-SLAB","ASM-WFT-FIR-TAB-56X36-FRAME"
"FIN-WFT-FIR-TAB-72X36","conflicting_bom","RM-DKT-GENERIC-SLAB","ASM-WFT-FIR-TAB-72X36-FRAME"
"FIN-WFT-FIR-TAB-72X36-CUBEFIRE","conflicting_bom","RM-DKT-GENERIC-SLAB","ASM-WFT-FIR-TAB-72X36-FRAME"
