sku,material_id,variant_id,old_price,new_price,rule,unit,action,detail
RM-FAB-TEST-FABRIC-RAW,17968059,42049893,20,20,FAB-/RM-FAB-,$/yd,unchanged,already at target price
PWD-WILD-RICE,17968058,42049892,8.64,8.64,PWD-/RM-PWD-,$/lb,unchanged,already at target price
PWD-OIL-RUB-BRONZE,17968057,42049891,8.64,8.64,PWD-/RM-PWD-,$/lb,unchanged,already at target price
PWD-METAL-WIRE-FOR-HANGING-FRAMES,17968056,42049890,8.64,8.64,PWD-/RM-PWD-,$/lb,unchanged,already at target price
PWD-LITE-BEIGE,17968055,42049889,8.64,8.64,PWD-/RM-PWD-,$/lb,unchanged,already at target price
PWD-HIGH-TEMP-SILICONE-TAPERED-MASKING-PLUGS,17968054,42049888,8.64,8.64,PWD-/RM-PWD-,$/lb,unchanged,already at target price
PWD-GRAY-ZINC-EPOXY-PRIMER,17968053,42049887,9.45,9.45,PRM-/PRIMER,$/lb,unchanged,already at target price
PWD-FANUC-GRAY,17968052,42049886,8.64,8.64,PWD-/RM-PWD-,$/lb,unchanged,already at target price
PWD-BONE,17968050,42049884,8.64,8.64,PWD-/RM-PWD-,$/lb,unchanged,already at target price
PWD-BLACK,17968049,42049883,8.64,8.64,PWD-/RM-PWD-,$/lb,unchanged,already at target price
RM-PWD-GENERIC,17967249,42047075,8.64,8.64,PWD-/RM-PWD-,$/lb,unchanged,already at target price
RM-MET-2X2-TUBING,17967248,42047074,1.68,1.68,includes 2X2,$/LF,unchanged,already at target price
RM-MET-2X1-TUBING,17967247,42047073,1.44,1.44,includes 2X1,$/LF,unchanged,already at target price
RM-DKT-GENERIC-SLAB,17967245,42047071,8,8,DKT-/RM-DKT-,$/sqft,unchanged,already at target price
FAB-WHI-WITCANPINHORSTR,17905789,41894336,20,20,FAB-/RM-FAB-,$/yd,unchanged,already at target price
FAB-VOY-IND,17905788,41894335,20,20,FAB-/RM-FAB-,$/yd,unchanged,already at target price
FAB-VOY-DUN,17905787,41894334,20,20,FAB-/RM-FAB-,$/yd,unchanged,already at target price
FAB-VIO-BAL,17905785,41894329,20,20,FAB-/RM-FAB-,$/yd,unchanged,already at target price
FAB-VIE-NAU,17905784,41894328,20,20,FAB-/RM-FAB-,$/yd,unchanged,already at target price
FAB-VAL-SED,17905783,41894327,20,20,FAB-/RM-FAB-,$/yd,unchanged,already at target price
FAB-VAL-DUN,17905781,41894325,20,20,FAB-/RM-FAB-,$/yd,unchanged,already at target price
FAB-VAL-DES,17905780,41894324,20,20,FAB-/RM-FAB-,$/yd,unchanged,already at target price
FAB-UNW-RAI,17905779,41894323,20,20,FAB-/RM-FAB-,$/yd,unchanged,already at target price
FAB-UNW-CAM,17905778,41894322,20,20,FAB-/RM-FAB-,$/yd,unchanged,already at target price
FAB-UND-TID,17905777,41894321,20,20,FAB-/RM-FAB-,$/yd,unchanged,already at target price
FAB-UND-STO,17905776,41894320,20,20,FAB-/RM-FAB-,$/yd,unchanged,already at target price
FAB-UND-SAN,17905775,41894319,20,20,FAB-/RM-FAB-,$/yd,unchanged,already at target price
FAB-TRU-FOG,17905774,41894318,20,20,FAB-/RM-FAB-,$/yd,unchanged,already at target price
FAB-TROPICS-JUNGLE,17905773,41894317,20,20,FAB-/RM-FAB-,$/yd,unchanged,already at target price
FAB-TROPIC-JUNGLE,17905772,41894316,20,20,FAB-/RM-FAB-,$/yd,unchanged,already at target price
FAB-TRA-SAG,17905771,41894315,20,20,FAB-/RM-FAB-,$/yd,unchanged,already at target price
FAB-TRA-LIN,17905770,41894314,20,20,FAB-/RM-FAB-,$/yd,unchanged,already at target price
FAB-TRA-CLO,17905769,41894313,20,20,FAB-/RM-FAB-,$/yd,unchanged,already at target price
FAB-TRA-CAM,17905768,41894312,20,20,FAB-/RM-FAB-,$/yd,unchanged,already at target price
FAB-TIC-DOV,17905767,41894311,20,20,FAB-/RM-FAB-,$/yd,unchanged,already at target price
FAB-TAO-STE,17905766,41894310,20,20,FAB-/RM-FAB-,$/yd,unchanged,already at target price
FAB-SWI-IND,17905765,41894309,20,20,FAB-/RM-FAB-,$/yd,unchanged,already at target price
FAB-SUR-DUS,17905764,41894308,20,20,FAB-/RM-FAB-,$/yd,unchanged,already at target price
FAB-STE-GREULT,17905763,41894307,20,20,FAB-/RM-FAB-,$/yd,unchanged,already at target price
FAB-STE-ALP,17905762,41894306,20,20,FAB-/RM-FAB-,$/yd,unchanged,already at target price
FAB-STA-MES54ALM,17905761,41894305,20,20,FAB-/RM-FAB-,$/yd,unchanged,already at target price
FAB-STA-LAG,17905759,41894303,20,20,FAB-/RM-FAB-,$/yd,unchanged,already at target price
FAB-STA-GRE,17905758,41894302,20,20,FAB-/RM-FAB-,$/yd,unchanged,already at target price
FAB-SPEC-CARI,17905757,41894301,20,20,FAB-/RM-FAB-,$/yd,unchanged,already at target price
FAB-SPEC-CARB,17905756,41894300,20,20,FAB-/RM-FAB-,$/yd,unchanged,already at target price
FAB-SPE-SAN,17905755,41894299,20,20,FAB-/RM-FAB-,$/yd,unchanged,already at target price
FAB-SPE-PEW,17905754,41894298,20,20,FAB-/RM-FAB-,$/yd,unchanged,already at target price
FAB-SPE-MUS,17905753,41894297,20,20,FAB-/RM-FAB-,$/yd,unchanged,already at target price
FAB-SPE-MIS,17905752,41894296,20,20,FAB-/RM-FAB-,$/yd,unchanged,already at target price
FAB-SPE-KIW,17905751,41894295,20,20,FAB-/RM-FAB-,$/yd,unchanged,already at target price
FAB-SPE-IND,17905750,41894294,20,20,FAB-/RM-FAB-,$/yd,unchanged,already at target price
FAB-SPE-GRA,17905749,41894293,20,20,FAB-/RM-FAB-,$/yd,unchanged,already at target price
FAB-SPE-EGG,17905748,41894292,20,20,FAB-/RM-FAB-,$/yd,unchanged,already at target price
FAB-SPE-DOV,17905747,41894291,20,20,FAB-/RM-FAB-,$/yd,unchanged,already at target price
FAB-SPE-DEN,17905746,41894290,20,20,FAB-/RM-FAB-,$/yd,unchanged,already at target price
FAB-SPE-CIL,17905745,41894289,20,20,FAB-/RM-FAB-,$/yd,unchanged,already at target price
FAB-SPE-CAY,17905744,41894288,20,20,FAB-/RM-FAB-,$/yd,unchanged,already at target price
FAB-SPE-AZT,17905743,41894287,20,20,FAB-/RM-FAB-,$/yd,unchanged,already at target price
FAB-SOL-SEA,17905742,41894286,20,20,FAB-/RM-FAB-,$/yd,unchanged,already at target price
FAB-SOL-DEN,17905741,41894285,20,20,FAB-/RM-FAB-,$/yd,unchanged,already at target price
FAB-SOL-CLA,17905740,41894284,20,20,FAB-/RM-FAB-,$/yd,unchanged,already at target price
FAB-SNO-CAP,17905739,41894283,20,20,FAB-/RM-FAB-,$/yd,unchanged,already at target price
FAB-SKY-BLUAWNMAR,17905738,41894282,20,20,FAB-/RM-FAB-,$/yd,unchanged,already at target price
FAB-SHO-REG,17905737,41894281,20,20,FAB-/RM-FAB-,$/yd,unchanged,already at target price
FAB-SHO-LIN,17905736,41894280,20,20,FAB-/RM-FAB-,$/yd,unchanged,already at target price
FAB-SHO-CLA,17905735,41894279,20,20,FAB-/RM-FAB-,$/yd,unchanged,already at target price
FAB-SHI-CLA,17905734,41894278,20,20,FAB-/RM-FAB-,$/yd,unchanged,already at target price
FAB-SHE-WHI,17905733,41894277,20,20,FAB-/RM-FAB-,$/yd,unchanged,already at target price
FAB-SHE-SUR,17905732,41894276,20,20,FAB-/RM-FAB-,$/yd,unchanged,already at target price
FAB-SHE-LIN,17905730,41894274,20,20,FAB-/RM-FAB-,$/yd,unchanged,already at target price
FAB-SHA-SNO,17905729,41894273,20,20,FAB-/RM-FAB-,$/yd,unchanged,already at target price
FAB-SEV-SEA,17905728,41894272,20,20,FAB-/RM-FAB-,$/yd,unchanged,already at target price
FAB-SEN-IISPL,17905727,41894271,20,20,FAB-/RM-FAB-,$/yd,unchanged,already at target price
FAB-SCO-CAP,17905726,41894270,20,20,FAB-/RM-FAB-,$/yd,unchanged,already at target price
FAB-SCA-CLO,17905725,41894269,20,20,FAB-/RM-FAB-,$/yd,unchanged,already at target price
FAB-SAVY-ONYX,17905724,41894268,20,20,FAB-/RM-FAB-,$/yd,unchanged,already at target price
FAB-SAVV-ONYX,17905723,41894267,20,20,FAB-/RM-FAB-,$/yd,unchanged,already at target price
FAB-SAV-ULT,17905722,41894266,20,20,FAB-/RM-FAB-,$/yd,unchanged,already at target price
FAB-SAV-IND,17905721,41894265,20,20,FAB-/RM-FAB-,$/yd,unchanged,already at target price
FAB-SAI-SPA,17905720,41894264,20,20,FAB-/RM-FAB-,$/yd,unchanged,already at target price
FAB-SAI-SEA,17905719,41894263,20,20,FAB-/RM-FAB-,$/yd,unchanged,already at target price
FAB-SAI-SAH,17905718,41894262,20,20,FAB-/RM-FAB-,$/yd,unchanged,already at target price
FAB-SAI-AWASUN,17905717,41894261,20,20,FAB-/RM-FAB-,$/yd,unchanged,already at target price
FAB-SAI-AWADEN,17905716,41894260,20,20,FAB-/RM-FAB-,$/yd,unchanged,already at target price
FAB-RUE-COS,17905715,41894259,20,20,FAB-/RM-FAB-,$/yd,unchanged,already at target price
FAB-RIT-ROS,17905714,41894258,20,20,FAB-/RM-FAB-,$/yd,unchanged,already at target price
FAB-RIT-NEC,17905712,41894256,20,20,FAB-/RM-FAB-,$/yd,unchanged,already at target price
FAB-RIT-CHA,17905711,41894255,20,20,FAB-/RM-FAB-,$/yd,unchanged,already at target price
FAB-REV-SAN,17905710,41894254,20,20,FAB-/RM-FAB-,$/yd,unchanged,already at target price
FAB-REV-IND,17905709,41894253,20,20,FAB-/RM-FAB-,$/yd,unchanged,already at target price
FAB-RES-CIT,17905708,41894252,20,20,FAB-/RM-FAB-,$/yd,unchanged,already at target price
FAB-REN-MIS,17905707,41894251,20,20,FAB-/RM-FAB-,$/yd,unchanged,already at target price
FAB-REM-SIL,17905706,41894250,20,20,FAB-/RM-FAB-,$/yd,unchanged,already at target price
FAB-REM-PAR,17905705,41894249,20,20,FAB-/RM-FAB-,$/yd,unchanged,already at target price
FAB-REM-MUS,17905704,41894248,20,20,FAB-/RM-FAB-,$/yd,unchanged,already at target price
FAB-REM-MES,17905703,41894247,20,20,FAB-/RM-FAB-,$/yd,unchanged,already at target price
FAB-REM-DEN,17905702,41894246,20,20,FAB-/RM-FAB-,$/yd,unchanged,already at target price
FAB-REL-HAR,17905700,41894244,20,20,FAB-/RM-FAB-,$/yd,unchanged,already at target price
FAB-REG-SAN,17905699,41894243,20,20,FAB-/RM-FAB-,$/yd,unchanged,already at target price
FAB-RAL-GRA,17905698,41894242,20,20,FAB-/RM-FAB-,$/yd,unchanged,already at target price
FAB-RAL-EMBWESMAY,17905697,41894241,20,20,FAB-/RM-FAB-,$/yd,unchanged,already at target price
FAB-RAI-ULT,17905696,41894240,20,20,FAB-/RM-FAB-,$/yd,unchanged,already at target price
FAB-PUE-DUN,17905695,41894239,20,20,FAB-/RM-FAB-,$/yd,unchanged,already at target price
FAB-PRI-TRO,17905694,41894238,20,20,FAB-/RM-FAB-,$/yd,unchanged,already at target price
FAB-PRI-LAG,17905693,41894237,20,20,FAB-/RM-FAB-,$/yd,unchanged,already at target price
FAB-PRE-FAW,17905692,41894236,20,20,FAB-/RM-FAB-,$/yd,unchanged,already at target price
FAB-POS-SKY,17905691,41894235,20,20,FAB-/RM-FAB-,$/yd,unchanged,already at target price
FAB-POS-SAP,17905690,41894234,20,20,FAB-/RM-FAB-,$/yd,unchanged,already at target price
FAB-POS-GRA,17905689,41894233,20,20,FAB-/RM-FAB-,$/yd,unchanged,already at target price
FAB-POS-AQU,17905687,41894231,20,20,FAB-/RM-FAB-,$/yd,unchanged,already at target price
FAB-PLAY-CAMEO,17905686,41894230,20,20,FAB-/RM-FAB-,$/yd,unchanged,already at target price
FAB-PLAY-CAMEL,17905685,41894229,20,20,FAB-/RM-FAB-,$/yd,unchanged,already at target price
FAB-PLAY-ADOV,17905683,41894227,20,20,FAB-/RM-FAB-,$/yd,unchanged,already at target price
FAB-PLAY-ADOB,17905682,41894226,20,20,FAB-/RM-FAB-,$/yd,unchanged,already at target price
FAB-PLA-TEA,17905681,41894225,20,20,FAB-/RM-FAB-,$/yd,unchanged,already at target price
FAB-PLA-SNO,17905680,41894224,20,20,FAB-/RM-FAB-,$/yd,unchanged,already at target price
FAB-PLA-SAL,17905679,41894223,20,20,FAB-/RM-FAB-,$/yd,unchanged,already at target price
FAB-PLA-MOC,17905678,41894222,20,20,FAB-/RM-FAB-,$/yd,unchanged,already at target price
FAB-PLA-JUN,17905677,41894221,20,20,FAB-/RM-FAB-,$/yd,unchanged,already at target price
FAB-PLA-CLO,17905676,41894219,20,20,FAB-/RM-FAB-,$/yd,unchanged,already at target price
FAB-PIQ-SAN,17905675,41894218,20,20,FAB-/RM-FAB-,$/yd,unchanged,already at target price
FAB-PIQ-MID,17905674,41894217,20,20,FAB-/RM-FAB-,$/yd,unchanged,already at target price
FAB-PIQ-FLA,17905673,41894216,20,20,FAB-/RM-FAB-,$/yd,unchanged,already at target price
FAB-PIN-TOMCLO,17905672,41894215,20,20,FAB-/RM-FAB-,$/yd,unchanged,already at target price
FAB-PIN-SIECHA,17905671,41894214,20,20,FAB-/RM-FAB-,$/yd,unchanged,already at target price
FAB-PIA-VAP,17905670,41894213,20,20,FAB-/RM-FAB-,$/yd,unchanged,already at target price
FAB-PIA-PEB,17905668,41894211,20,20,FAB-/RM-FAB-,$/yd,unchanged,already at target price
FAB-PIA-LAG,17905667,41894209,20,20,FAB-/RM-FAB-,$/yd,unchanged,already at target price
FAB-PIA-GRA,17905666,41894208,20,20,FAB-/RM-FAB-,$/yd,unchanged,already at target price
FAB-PER-RAFVEL,17905665,41894207,20,20,FAB-/RM-FAB-,$/yd,unchanged,already at target price
FAB-OYS-AWNMAR,17905664,41894206,20,20,FAB-/RM-FAB-,$/yd,unchanged,already at target price
FAB-ORT-ONY,17905663,41894205,20,20,FAB-/RM-FAB-,$/yd,unchanged,already at target price
FAB-NUR-WHI,17905662,41894204,20,20,FAB-/RM-FAB-,$/yd,unchanged,already at target price
FAB-NUR-SMO,17905661,41894203,20,20,FAB-/RM-FAB-,$/yd,unchanged,already at target price
FAB-NUR-PEB,17905660,41894202,20,20,FAB-/RM-FAB-,$/yd,unchanged,already at target price
FAB-NUR-IND,17905659,41894201,20,20,FAB-/RM-FAB-,$/yd,unchanged,already at target price
FAB-NUR-HAZ,17905658,41894200,20,20,FAB-/RM-FAB-,$/yd,unchanged,already at target price
FAB-NUR-CHA,17905657,41894199,20,20,FAB-/RM-FAB-,$/yd,unchanged,already at target price
FAB-NUA-SAN,17905656,41894198,20,20,FAB-/RM-FAB-,$/yd,unchanged,already at target price
FAB-NUA-CLO,17905655,41894197,20,20,FAB-/RM-FAB-,$/yd,unchanged,already at target price
FAB-NAV-BLUULT,17905653,41894195,20,20,FAB-/RM-FAB-,$/yd,unchanged,already at target price
FAB-MOU-SNO,17905652,41894194,20,20,FAB-/RM-FAB-,$/yd,unchanged,already at target price
FAB-MOM-PAR,17905651,41894193,20,20,FAB-/RM-FAB-,$/yd,unchanged,already at target price
FAB-MOM-DOV,17905649,41894191,20,20,FAB-/RM-FAB-,$/yd,unchanged,already at target price
FAB-MIL-COB,17905648,41894190,20,20,FAB-/RM-FAB-,$/yd,unchanged,already at target price
FAB-MIL-CHA,17905647,41894189,20,20,FAB-/RM-FAB-,$/yd,unchanged,already at target price
FAB-MID-STO,17905646,41894188,20,20,FAB-/RM-FAB-,$/yd,unchanged,already at target price
FAB-MID-IND,17905645,41894187,20,20,FAB-/RM-FAB-,$/yd,unchanged,already at target price
FAB-MET-SNO,17905644,41894186,20,20,FAB-/RM-FAB-,$/yd,unchanged,already at target price
FAB-MET-SLA,17905643,41894185,20,20,FAB-/RM-FAB-,$/yd,unchanged,already at target price
FAB-MET-SAN,17905642,41894184,20,20,FAB-/RM-FAB-,$/yd,unchanged,already at target price
FAB-MET-LAG,17905641,41894183,20,20,FAB-/RM-FAB-,$/yd,unchanged,already at target price
FAB-MET-FOG,17905640,41894182,20,20,FAB-/RM-FAB-,$/yd,unchanged,already at target price
FAB-MET-CLO,17905639,41894181,20,20,FAB-/RM-FAB-,$/yd,unchanged,already at target price
FAB-MAX-HEABEI,17905637,41894179,20,20,FAB-/RM-FAB-,$/yd,unchanged,already at target price
FAB-MAT-SKY,17905636,41894177,20,20,FAB-/RM-FAB-,$/yd,unchanged,already at target price
FAB-MAS-FORGRE,17905635,41894176,20,20,FAB-/RM-FAB-,$/yd,unchanged,already at target price
FAB-MAR-THA,17905634,41894175,20,20,FAB-/RM-FAB-,$/yd,unchanged,already at target price
FAB-MAR-PAP,17905633,41894174,20,20,FAB-/RM-FAB-,$/yd,unchanged,already at target price
FAB-MAR-MUS,17905631,41894172,20,20,FAB-/RM-FAB-,$/yd,unchanged,already at target price
FAB-MAR-LIN,17905630,41894171,20,20,FAB-/RM-FAB-,$/yd,unchanged,already at target price
FAB-MAR-CLO,17905628,41894169,20,20,FAB-/RM-FAB-,$/yd,unchanged,already at target price
FAB-MAI-PUT,17905627,41894168,20,20,FAB-/RM-FAB-,$/yd,unchanged,already at target price
FAB-MAI-LAT,17905626,41894167,20,20,FAB-/RM-FAB-,$/yd,unchanged,already at target price
FAB-MAI-DOV,17905625,41894166,20,20,FAB-/RM-FAB-,$/yd,unchanged,already at target price
FAB-LYN-OYS,17905624,41894165,20,20,FAB-/RM-FAB-,$/yd,unchanged,already at target price
FAB-LUX-IND,17905623,41894164,20,20,FAB-/RM-FAB-,$/yd,unchanged,already at target price
FAB-LOT-CAN,17905622,41894163,20,20,FAB-/RM-FAB-,$/yd,unchanged,already at target price
FAB-LOR-MOS,17905621,41894162,20,20,FAB-/RM-FAB-,$/yd,unchanged,already at target price
FAB-LIV-PAR,17905615,41894156,20,20,FAB-/RM-FAB-,$/yd,unchanged,already at target price
FAB-LIT-SNO,17905614,41894155,20,20,FAB-/RM-FAB-,$/yd,unchanged,already at target price
FAB-LIT-SAN,17905609,41894150,20,20,FAB-/RM-FAB-,$/yd,unchanged,already at target price
FAB-LIT-PEB,17905607,41894148,20,20,FAB-/RM-FAB-,$/yd,unchanged,already at target price
FAB-LIT-MID,17905606,41894147,20,20,FAB-/RM-FAB-,$/yd,unchanged,already at target price
FAB-LIT-FOG,17905605,41894146,20,20,FAB-/RM-FAB-,$/yd,unchanged,already at target price
FAB-LIN-TAU,17905604,41894145,20,20,FAB-/RM-FAB-,$/yd,unchanged,already at target price
FAB-LIN-STO,17905603,41894144,20,20,FAB-/RM-FAB-,$/yd,unchanged,already at target price
FAB-LIN-SPA,17905602,41894143,20,20,FAB-/RM-FAB-,$/yd,unchanged,already at target price
FAB-LIN-SNO,17905601,41894142,20,20,FAB-/RM-FAB-,$/yd,unchanged,already at target price
FAB-LIN-SIL,17905599,41894140,20,20,FAB-/RM-FAB-,$/yd,unchanged,already at target price
FAB-LIN-SES,17905598,41894139,20,20,FAB-/RM-FAB-,$/yd,unchanged,already at target price
FAB-LIN-PAR,17905597,41894138,20,20,FAB-/RM-FAB-,$/yd,unchanged,already at target price
FAB-LIN-OYS,17905596,41894137,20,20,FAB-/RM-FAB-,$/yd,unchanged,already at target price
FAB-LIN-NAT,17905594,41894135,20,20,FAB-/RM-FAB-,$/yd,unchanged,already at target price
FAB-LIN-IND,17905592,41894133,20,20,FAB-/RM-FAB-,$/yd,unchanged,already at target price
FAB-LIN-DEN,17905591,41894132,20,20,FAB-/RM-FAB-,$/yd,unchanged,already at target price
FAB-LIN-CAN,17905590,41894131,20,20,FAB-/RM-FAB-,$/yd,unchanged,already at target price
FAB-LIN-CAM,17905588,41894129,20,20,FAB-/RM-FAB-,$/yd,unchanged,already at target price
FAB-LID-IND,17905587,41894128,20,20,FAB-/RM-FAB-,$/yd,unchanged,already at target price
FAB-LEO-MAL,17905586,41894127,20,20,FAB-/RM-FAB-,$/yd,unchanged,already at target price
FAB-LEA-STRSAN,17905585,41894126,20,20,FAB-/RM-FAB-,$/yd,unchanged,already at target price
FAB-LEA-STRIND,17905584,41894125,20,20,FAB-/RM-FAB-,$/yd,unchanged,already at target price
FAB-LEA-STRCLO,17905581,41894122,20,20,FAB-/RM-FAB-,$/yd,unchanged,already at target price
FAB-LEA-STR,17905580,41894121,20,20,FAB-/RM-FAB-,$/yd,unchanged,already at target price
FAB-LAB-CLO,17905578,41894119,20,20,FAB-/RM-FAB-,$/yd,unchanged,already at target price
FAB-KUD-49MOR,17905577,41894118,20,20,FAB-/RM-FAB-,$/yd,unchanged,already at target price
FAB-KRA-KRA,17905576,41894117,20,20,FAB-/RM-FAB-,$/yd,unchanged,already at target price
FAB-KLA-KLA,17905575,41894116,20,20,FAB-/RM-FAB-,$/yd,unchanged,already at target price
FAB-KIN-SIL,17905574,41894115,20,20,FAB-/RM-FAB-,$/yd,unchanged,already at target price
FAB-KIN-IND,17905573,41894114,20,20,FAB-/RM-FAB-,$/yd,unchanged,already at target price
FAB-INF-GEM,17905572,41894113,20,20,FAB-/RM-FAB-,$/yd,unchanged,already at target price
FAB-IMP-STU,17905571,41894112,20,20,FAB-/RM-FAB-,$/yd,unchanged,already at target price
FAB-IMP-DUN,17905570,41894111,20,20,FAB-/RM-FAB-,$/yd,unchanged,already at target price
FAB-HYB-SMO,17905569,41894110,20,20,FAB-/RM-FAB-,$/yd,unchanged,already at target price
FAB-HER-SMO,17905568,41894109,20,20,FAB-/RM-FAB-,$/yd,unchanged,already at target price
FAB-HER-SLA,17905567,41894108,20,20,FAB-/RM-FAB-,$/yd,unchanged,already at target price
FAB-HER-SKY,17905564,41894105,20,20,FAB-/RM-FAB-,$/yd,unchanged,already at target price
FAB-HER-SAB,17905563,41894104,20,20,FAB-/RM-FAB-,$/yd,unchanged,already at target price
FAB-HER-RUS,17905562,41894103,20,20,FAB-/RM-FAB-,$/yd,unchanged,already at target price
FAB-HER-PAP,17905561,41894102,20,20,FAB-/RM-FAB-,$/yd,unchanged,already at target price
FAB-HER-LEA,17905560,41894101,20,20,FAB-/RM-FAB-,$/yd,unchanged,already at target price
FAB-HER-DIJ,17905559,41894100,20,20,FAB-/RM-FAB-,$/yd,unchanged,already at target price
FAB-HER-CHA,17905557,41894098,20,20,FAB-/RM-FAB-,$/yd,unchanged,already at target price
FAB-HER-ALP,17905556,41894097,20,20,FAB-/RM-FAB-,$/yd,unchanged,already at target price
FAB-HAR-CRI,17905555,41894096,20,20,FAB-/RM-FAB-,$/yd,unchanged,already at target price
FAB-GRA-GRA,17905554,41894095,20,20,FAB-/RM-FAB-,$/yd,unchanged,already at target price
FAB-GLI-DEN,17905553,41894094,20,20,FAB-/RM-FAB-,$/yd,unchanged,already at target price
FAB-GLA-GLA,17905552,41894093,20,20,FAB-/RM-FAB-,$/yd,unchanged,already at target price
FAB-GAV-MIS,17905550,41894091,20,20,FAB-/RM-FAB-,$/yd,unchanged,already at target price
FAB-GATEW-COAST,17905549,41894090,20,20,FAB-/RM-FAB-,$/yd,unchanged,already at target price
FAB-GATEA-COAST,17905548,41894089,20,20,FAB-/RM-FAB-,$/yd,unchanged,already at target price
FAB-GAT-MIS,17905546,41894084,20,20,FAB-/RM-FAB-,$/yd,unchanged,already at target price
FAB-GAT-BLU,17905545,41894083,20,20,FAB-/RM-FAB-,$/yd,unchanged,already at target price
FAB-GAT-ALO,17905544,41894082,20,20,FAB-/RM-FAB-,$/yd,unchanged,already at target price
FAB-FRE-SAN,17905543,41894081,20,20,FAB-/RM-FAB-,$/yd,unchanged,already at target price
FAB-FRE-PEW,17905542,41894080,20,20,FAB-/RM-FAB-,$/yd,unchanged,already at target price
FAB-FRE-PAR,17905541,41894079,20,20,FAB-/RM-FAB-,$/yd,unchanged,already at target price
FAB-FRE-FLA,17905540,41894078,20,20,FAB-/RM-FAB-,$/yd,unchanged,already at target price
FAB-FIS-LAG,17905539,41894077,20,20,FAB-/RM-FAB-,$/yd,unchanged,already at target price
FAB-FEA-ULT,17905538,41894076,20,20,FAB-/RM-FAB-,$/yd,unchanged,already at target price
FAB-EXH-SKY,17905536,41894074,20,20,FAB-/RM-FAB-,$/yd,unchanged,already at target price
FAB-EXH-DRI,17905535,41894073,20,20,FAB-/RM-FAB-,$/yd,unchanged,already at target price
FAB-EST-ONY,17905533,41894071,20,20,FAB-/RM-FAB-,$/yd,unchanged,already at target price
FAB-EST-MAR,17905532,41894070,20,20,FAB-/RM-FAB-,$/yd,unchanged,already at target price
FAB-EST-LIM,17905531,41894069,20,20,FAB-/RM-FAB-,$/yd,unchanged,already at target price
FAB-EST-LAG,17905530,41894068,20,20,FAB-/RM-FAB-,$/yd,unchanged,already at target price
FAB-ESC-IND,17905529,41894067,20,20,FAB-/RM-FAB-,$/yd,unchanged,already at target price
FAB-EQU-GRA,17905528,41894066,20,20,FAB-/RM-FAB-,$/yd,unchanged,already at target price
FAB-ENT-LIN,17905527,41894065,20,20,FAB-/RM-FAB-,$/yd,unchanged,already at target price
FAB-ENR-CLO,17905526,41894064,20,20,FAB-/RM-FAB-,$/yd,unchanged,already at target price
FAB-EMP-DOV,17905525,41894063,20,20,FAB-/RM-FAB-,$/yd,unchanged,already at target price
FAB-EMB-PEW,17905524,41894062,20,20,FAB-/RM-FAB-,$/yd,unchanged,already at target price
FAB-EMB-LIN,17905523,41894061,20,20,FAB-/RM-FAB-,$/yd,unchanged,already at target price
FAB-EMB-IND,17905522,41894060,20,20,FAB-/RM-FAB-,$/yd,unchanged,already at target price
FAB-ECH-SAN,17905521,41894059,20,20,FAB-/RM-FAB-,$/yd,unchanged,already at target price
FAB-ECH-DUN,17905520,41894058,20,20,FAB-/RM-FAB-,$/yd,unchanged,already at target price
FAB-ECH-ASH,17905519,41894057,20,20,FAB-/RM-FAB-,$/yd,unchanged,already at target price
FAB-DUP-STO,17905518,41894056,20,20,FAB-/RM-FAB-,$/yd,unchanged,already at target price
FAB-DUP-SAN,17905517,41894055,20,20,FAB-/RM-FAB-,$/yd,unchanged,already at target price
FAB-DUP-PAR,17905516,41894054,20,20,FAB-/RM-FAB-,$/yd,unchanged,already at target price
FAB-DUP-HEN,17905515,41894053,20,20,FAB-/RM-FAB-,$/yd,unchanged,already at target price
FAB-DUP-DEESEA,17905514,41894052,20,20,FAB-/RM-FAB-,$/yd,unchanged,already at target price
FAB-DUP-CEL,17905512,41894050,20,20,FAB-/RM-FAB-,$/yd,unchanged,already at target price
FAB-DUM-STU,17905511,41894049,20,20,FAB-/RM-FAB-,$/yd,unchanged,already at target price
FAB-DUM-SHI,17905510,41894048,20,20,FAB-/RM-FAB-,$/yd,unchanged,already at target price
FAB-DUM-MUS,17905509,41894047,20,20,FAB-/RM-FAB-,$/yd,unchanged,already at target price
FAB-DRE-DUN,17905508,41894046,20,20,FAB-/RM-FAB-,$/yd,unchanged,already at target price
FAB-DON-GRE,17905507,41894045,20,20,FAB-/RM-FAB-,$/yd,unchanged,already at target price
FAB-DOL-ULT,17905506,41894044,20,20,FAB-/RM-FAB-,$/yd,unchanged,already at target price
FAB-DOL-MAN,17905505,41894043,20,20,FAB-/RM-FAB-,$/yd,unchanged,already at target price
FAB-DIV-SAN,17905504,41894042,20,20,FAB-/RM-FAB-,$/yd,unchanged,already at target price
FAB-DIV-REE,17905503,41894041,20,20,FAB-/RM-FAB-,$/yd,unchanged,already at target price
FAB-DIR-LIN,17905502,41894040,20,20,FAB-/RM-FAB-,$/yd,unchanged,already at target price
FAB-DIP-DYECHI,17905501,41894039,20,20,FAB-/RM-FAB-,$/yd,unchanged,already at target price
FAB-DIA-BLUSTR,17905500,41894038,20,20,FAB-/RM-FAB-,$/yd,unchanged,already at target price
FAB-DET-PER,17905499,41894037,20,20,FAB-/RM-FAB-,$/yd,unchanged,already at target price
FAB-DET-LIN,17905498,41894036,20,20,FAB-/RM-FAB-,$/yd,unchanged,already at target price
FAB-DET-CLA,17905497,41894035,20,20,FAB-/RM-FAB-,$/yd,unchanged,already at target price
FAB-DEP-SEA,17905496,41894034,20,20,FAB-/RM-FAB-,$/yd,unchanged,already at target price
FAB-DEP-FOS,17905495,41894033,20,20,FAB-/RM-FAB-,$/yd,unchanged,already at target price
FAB-CYC-SPA,17905494,41894032,20,20,FAB-/RM-FAB-,$/yd,unchanged,already at target price
FAB-CYC-DEN,17905493,41894031,20,20,FAB-/RM-FAB-,$/yd,unchanged,already at target price
FAB-CUL-STO,17905492,41894030,20,20,FAB-/RM-FAB-,$/yd,unchanged,already at target price
FAB-CRU-SNO,17905491,41894029,20,20,FAB-/RM-FAB-,$/yd,unchanged,already at target price
FAB-CRU-PEW,17905490,41894028,20,20,FAB-/RM-FAB-,$/yd,unchanged,already at target price
FAB-CRU-CLO,17905489,41894027,20,20,FAB-/RM-FAB-,$/yd,unchanged,already at target price
FAB-CRU-CAM,17905488,41894026,20,20,FAB-/RM-FAB-,$/yd,unchanged,already at target price
FAB-CRU-ASH,17905487,41894025,20,20,FAB-/RM-FAB-,$/yd,unchanged,already at target price
FAB-CRE-HAZ,17905486,41894024,20,20,FAB-/RM-FAB-,$/yd,unchanged,already at target price
FAB-COV-PEB,17905485,41894023,20,20,FAB-/RM-FAB-,$/yd,unchanged,already at target price
FAB-COR-SAN,17905484,41894022,20,20,FAB-/RM-FAB-,$/yd,unchanged,already at target price
FAB-CON-ULT,17905483,41894021,20,20,FAB-/RM-FAB-,$/yd,unchanged,already at target price
FAB-CON-ONY,17905482,41894019,20,20,FAB-/RM-FAB-,$/yd,unchanged,already at target price
FAB-COM-CLA,17905481,41894018,20,20,FAB-/RM-FAB-,$/yd,unchanged,already at target price
FAB-COA-WALGRE,17905480,41894017,20,20,FAB-/RM-FAB-,$/yd,unchanged,already at target price
FAB-COA-SAV,17905479,41894016,20,20,FAB-/RM-FAB-,$/yd,unchanged,already at target price
FAB-COA-DUSEAR,17905478,41894015,20,20,FAB-/RM-FAB-,$/yd,unchanged,already at target price
FAB-COA-DOL,17905477,41894014,20,20,FAB-/RM-FAB-,$/yd,unchanged,already at target price
FAB-COA-CON,17905476,41894013,20,20,FAB-/RM-FAB-,$/yd,unchanged,already at target price
FAB-CLO-OUTIND,17905475,41894012,20,20,FAB-/RM-FAB-,$/yd,unchanged,already at target price
FAB-CLO-OUTCLO,17905474,41894011,20,20,FAB-/RM-FAB-,$/yd,unchanged,already at target price
FAB-CLO-FRO,17905473,41894010,20,20,FAB-/RM-FAB-,$/yd,unchanged,already at target price
FAB-CIT-SCADUS,17905472,41894009,20,20,FAB-/RM-FAB-,$/yd,unchanged,already at target price
FAB-CHE-ASP,17905471,41894008,20,20,FAB-/RM-FAB-,$/yd,unchanged,already at target price
FAB-CHA-WRE,17905470,41894006,20,20,FAB-/RM-FAB-,$/yd,unchanged,already at target price
FAB-CHA-TRU,17905469,41894005,20,20,FAB-/RM-FAB-,$/yd,unchanged,already at target price
FAB-CHA-SIL,17905468,41894004,20,20,FAB-/RM-FAB-,$/yd,unchanged,already at target price
FAB-CHA-PEB,17905467,41894003,20,20,FAB-/RM-FAB-,$/yd,unchanged,already at target price
FAB-CHA-PAR,17905466,41894002,20,20,FAB-/RM-FAB-,$/yd,unchanged,already at target price
FAB-CHA-OPA,17905465,41894001,20,20,FAB-/RM-FAB-,$/yd,unchanged,already at target price
FAB-CHA-GUL,17905464,41894000,20,20,FAB-/RM-FAB-,$/yd,unchanged,already at target price
FAB-CHA-GRA,17905463,41893998,20,20,FAB-/RM-FAB-,$/yd,unchanged,already at target price
FAB-CHA-DES,17905462,41893997,20,20,FAB-/RM-FAB-,$/yd,unchanged,already at target price
FAB-CHA-DAY,17905461,41893996,20,20,FAB-/RM-FAB-,$/yd,unchanged,already at target price
FAB-CHA-CLO,17905460,41893995,20,20,FAB-/RM-FAB-,$/yd,unchanged,already at target price
FAB-CAST-SLAT,17905459,41893994,20,20,FAB-/RM-FAB-,$/yd,unchanged,already at target price
FAB-CAST-CORA,17905458,41893993,20,20,FAB-/RM-FAB-,$/yd,unchanged,already at target price
FAB-CASS-SLAT,17905457,41893992,20,20,FAB-/RM-FAB-,$/yd,unchanged,already at target price
FAB-CASS-CORA,17905456,41893991,20,20,FAB-/RM-FAB-,$/yd,unchanged,already at target price
FAB-CAS-WHI,17905455,41893990,20,20,FAB-/RM-FAB-,$/yd,unchanged,already at target price
FAB-CAS-STO,17905454,41893989,20,20,FAB-/RM-FAB-,$/yd,unchanged,already at target price
FAB-CAS-SPR,17905453,41893988,20,20,FAB-/RM-FAB-,$/yd,unchanged,already at target price
FAB-CAS-SHA,17905452,41893987,20,20,FAB-/RM-FAB-,$/yd,unchanged,already at target price
FAB-CAS-OCE,17905451,41893986,20,20,FAB-/RM-FAB-,$/yd,unchanged,already at target price
FAB-CAS-MUS,17905450,41893985,20,20,FAB-/RM-FAB-,$/yd,unchanged,already at target price
FAB-CAS-MOS,17905449,41893984,20,20,FAB-/RM-FAB-,$/yd,unchanged,already at target price
FAB-CAS-LAG,17905448,41893983,20,20,FAB-/RM-FAB-,$/yd,unchanged,already at target price
FAB-CAS-IND,17905447,41893982,20,20,FAB-/RM-FAB-,$/yd,unchanged,already at target price
FAB-CAS-HOR,17905446,41893981,20,20,FAB-/RM-FAB-,$/yd,unchanged,already at target price
FAB-CAS-COP,17905445,41893980,20,20,FAB-/RM-FAB-,$/yd,unchanged,already at target price
FAB-CAS-CIT,17905444,41893979,20,20,FAB-/RM-FAB-,$/yd,unchanged,already at target price
FAB-CAS-ASH,17905443,41893978,20,20,FAB-/RM-FAB-,$/yd,unchanged,already at target price
FAB-CAP-IISHA,17905442,41893977,20,20,FAB-/RM-FAB-,$/yd,unchanged,already at target price
FAB-CAN-WHI,17905441,41893976,20,20,FAB-/RM-FAB-,$/yd,unchanged,already at target price
FAB-CAN-WEAMEL,17905440,41893975,20,20,FAB-/RM-FAB-,$/yd,unchanged,already at target price
FAB-CAN-TUS,17905438,41893973,20,20,FAB-/RM-FAB-,$/yd,unchanged,already at target price
FAB-CAN-TRUBLU,17905437,41893972,20,20,FAB-/RM-FAB-,$/yd,unchanged,already at target price
FAB-CAN-TER,17905436,41893970,20,20,FAB-/RM-FAB-,$/yd,unchanged,already at target price
FAB-CAN-TEA,17905435,41893969,20,20,FAB-/RM-FAB-,$/yd,unchanged,already at target price
FAB-CAN-TAU,17905434,41893968,20,20,FAB-/RM-FAB-,$/yd,unchanged,already at target price
FAB-CAN-TAN,17905433,41893967,20,20,FAB-/RM-FAB-,$/yd,unchanged,already at target price
FAB-CAN-TAM,17905432,41893966,20,20,FAB-/RM-FAB-,$/yd,unchanged,already at target price
FAB-CAN-SUNYEL,17905431,41893965,20,20,FAB-/RM-FAB-,$/yd,unchanged,already at target price
FAB-CAN-STO,17905430,41893964,20,20,FAB-/RM-FAB-,$/yd,unchanged,already at target price
FAB-CAN-SMO,17905429,41893963,20,20,FAB-/RM-FAB-,$/yd,unchanged,already at target price
FAB-CAN-SKYBLU,17905428,41893962,20,20,FAB-/RM-FAB-,$/yd,unchanged,already at target price
FAB-CAN-SKY,17905427,41893961,20,20,FAB-/RM-FAB-,$/yd,unchanged,already at target price
FAB-CAN-SEA,17905426,41893960,20,20,FAB-/RM-FAB-,$/yd,unchanged,already at target price
FAB-CAN-SAPBLU,17905425,41893959,20,20,FAB-/RM-FAB-,$/yd,unchanged,already at target price
FAB-CAN-RUS,17905424,41893958,20,20,FAB-/RM-FAB-,$/yd,unchanged,already at target price
FAB-CAN-REG,17905423,41893957,20,20,FAB-/RM-FAB-,$/yd,unchanged,already at target price
FAB-CAN-RAVBLA,17905422,41893956,20,20,FAB-/RM-FAB-,$/yd,unchanged,already at target price
FAB-CAN-RAF,17905421,41893955,20,20,FAB-/RM-FAB-,$/yd,unchanged,already at target price
FAB-CAN-PER,17905420,41893954,20,20,FAB-/RM-FAB-,$/yd,unchanged,already at target price
FAB-CAN-PACBLU,17905419,41893953,20,20,FAB-/RM-FAB-,$/yd,unchanged,already at target price
FAB-CAN-NAV,17905418,41893952,20,20,FAB-/RM-FAB-,$/yd,unchanged,already at target price
FAB-CAN-NAT,17905417,41893951,20,20,FAB-/RM-FAB-,$/yd,unchanged,already at target price
FAB-CAN-MUS,17905416,41893950,20,20,FAB-/RM-FAB-,$/yd,unchanged,already at target price
FAB-CAN-MEL,17905415,41893949,20,20,FAB-/RM-FAB-,$/yd,unchanged,already at target price
FAB-CAN-JAV,17905414,41893948,20,20,FAB-/RM-FAB-,$/yd,unchanged,already at target price
FAB-CAN-HOTPIN,17905412,41893899,20,20,FAB-/RM-FAB-,$/yd,unchanged,already at target price
FAB-CAN-HEN,17905411,41893898,20,20,FAB-/RM-FAB-,$/yd,unchanged,already at target price
FAB-CAN-HEABEI,17905410,41893897,20,20,FAB-/RM-FAB-,$/yd,unchanged,already at target price
FAB-CAN-HAZ,17905409,41893896,20,20,FAB-/RM-FAB-,$/yd,unchanged,already at target price
FAB-CAN-GRA,17905408,41893895,20,20,FAB-/RM-FAB-,$/yd,unchanged,already at target price
FAB-CAN-GLA,17905407,41893894,20,20,FAB-/RM-FAB-,$/yd,unchanged,already at target price
FAB-CAN-GIN,17905406,41893893,20,20,FAB-/RM-FAB-,$/yd,unchanged,already at target price
FAB-CAN-FORGRE,17905405,41893892,20,20,FAB-/RM-FAB-,$/yd,unchanged,already at target price
FAB-CAN-FLA,17905404,41893891,20,20,FAB-/RM-FAB-,$/yd,unchanged,already at target price
FAB-CAN-FER,17905403,41893890,20,20,FAB-/RM-FAB-,$/yd,unchanged,already at target price
FAB-CAN-FAW,17905402,41893889,20,20,FAB-/RM-FAB-,$/yd,unchanged,already at target price
FAB-CAN-COC,17905401,41893888,20,20,FAB-/RM-FAB-,$/yd,unchanged,already at target price
FAB-CAN-COA,17905399,41893886,20,20,FAB-/RM-FAB-,$/yd,unchanged,already at target price
FAB-CAN-CLO,17905398,41893885,20,20,FAB-/RM-FAB-,$/yd,unchanged,already at target price
FAB-CAN-CHE,17905397,41893884,20,20,FAB-/RM-FAB-,$/yd,unchanged,already at target price
FAB-CAN-CHA,17905396,41893883,20,20,FAB-/RM-FAB-,$/yd,unchanged,already at target price
FAB-CAN-CAP,17905395,41893882,20,20,FAB-/RM-FAB-,$/yd,unchanged,already at target price
FAB-CAN-CAN,17905394,41893881,20,20,FAB-/RM-FAB-,$/yd,unchanged,already at target price
FAB-CAN-BLA,17905393,41893880,20,20,FAB-/RM-FAB-,$/yd,unchanged,already at target price
FAB-CAN-BIREYE,17905392,41893879,20,20,FAB-/RM-FAB-,$/yd,unchanged,already at target price
FAB-CAN-ANTBEI,17905391,41893878,20,20,FAB-/RM-FAB-,$/yd,unchanged,already at target price
FAB-CAN-AIRBLU,17905390,41893877,20,20,FAB-/RM-FAB-,$/yd,unchanged,already at target price
FAB-CAN-ABB,17905389,41893876,20,20,FAB-/RM-FAB-,$/yd,unchanged,already at target price
FAB-CAL-LAU,17905388,41893875,20,20,FAB-/RM-FAB-,$/yd,unchanged,already at target price
FAB-CAB-CLA,17905387,41893874,20,20,FAB-/RM-FAB-,$/yd,unchanged,already at target price
FAB-BUN-ULT,17905386,41893873,20,20,FAB-/RM-FAB-,$/yd,unchanged,already at target price
FAB-BRA-WHI,17905385,41893872,20,20,FAB-/RM-FAB-,$/yd,unchanged,already at target price
FAB-BRA-RED,17905384,41893871,20,20,FAB-/RM-FAB-,$/yd,unchanged,already at target price
FAB-BOR-IND,17905383,41893870,20,20,FAB-/RM-FAB-,$/yd,unchanged,already at target price
FAB-BLI-SMO,17905382,41893869,20,20,FAB-/RM-FAB-,$/yd,unchanged,already at target price
FAB-BLI-SAN,17905381,41893868,20,20,FAB-/RM-FAB-,$/yd,unchanged,already at target price
FAB-BLI-LIN,17905380,41893867,20,20,FAB-/RM-FAB-,$/yd,unchanged,already at target price
FAB-BLI-LEM,17905379,41893866,20,20,FAB-/RM-FAB-,$/yd,unchanged,already at target price
FAB-BLI-GUA,17905378,41893865,20,20,FAB-/RM-FAB-,$/yd,unchanged,already at target price
FAB-BLI-DEW,17905377,41893864,20,20,FAB-/RM-FAB-,$/yd,unchanged,already at target price
FAB-BLI-CLA,17905376,41893863,20,20,FAB-/RM-FAB-,$/yd,unchanged,already at target price
FAB-BLI-ASP,17905375,41893862,20,20,FAB-/RM-FAB-,$/yd,unchanged,already at target price
FAB-BLI-ALO,17905374,41893861,20,20,FAB-/RM-FAB-,$/yd,unchanged,already at target price
FAB-BLE-SAN,17905373,41893860,20,20,FAB-/RM-FAB-,$/yd,unchanged,already at target price
FAB-BLE-MIS,17905372,41893859,20,20,FAB-/RM-FAB-,$/yd,unchanged,already at target price
FAB-BLE-LIN,17905371,41893858,20,20,FAB-/RM-FAB-,$/yd,unchanged,already at target price
FAB-BLE-IND,17905370,41893857,20,20,FAB-/RM-FAB-,$/yd,unchanged,already at target price
FAB-BER-TUX,17905369,41893856,20,20,FAB-/RM-FAB-,$/yd,unchanged,already at target price
FAB-BEA-ULT,17905368,41893855,20,20,FAB-/RM-FAB-,$/yd,unchanged,already at target price
FAB-BEA-BEA,17905367,41893854,20,20,FAB-/RM-FAB-,$/yd,unchanged,already at target price
FAB-AUT-PEB,17905366,41893853,20,20,FAB-/RM-FAB-,$/yd,unchanged,already at target price
FAB-ASS-SAN,17905365,41893852,20,20,FAB-/RM-FAB-,$/yd,unchanged,already at target price
FAB-ASS-IITEA,17905363,41893850,20,20,FAB-/RM-FAB-,$/yd,unchanged,already at target price
FAB-ASC-TRO,17905362,41893849,20,20,FAB-/RM-FAB-,$/yd,unchanged,already at target price
FAB-ASC-SPA,17905361,41893848,20,20,FAB-/RM-FAB-,$/yd,unchanged,already at target price
FAB-ARR-DUN,17905360,41893847,20,20,FAB-/RM-FAB-,$/yd,unchanged,already at target price
FAB-ARR-CAR,17905359,41893846,20,20,FAB-/RM-FAB-,$/yd,unchanged,already at target price
FAB-ARR-CAL,17905358,41893845,20,20,FAB-/RM-FAB-,$/yd,unchanged,already at target price
FAB-ARI-DEW,17905357,41893844,20,20,FAB-/RM-FAB-,$/yd,unchanged,already at target price
FAB-AGR-IND,17905356,41893843,20,20,FAB-/RM-FAB-,$/yd,unchanged,already at target price
FAB-ADE-CEL,17905355,41893842,20,20,FAB-/RM-FAB-,$/yd,unchanged,already at target price
FAB-ADA-STO,17905354,41893841,20,20,FAB-/RM-FAB-,$/yd,unchanged,already at target price
FAB-ADA-IND,17905353,41893840,20,20,FAB-/RM-FAB-,$/yd,unchanged,already at target price
FAB-ACT-STO,17905352,41893839,20,20,FAB-/RM-FAB-,$/yd,unchanged,already at target price
FAB-ACT-ASH,17904549,41892976,20,20,FAB-/RM-FAB-,$/yd,unchanged,already at target price
