parent_sku,parent_variant_id,product_id,row_count,sa_ingredients,all_ingredients,action
"FIN-BRK-BAR-TAB-120X28","42061758","17972735","1","SA-BRK-BAR-TAB-120X28-FRAME","SA-BRK-BAR-TAB-120X28-FRAME","delete_bom_rows"
"FIN-BRK-BAR-TAB-120X36","42061759","17972736","1","SA-BRK-BAR-TAB-120X36-FRAME","SA-BRK-BAR-TAB-120X36-FRAME","delete_bom_rows"
"FIN-BRK-BAR-TAB-28X120","42013626","17951197","1","SA-BRK-BAR-TAB-28X120-FRAME","SA-BRK-BAR-TAB-28X120-FRAME","delete_bom_rows"
"FIN-BRK-BAR-TAB-28X72","42013627","17951198","1","SA-BRK-BAR-TAB-28X72-FRAME","SA-BRK-BAR-TAB-28X72-FRAME","delete_bom_rows"
"FIN-BRK-BAR-TAB-28X96","42013628","17951199","1","SA-BRK-BAR-TAB-28X96-FRAME","SA-BRK-BAR-TAB-28X96-FRAME","delete_bom_rows"
"FIN-BRK-BAR-TAB-36X120","42013629","17951200","1","SA-BRK-BAR-TAB-36X120-FRAME","SA-BRK-BAR-TAB-36X120-FRAME","delete_bom_rows"
"FIN-BRK-BAR-TAB-36X36","42013525","17951100","1","SA-BRK-BAR-TAB-36X36-FRAME","SA-BRK-BAR-TAB-36X36-FRAME","delete_bom_rows"
"FIN-BRK-BAR-TAB-36X72","42013630","17951201","1","SA-BRK-BAR-TAB-36X72-FRAME","SA-BRK-BAR-TAB-36X72-FRAME","delete_bom_rows"
"FIN-BRK-BAR-TAB-36X96","42013631","17951202","1","SA-BRK-BAR-TAB-36X96-FRAME","SA-BRK-BAR-TAB-36X96-FRAME","delete_bom_rows"
"FIN-BRK-BAR-TAB-42X42","42013526","17951101","1","SA-BRK-BAR-TAB-42X42-FRAME","SA-BRK-BAR-TAB-42X42-FRAME","delete_bom_rows"
"FIN-BRK-BAR-TAB-72X28","42061760","17972737","1","SA-BRK-BAR-TAB-72X28-FRAME","SA-BRK-BAR-TAB-72X28-FRAME","delete_bom_rows"
"FIN-BRK-BAR-TAB-72X36","42061761","17972738","1","SA-BRK-BAR-TAB-72X36-FRAME","SA-BRK-BAR-TAB-72X36-FRAME","delete_bom_rows"
"FIN-BRK-BAR-TAB-96X36","42061762","17972739","1","SA-BRK-BAR-TAB-96X36-FRAME","SA-BRK-BAR-TAB-96X36-FRAME","delete_bom_rows"
"FIN-BRK-BAR-TAB-98X28","42061763","17972740","1","SA-BRK-BAR-TAB-98X28-FRAME","SA-BRK-BAR-TAB-98X28-FRAME","delete_bom_rows"
"FIN-BRK-CHS-72X34-LS","41082201","17433368","2","SA-BRO-C-72X34-LS-FRAME|SA-BRO-C-72X34-LS-CUSH","SA-BRO-C-72X34-LS-FRAME|SA-BRO-C-72X34-LS-CUSH","delete_bom_rows"
"FIN-BRK-CHS-72X34-RS","41082209","17433368","2","SA-BRO-C-72X34-RS-FRAME|SA-BRO-C-72X34-RS-CUSH","SA-BRO-C-72X34-RS-FRAME|SA-BRO-C-72X34-RS-CUSH","delete_bom_rows"
"FIN-BRK-CHS-72X42-LS","41082222","17433378","2","SA-BRO-C-72X42-LS-FRAME|SA-BRO-C-72X42-LS-CUSH","SA-BRO-C-72X42-LS-FRAME|SA-BRO-C-72X42-LS-CUSH","delete_bom_rows"
"FIN-BRK-CHS-72X42-RS","41082228","17433378","2","SA-BRO-C-72X42-RS-FRAME|SA-BRO-C-72X42-RS-CUSH","SA-BRO-C-72X42-RS-FRAME|SA-BRO-C-72X42-RS-CUSH","delete_bom_rows"
"FIN-BRK-CHS-84X34-LS","41082236","17433381","2","SA-BRO-C-84X34-LS-FRAME|SA-BRO-C-84X34-LS-CUSH","SA-BRO-C-84X34-LS-FRAME|SA-BRO-C-84X34-LS-CUSH","delete_bom_rows"
"FIN-BRK-CHS-84X34-RS","41082242","17433381","2","SA-BRO-C-84X34-RS-FRAME|SA-BRO-C-84X34-RS-CUSH","SA-BRO-C-84X34-RS-FRAME|SA-BRO-C-84X34-RS-CUSH","delete_bom_rows"
"FIN-BRK-CHS-84X42-LS","41082248","17433382","2","SA-BRO-C-84X42-LS-CUSH|SA-BRO-C-84X42-LS-FRAME","SA-BRO-C-84X42-LS-CUSH|SA-BRO-C-84X42-LS-FRAME","delete_bom_rows"
"FIN-BRK-CHS-84X42-RS","41082255","17433382","2","SA-BRO-C-84X42-RS-CUSH|SA-BRO-C-84X42-RS-FRAME","SA-BRO-C-84X42-RS-CUSH|SA-BRO-C-84X42-RS-FRAME","delete_bom_rows"
"FIN-BRK-CNT-TAB-120X28","42061764","17972741","1","SA-BRK-CNT-TAB-120X28-FRAME","SA-BRK-CNT-TAB-120X28-FRAME","delete_bom_rows"
"FIN-BRK-CNT-TAB-120X36","42061765","17972742","1","SA-BRK-CNT-TAB-120X36-FRAME","SA-BRK-CNT-TAB-120X36-FRAME","delete_bom_rows"
"FIN-BRK-CNT-TAB-28X120","42013633","17951204","1","SA-BRK-CNT-TAB-28X120-FRAME","SA-BRK-CNT-TAB-28X120-FRAME","delete_bom_rows"
"FIN-BRK-CNT-TAB-28X72","42013632","17951203","1","SA-BRK-CNT-TAB-28X72-FRAME","SA-BRK-CNT-TAB-28X72-FRAME","delete_bom_rows"
"FIN-BRK-CNT-TAB-28X96","42013635","17951206","1","SA-BRK-CNT-TAB-28X96-FRAME","SA-BRK-CNT-TAB-28X96-FRAME","delete_bom_rows"
"FIN-BRK-CNT-TAB-36X120","42013636","17951207","1","SA-BRK-CNT-TAB-36X120-FRAME","SA-BRK-CNT-TAB-36X120-FRAME","delete_bom_rows"
"FIN-BRK-CNT-TAB-36X36","42013527","17951102","1","SA-BRK-CNT-TAB-36X36-FRAME","SA-BRK-CNT-TAB-36X36-FRAME","delete_bom_rows"
"FIN-BRK-CNT-TAB-36X72","42013637","17951208","1","SA-BRK-CNT-TAB-36X72-FRAME","SA-BRK-CNT-TAB-36X72-FRAME","delete_bom_rows"
"FIN-BRK-CNT-TAB-36X96","42013638","17951209","1","SA-BRK-CNT-TAB-36X96-FRAME","SA-BRK-CNT-TAB-36X96-FRAME","delete_bom_rows"
"FIN-BRK-CNT-TAB-42X42","42013528","17951103","1","SA-BRK-CNT-TAB-42X42-FRAME","SA-BRK-CNT-TAB-42X42-FRAME","delete_bom_rows"
"FIN-BRK-CNT-TAB-72X18","42061766","17972743","1","SA-BRK-CNT-TAB-72X18-FRAME","SA-BRK-CNT-TAB-72X18-FRAME","delete_bom_rows"
"FIN-BRK-CNT-TAB-72X28","42061767","17972744","1","SA-BRK-CNT-TAB-72X28-FRAME","SA-BRK-CNT-TAB-72X28-FRAME","delete_bom_rows"
"FIN-BRK-CNT-TAB-72X36","42061768","17972745","1","SA-BRK-CNT-TAB-72X36-FRAME","SA-BRK-CNT-TAB-72X36-FRAME","delete_bom_rows"
"FIN-BRK-CNT-TAB-96X28","42061769","17972746","1","SA-BRK-CNT-TAB-96X28-FRAME","SA-BRK-CNT-TAB-96X28-FRAME","delete_bom_rows"
"FIN-BRK-CNT-TAB-96X36","42061770","17972747","1","SA-BRK-CNT-TAB-96X36-FRAME","SA-BRK-CNT-TAB-96X36-FRAME","delete_bom_rows"
"FIN-BRK-COR-CHS-84X42","42013580","17951155","2","SA-BRK-COR-CHS-84X42-FRAME|SA-BRK-COR-CHS-84X42-CUSH","SA-BRK-COR-CHS-84X42-FRAME|SA-BRK-COR-CHS-84X42-CUSH","delete_bom_rows"
"FIN-BRK-COR-SOF-72X34-LS","41082110","17433327","2","SA-BRO-CS-72-LS-CUSH|SA-BRO-CS-72-LS-FRAME","SA-BRO-CS-72-LS-CUSH|SA-BRO-CS-72-LS-FRAME","delete_bom_rows"
"FIN-BRK-COR-SOF-72X34-RS","41082121","17433327","2","SA-BRO-CS-72-RS-FRAME|SA-BRO-CS-72-RS-CUSH","SA-BRO-CS-72-RS-FRAME|SA-BRO-CS-72-RS-CUSH","delete_bom_rows"
"FIN-BRK-COR-SOF-84X34-LS","41082130","17433332","2","SA-BRO-CS-84-LS-CUSH|SA-BRO-CS-84-LS-FRAME","SA-BRO-CS-84-LS-CUSH|SA-BRO-CS-84-LS-FRAME","delete_bom_rows"
"FIN-BRK-COR-SOF-84X34-RS","41082141","17433332","2","SA-BRO-CS-84-RS-FRAME|SA-BRO-CS-84-RS-CUSH","SA-BRO-CS-84-RS-FRAME|SA-BRO-CS-84-RS-CUSH","delete_bom_rows"
"FIN-BRK-COR-SOF-96X34-LS","41082149","17433336","2","SA-BRO-CS-96-LS-CUSH|SA-BRO-CS-96-LS-FRAME","SA-BRO-CS-96-LS-CUSH|SA-BRO-CS-96-LS-FRAME","delete_bom_rows"
"FIN-BRK-COR-SOF-96X34-RS","41082158","17433336","2","SA-BRO-CS-96-RS-FRAME|SA-BRO-CS-96-RS-CUSH","SA-BRO-CS-96-RS-FRAME|SA-BRO-CS-96-RS-CUSH","delete_bom_rows"
"FIN-BRK-DIN-TAB-120X28","42061771","17972748","1","SA-BRK-DIN-TAB-120X28-FRAME","SA-BRK-DIN-TAB-120X28-FRAME","delete_bom_rows"
"FIN-BRK-DIN-TAB-120X36","42061772","17972749","1","SA-BRK-DIN-TAB-120X36-FRAME","SA-BRK-DIN-TAB-120X36-FRAME","delete_bom_rows"
"FIN-BRK-DIN-TAB-28X120","42013639","17951210","1","SA-BRK-DIN-TAB-28X120-FRAME","SA-BRK-DIN-TAB-28X120-FRAME","delete_bom_rows"
"FIN-BRK-DIN-TAB-28X72","42013640","17951211","1","SA-BRK-DIN-TAB-28X72-FRAME","SA-BRK-DIN-TAB-28X72-FRAME","delete_bom_rows"
"FIN-BRK-DIN-TAB-28X96","42013641","17951212","1","SA-BRK-DIN-TAB-28X96-FRAME","SA-BRK-DIN-TAB-28X96-FRAME","delete_bom_rows"
"FIN-BRK-DIN-TAB-36X120","42013642","17951213","1","SA-BRK-DIN-TAB-36X120-FRAME","SA-BRK-DIN-TAB-36X120-FRAME","delete_bom_rows"
"FIN-BRK-DIN-TAB-36X36","42013529","17951104","1","SA-BRK-DIN-TAB-36X36-FRAME","SA-BRK-DIN-TAB-36X36-FRAME","delete_bom_rows"
"FIN-BRK-DIN-TAB-36X72","42013643","17951214","1","SA-BRK-DIN-TAB-36X72-FRAME","SA-BRK-DIN-TAB-36X72-FRAME","delete_bom_rows"
"FIN-BRK-DIN-TAB-36X96","42013644","17951215","1","SA-BRK-DIN-TAB-36X96-FRAME","SA-BRK-DIN-TAB-36X96-FRAME","delete_bom_rows"
"FIN-BRK-DIN-TAB-42X42","42013530","17951105","1","SA-BRK-DIN-TAB-42X42-FRAME","SA-BRK-DIN-TAB-42X42-FRAME","delete_bom_rows"
"FIN-BRK-DIN-TAB-72X28","42061773","17972750","1","SA-BRK-DIN-TAB-72X28-FRAME","SA-BRK-DIN-TAB-72X28-FRAME","delete_bom_rows"
"FIN-BRK-DIN-TAB-72X36","42061774","17972751","1","SA-BRK-DIN-TAB-72X36-FRAME","SA-BRK-DIN-TAB-72X36-FRAME","delete_bom_rows"
"FIN-BRK-DIN-TAB-96X28","42061775","17972752","1","SA-BRK-DIN-TAB-96X28-FRAME","SA-BRK-DIN-TAB-96X28-FRAME","delete_bom_rows"
"FIN-BRK-DIN-TAB-96X36","42061776","17972753","1","SA-BRK-DIN-TAB-96X36-FRAME","SA-BRK-DIN-TAB-96X36-FRAME","delete_bom_rows"
"FIN-BRK-DOU-CHS-58X79","42013490","17951065","2","SA-BRO-CL-D-CUSH|SA-BRO-CL-D-FRAME","SA-BRO-CL-D-CUSH|SA-BRO-CL-D-FRAME","delete_bom_rows"
"FIN-BRK-LOV-SOF","41082067","17433314","2","SA-BRO-L-CUSH|SA-BRO-L-FRAME","SA-BRO-L-CUSH|SA-BRO-L-FRAME","delete_bom_rows"
"FIN-BRK-OTT-22X42","42013690","17951261","2","SA-BRK-OTT-22X42-CUSH|SA-BRK-OTT-22X42-FRAME","SA-BRK-OTT-22X42-CUSH|SA-BRK-OTT-22X42-FRAME","delete_bom_rows"
"FIN-BRK-OTT-22X60","42013691","17951262","2","SA-BRK-OTT-22X60-FRAME|SA-BRK-OTT-22X60-CUSH","SA-BRK-OTT-22X60-FRAME|SA-BRK-OTT-22X60-CUSH","delete_bom_rows"
"FIN-BRK-OTT-22X72","42013692","17951263","2","SA-BRK-OTT-22X72-CUSH|SA-BRK-OTT-22X72-FRAME","SA-BRK-OTT-22X72-CUSH|SA-BRK-OTT-22X72-FRAME","delete_bom_rows"
"FIN-BRK-OTT-34X34","42013693","17951264","2","SA-BRK-OTT-34X34-CUSH|SA-BRK-OTT-34X34-FRAME","SA-BRK-OTT-34X34-CUSH|SA-BRK-OTT-34X34-FRAME","delete_bom_rows"
"FIN-BRK-OTT-34X42","42013694","17951265","2","SA-BRK-OTT-34X42-FRAME|SA-BRK-OTT-34X42-CUSH","SA-BRK-OTT-34X42-FRAME|SA-BRK-OTT-34X42-CUSH","delete_bom_rows"
"FIN-BRK-OTT-34X60","42013695","17951266","2","SA-BRK-OTT-34X60-FRAME|SA-BRK-OTT-34X60-CUSH","SA-BRK-OTT-34X60-FRAME|SA-BRK-OTT-34X60-CUSH","delete_bom_rows"
"FIN-BRK-OTT-34X72","42013696","17951267","2","SA-BRK-OTT-34X72-CUSH|SA-BRK-OTT-34X72-FRAME","SA-BRK-OTT-34X72-CUSH|SA-BRK-OTT-34X72-FRAME","delete_bom_rows"
"FIN-BRK-OTT-42X22","42061777","17972754","2","SA-BRK-OTT-42X22-FRAME|SA-BRK-OTT-42X22-CUSH","SA-BRK-OTT-42X22-FRAME|SA-BRK-OTT-42X22-CUSH","delete_bom_rows"
"FIN-BRK-OTT-42X34","42061778","17972755","2","SA-BRK-OTT-42X34-FRAME|SA-BRK-OTT-42X34-CUSH","SA-BRK-OTT-42X34-FRAME|SA-BRK-OTT-42X34-CUSH","delete_bom_rows"
"FIN-BRK-OTT-56X42","42013697","17951268","2","SA-BRK-OTT-56X42-FRAME|SA-BRK-OTT-56X42-CUSH","SA-BRK-OTT-56X42-FRAME|SA-BRK-OTT-56X42-CUSH","delete_bom_rows"
"FIN-BRK-OTT-60X22","42061779","17972756","2","SA-BRK-OTT-60X22-FRAME|SA-BRK-OTT-60X22-CUSH","SA-BRK-OTT-60X22-FRAME|SA-BRK-OTT-60X22-CUSH","delete_bom_rows"
"FIN-BRK-OTT-60X34","42061780","17972757","2","SA-BRK-OTT-60X34-CUSH|SA-BRK-OTT-60X34-FRAME","SA-BRK-OTT-60X34-CUSH|SA-BRK-OTT-60X34-FRAME","delete_bom_rows"
"FIN-BRK-OTT-72X22","42061781","17972758","2","SA-BRK-OTT-72X22-FRAME|SA-BRK-OTT-72X22-CUSH","SA-BRK-OTT-72X22-FRAME|SA-BRK-OTT-72X22-CUSH","delete_bom_rows"
"FIN-BRK-OTT-72X34","42061782","17972759","2","SA-BRK-OTT-72X34-CUSH|SA-BRK-OTT-72X34-FRAME","SA-BRK-OTT-72X34-CUSH|SA-BRK-OTT-72X34-FRAME","delete_bom_rows"
"FIN-BRK-SGL-CHS-38X79","42013487","17951062","2","SA-BRO-CL-S-FRAME|SA-BRO-CL-S-CUSH","SA-BRO-CL-S-FRAME|SA-BRO-CL-S-CUSH","delete_bom_rows"
"FIN-BRK-SOF-60X34","42013573","17951148","2","SA-BRK-SOF-60X34-CUSH|SA-BRK-SOF-60X34-FRAME","SA-BRK-SOF-60X34-CUSH|SA-BRK-SOF-60X34-FRAME","delete_bom_rows"
"FIN-BRK-SOF-72X34","42013574","17951149","2","SA-BRO-S-72-FRAME|SA-BRO-S-72-CUSH","SA-BRO-S-72-FRAME|SA-BRO-S-72-CUSH","delete_bom_rows"
"FIN-BRK-SOF-84X34","42013575","17951150","2","SA-BRO-S-84-CUSH|SA-BRO-S-84-FRAME","SA-BRO-S-84-CUSH|SA-BRO-S-84-FRAME","delete_bom_rows"
"FIN-BRK-SOF-96X34","42013576","17951151","2","SA-BRO-S-96-CUSH|SA-BRO-S-96-FRAME","SA-BRO-S-96-CUSH|SA-BRO-S-96-FRAME","delete_bom_rows"
"FIN-BRK-TRA-DOU-CHS-48X72","42013488","17951063","2","SA-BRO-TC-D-CUSH|SA-BRO-TC-D-FRAME","SA-BRO-TC-D-CUSH|SA-BRO-TC-D-FRAME","delete_bom_rows"
"FIN-BRK-TRA-SGL-CHS-36X72","42013489","17951064","2","SA-BRO-TC-S-FRAME|SA-BRO-TC-S-CUSH","SA-BRO-TC-S-FRAME|SA-BRO-TC-S-CUSH","delete_bom_rows"
"FIN-BRV-ARM-LOV-60","41913027","17913597","4","SA-BRA-AL-60-FRAME|SA-BRA-AL-60-CUSH","RM-HRD-2X2-METAL-CAP|SA-BRA-AL-60-FRAME|SA-BRA-AL-60-CUSH|MET-SQT20012","delete_bom_rows"
"FIN-BRV-ARM-SOF-34X34","42013570","17951145","2","SA-BRV-ARM-SOF-34X34-CUSH|SA-BRV-ARM-SOF-34X34-FRAME","SA-BRV-ARM-SOF-34X34-CUSH|SA-BRV-ARM-SOF-34X34-FRAME","delete_bom_rows"
"FIN-BRV-ARM-SOF-72X34","42013470","17951045","2","SA-BRV-ARM-SOF-72X34-FRAME|SA-BRV-ARM-SOF-72X34-CUSH","SA-BRV-ARM-SOF-72X34-FRAME|SA-BRV-ARM-SOF-72X34-CUSH","delete_bom_rows"
"FIN-BRV-ARM-SOF-84X34","42013474","17951049","2","SA-BRV-ARM-SOF-84X34-FRAME|SA-BRV-ARM-SOF-84X34-CUSH","SA-BRV-ARM-SOF-84X34-FRAME|SA-BRV-ARM-SOF-84X34-CUSH","delete_bom_rows"
"FIN-BRV-ARM-SOF-96X34","42013475","17951050","2","SA-BRV-ARM-SOF-96X34-CUSH|SA-BRV-ARM-SOF-96X34-FRAME","SA-BRV-ARM-SOF-96X34-CUSH|SA-BRV-ARM-SOF-96X34-FRAME","delete_bom_rows"
"FIN-BRV-BCH-96X34","42013684","17951255","2","SA-BRV-BCH-96X34-CUSH|SA-BRV-BCH-96X34-FRAME","SA-BRV-BCH-96X34-CUSH|SA-BRV-BCH-96X34-FRAME","delete_bom_rows"
"FIN-BRV-CHS-34X72-RS","41069227","17426495","2","SA-BRA-C-34X72-RS-FRAME|SA-BRA-C-34X72-RS-CUSH","SA-BRA-C-34X72-RS-FRAME|SA-BRA-C-34X72-RS-CUSH","delete_bom_rows"
"FIN-BRV-CHS-34X84-RS","41069376","17426596","2","SA-BRA-C-34X84-RS-FRAME|SA-BRA-C-34X84-RS-CUSH","SA-BRA-C-34X84-RS-FRAME|SA-BRA-C-34X84-RS-CUSH","delete_bom_rows"
"FIN-BRV-CHS-42X72-RS","41069272","17426506","2","SA-BRA-C-42X72-RS-FRAME|SA-BRA-C-42X72-RS-CUSH","SA-BRA-C-42X72-RS-FRAME|SA-BRA-C-42X72-RS-CUSH","delete_bom_rows"
"FIN-BRV-CHS-42X84-RS","41069420","17426624","2","SA-BRA-C-42X84-RS-FRAME|SA-BRA-C-42X84-RS-CUSH","SA-BRA-C-42X84-RS-FRAME|SA-BRA-C-42X84-RS-CUSH","delete_bom_rows"
"FIN-BRV-CLB-CHA-34X34","42013463","17951038","4","SA-BRV-CLB-CHA-34X34-SEAT|SA-BRV-ARM|SA-BRV-CLB-CHA-34X34-CUSH|SA-BRV-CLB-CHA-34X34-BACK","SA-BRV-CLB-CHA-34X34-SEAT|SA-BRV-ARM|SA-BRV-CLB-CHA-34X34-CUSH|SA-BRV-CLB-CHA-34X34-BACK","delete_bom_rows"
"FIN-BRV-COF-TAB-28X42","42013510","17951085","1","SA-BRV-COF-TAB-28X42-FRAME","SA-BRV-COF-TAB-28X42-FRAME","delete_bom_rows"
"FIN-BRV-COF-TAB-36X36","42013511","17951086","1","SA-BRA-CT-36X36-FRAME","SA-BRA-CT-36X36-FRAME","delete_bom_rows"
"FIN-BRV-COF-TAB-36X56","42013512","17951087","1","SA-BRV-COF-TAB-36X56-FRAME","SA-BRV-COF-TAB-36X56-FRAME","delete_bom_rows"
"FIN-BRV-COF-TAB-42X42","42013513","17951088","1","SA-BRA-CT-42X42-FRAME","SA-BRA-CT-42X42-FRAME","delete_bom_rows"
"FIN-BRV-COF-TAB-42X56","42013514","17951089","1","SA-BRV-COF-TAB-42X56-FRAME","SA-BRV-COF-TAB-42X56-FRAME","delete_bom_rows"
"FIN-BRV-COF-TAB-42X72","42013588","17951163","1","SA-BRV-COF-TAB-42X72-FRAME","SA-BRV-COF-TAB-42X72-FRAME","delete_bom_rows"
"FIN-BRV-COF-TAB-56X56","42013515","17951090","1","SA-BRA-CT-56X56-FRAME","SA-BRA-CT-56X56-FRAME","delete_bom_rows"
"FIN-BRV-COF-TAB-56X72","42013589","17951164","1","SA-BRV-COF-TAB-56X72-FRAME","SA-BRV-COF-TAB-56X72-FRAME","delete_bom_rows"
"FIN-BRV-COR-CHS-72X34","42013479","17951054","2","SA-BRV-COR-CHS-72X34-FRAME|SA-BRV-COR-CHS-72X34-CUSH","SA-BRV-COR-CHS-72X34-FRAME|SA-BRV-COR-CHS-72X34-CUSH","delete_bom_rows"
"FIN-BRV-COR-CHS-84X34","42013480","17951055","2","SA-BRV-COR-CHS-84X34-FRAME|SA-BRV-COR-CHS-84X34-CUSH","SA-BRV-COR-CHS-84X34-FRAME|SA-BRV-COR-CHS-84X34-CUSH","delete_bom_rows"
"FIN-BRV-COR-SOF-72X34-RS","41069161","17426474","2","SA-BRA-CS-72-RS-FRAME|SA-BRA-CS-72-RS-CUSH","SA-BRA-CS-72-RS-FRAME|SA-BRA-CS-72-RS-CUSH","delete_bom_rows"
"FIN-BRV-COR-SOF-84X34-RS","41069187","17426483","2","SA-BRA-CS-84-RS-FRAME|SA-BRA-CS-84-RS-CUSH","SA-BRA-CS-84-RS-FRAME|SA-BRA-CS-84-RS-CUSH","delete_bom_rows"
"FIN-BRV-COR-SOF-96X34-RS","41069210","17426488","2","SA-BRA-CS-96-RS-FRAME|SA-BRA-CS-96-RS-CUSH","SA-BRA-CS-96-RS-FRAME|SA-BRA-CS-96-RS-CUSH","delete_bom_rows"
"FIN-BRV-DOU-CHS-58X79","42013482","17951057","2","SA-BRA-CL-D-FRAME|SA-BRA-CL-D-CUSH","SA-BRA-CL-D-FRAME|SA-BRA-CL-D-CUSH","delete_bom_rows"
"FIN-BRV-DOU-CHS-58X79-NOARM","41069483","17426641","2","SA-BRA-CL-D-A-CUSH|SA-BRA-CL-D-A-FRAME","SA-BRA-CL-D-A-CUSH|SA-BRA-CL-D-A-FRAME","delete_bom_rows"
"FIN-BRV-DYB-72X72","42013484","17951059","2","SA-BRA-D-7272-CUSH|SA-BRA-D-7272-FRAME","SA-BRA-D-7272-CUSH|SA-BRA-D-7272-FRAME","delete_bom_rows"
"FIN-BRV-DYB-72X78","41078289","17430399","2","SA-BRA-CADA-72X78-CUSH|SA-BRA-CADA-72X78-FRAME","SA-BRA-CADA-72X78-CUSH|SA-BRA-CADA-72X78-FRAME","delete_bom_rows"
"FIN-BRV-DYB-84X72","42013485","17951060","2","SA-BRV-DYB-84X72-CUSH|SA-BRV-DYB-84X72-FRAME","SA-BRV-DYB-84X72-CUSH|SA-BRV-DYB-84X72-FRAME","delete_bom_rows"
"FIN-BRV-DYB-84X84","42013483","17951058","2","SA-BRV-DYB-84X84-CUSH|SA-BRV-DYB-84X84-FRAME","SA-BRV-DYB-84X84-CUSH|SA-BRV-DYB-84X84-FRAME","delete_bom_rows"
"FIN-BRV-LOV-SOF-60X34","42013465","17951040","2","SA-BRA-L-FRAME|SA-BRA-L-CUSH","SA-BRA-L-FRAME|SA-BRA-L-CUSH","delete_bom_rows"
"FIN-BRV-MIN-LOV-48X34","42013466","17951041","2","SA-BRA-ML-CUSH|SA-BRA-ML-FRAME","SA-BRA-ML-CUSH|SA-BRA-ML-FRAME","delete_bom_rows"
"FIN-BRV-OTT-22X30","42013543","17951118","2","SA-BRV-OTT-22X30-CUSH|SA-BRV-OTT-22X30-FRAME","SA-BRV-OTT-22X30-CUSH|SA-BRV-OTT-22X30-FRAME","delete_bom_rows"
"FIN-BRV-OTT-22X42","42013544","17951119","2","SA-BRV-OTT-22X42-CUSH|SA-BRV-OTT-22X42-FRAME","SA-BRV-OTT-22X42-CUSH|SA-BRV-OTT-22X42-FRAME","delete_bom_rows"
"FIN-BRV-OTT-22X60","42013545","17951120","2","SA-BRV-OTT-22X60-FRAME|SA-BRV-OTT-22X60-CUSH","SA-BRV-OTT-22X60-FRAME|SA-BRV-OTT-22X60-CUSH","delete_bom_rows"
"FIN-BRV-OTT-22X72","42013546","17951121","2","SA-BRV-OTT-22X72-CUSH|SA-BRV-OTT-22X72-FRAME","SA-BRV-OTT-22X72-CUSH|SA-BRV-OTT-22X72-FRAME","delete_bom_rows"
"FIN-BRV-OTT-30X22","41078969","17430614","2","SA-BRA-O-30X22-FRAME|SA-BRA-O-30X22-CUSH","SA-BRA-O-30X22-FRAME|SA-BRA-O-30X22-CUSH","delete_bom_rows"
"FIN-BRV-OTT-34X34","42013686","17951257","2","SA-BRA-O-34X34-CUSH|SA-BRA-O-34X34-FRAME","SA-BRA-O-34X34-CUSH|SA-BRA-O-34X34-FRAME","delete_bom_rows"
"FIN-BRV-OTT-34X42","42013687","17951258","2","SA-BRV-OTT-34X42-CUSH|SA-BRV-OTT-34X42-FRAME","SA-BRV-OTT-34X42-CUSH|SA-BRV-OTT-34X42-FRAME","delete_bom_rows"
"FIN-BRV-OTT-34X60","42013688","17951259","2","SA-BRV-OTT-34X60-FRAME|SA-BRV-OTT-34X60-CUSH","SA-BRV-OTT-34X60-FRAME|SA-BRV-OTT-34X60-CUSH","delete_bom_rows"
"FIN-BRV-OTT-34X72","42013689","17951260","2","SA-BRV-OTT-34X72-FRAME|SA-BRV-OTT-34X72-CUSH","SA-BRV-OTT-34X72-FRAME|SA-BRV-OTT-34X72-CUSH","delete_bom_rows"
"FIN-BRV-OTT-42X22","41078987","17430676","2","SA-BRA-O-42X22-CUSH|SA-BRA-O-42X22-FRAME","SA-BRA-O-42X22-CUSH|SA-BRA-O-42X22-FRAME","delete_bom_rows"
"FIN-BRV-OTT-42X34","41079752","17431266","2","SA-BRA-O-42X34-CUSH|SA-BRA-O-42X34-FRAME","SA-BRA-O-42X34-CUSH|SA-BRA-O-42X34-FRAME","delete_bom_rows"
"FIN-BRV-OTT-60X22","41079010","17430683","2","SA-BRA-O-60X22-CUSH|SA-BRA-O-60X22-FRAME","SA-BRA-O-60X22-CUSH|SA-BRA-O-60X22-FRAME","delete_bom_rows"
"FIN-BRV-OTT-60X34","41080005","17431467","2","SA-BRA-O-60X34-CUSH|SA-BRA-O-60X34-FRAME","SA-BRA-O-60X34-CUSH|SA-BRA-O-60X34-FRAME","delete_bom_rows"
"FIN-BRV-OTT-72X22","41079045","17430694","2","SA-BRA-O-72X22-CUSH|SA-BRA-O-72X22-FRAME","SA-BRA-O-72X22-CUSH|SA-BRA-O-72X22-FRAME","delete_bom_rows"
"FIN-BRV-OTT-72X34","41080316","17431693","2","SA-BRA-O-72X34-CUSH|SA-BRA-O-72X34-FRAME","SA-BRA-O-72X34-CUSH|SA-BRA-O-72X34-FRAME","delete_bom_rows"
"FIN-BRV-OTT-DKT-60X34","41079997","17431467","2","SA-BRA-ODT-60X34-CUSH|SA-BRA-ODT-60X34-FRAME","SA-BRA-ODT-60X34-CUSH|SA-BRA-ODT-60X34-FRAME","delete_bom_rows"
"FIN-BRV-OTT-DKT-72X34","41080310","17431693","2","SA-BRA-ODT-72X34-CUSH|SA-BRA-ODT-72X34-FRAME","SA-BRA-ODT-72X34-CUSH|SA-BRA-ODT-72X34-FRAME","delete_bom_rows"
"FIN-BRV-OVS-CHS-72X42","42013571","17951146","2","SA-BRV-OVS-CHS-72X42-FRAME|SA-BRV-OVS-CHS-72X42-CUSH","SA-BRV-OVS-CHS-72X42-FRAME|SA-BRV-OVS-CHS-72X42-CUSH","delete_bom_rows"
"FIN-BRV-OVS-CHS-84X42","42013572","17951147","2","SA-BRV-OVS-CHS-84X42-CUSH|SA-BRV-OVS-CHS-84X42-FRAME","SA-BRV-OVS-CHS-84X42-CUSH|SA-BRV-OVS-CHS-84X42-FRAME","delete_bom_rows"
"FIN-BRV-SGL-CHS-30X79","42013481","17951056","2","SA-BRA-CL-S-CUSH|SA-BRA-CL-S-FRAME","SA-BRA-CL-S-CUSH|SA-BRA-CL-S-FRAME","delete_bom_rows"
"FIN-BRV-SGL-CHS-30X79-NOARM","41069469","17426640","2","SA-BRA-CL-S-A-FRAME|SA-BRA-CL-S-A-CUSH","SA-BRA-CL-S-A-FRAME|SA-BRA-CL-S-A-CUSH","delete_bom_rows"
"FIN-BRV-SID-TAB-20X20","42013590","17951165","1","SA-BRA-ST-20X20-FRAME","SA-BRA-ST-20X20-FRAME","delete_bom_rows"
"FIN-BRV-SOF-72X34","42013467","17951042","2","SA-BRA-S-72-FRAME|SA-BRA-S-72-CUSH","SA-BRA-S-72-FRAME|SA-BRA-S-72-CUSH","delete_bom_rows"
"FIN-BRV-SOF-84X34","42013468","17951043","2","SA-BRA-S-84-FRAME|SA-BRA-S-84-CUSH","SA-BRA-S-84-FRAME|SA-BRA-S-84-CUSH","delete_bom_rows"
"FIN-BRV-SOF-96X34","42013469","17951044","2","SA-BRA-S-96-FRAME|SA-BRA-S-96-CUSH","SA-BRA-S-96-FRAME|SA-BRA-S-96-CUSH","delete_bom_rows"
"FIN-BRV-SWV-CHA","42013568","17951143","2","SA-BRV-SWV-CHA-CUSH|SA-BRV-SWV-CHA-FRAME","SA-BRV-SWV-CHA-CUSH|SA-BRV-SWV-CHA-FRAME","delete_bom_rows"
"FIN-BRV-SWV-CHA-34X34","42013464","17951039","2","SA-BRA-SC-CUSH|SA-BRA-SC-FRAME","SA-BRA-SC-CUSH|SA-BRA-SC-FRAME","delete_bom_rows"
"FIN-CAB-DYB-84X84","42013708","17951279","2","SA-CAB-DYB-84X84-CUSH|SA-CAB-DYB-84X84-FRAME","SA-CAB-DYB-84X84-CUSH|SA-CAB-DYB-84X84-FRAME","delete_bom_rows"
"FIN-CAB-MIS-10X10","42013709","17951280","2","SA-CAB-MIS-10X10-FRAME|SA-CAB-MIS-10X10-CUSH","SA-CAB-MIS-10X10-FRAME|SA-CAB-MIS-10X10-CUSH","delete_bom_rows"
"FIN-CUS-OTT-22X72","42013702","17951273","2","SA-CUS-OTT-22X72-CUSH|SA-CUS-OTT-22X72-FRAME","SA-CUS-OTT-22X72-CUSH|SA-CUS-OTT-22X72-FRAME","delete_bom_rows"
"FIN-CUS-OTT-23X82","42013730","17951301","2","SA-CUS-OTT-23X82-FRAME|SA-CUS-OTT-23X82-CUSH","SA-CUS-OTT-23X82-FRAME|SA-CUS-OTT-23X82-CUSH","delete_bom_rows"
"FIN-CUS-OTT-72X22","42061783","17972760","2","SA-CUS-OTT-72X22-FRAME|SA-CUS-OTT-72X22-CUSH","SA-CUS-OTT-72X22-FRAME|SA-CUS-OTT-72X22-CUSH","delete_bom_rows"
"FIN-CUS-OTT-82X23","42061784","17972761","2","SA-CUS-OTT-82X23-CUSH|SA-CUS-OTT-82X23-FRAME","SA-CUS-OTT-82X23-CUSH|SA-CUS-OTT-82X23-FRAME","delete_bom_rows"
"FIN-DAI-BAR-TAB-120X42","42061785","17972762","1","SA-DAI-BAR-TAB-120X42-FRAME","SA-DAI-BAR-TAB-120X42-FRAME","delete_bom_rows"
"FIN-DAI-BAR-TAB-120X56","42061786","17972763","1","SA-DAI-BAR-TAB-120X56-FRAME","SA-DAI-BAR-TAB-120X56-FRAME","delete_bom_rows"
"FIN-DAI-BAR-TAB-42X120","42013608","17951180","1","SA-DAI-BAR-TAB-42X120-FRAME","SA-DAI-BAR-TAB-42X120-FRAME","delete_bom_rows"
"FIN-DAI-BAR-TAB-42X72","42013609","17951181","1","SA-DAI-BAR-TAB-42X72-FRAME","SA-DAI-BAR-TAB-42X72-FRAME","delete_bom_rows"
"FIN-DAI-BAR-TAB-42X96","42013610","17951182","1","SA-DAI-BAR-TAB-42X96-FRAME","SA-DAI-BAR-TAB-42X96-FRAME","delete_bom_rows"
"FIN-DAI-BAR-TAB-56X120","42013611","17951183","1","SA-DAI-BAR-TAB-56X120-FRAME","SA-DAI-BAR-TAB-56X120-FRAME","delete_bom_rows"
"FIN-DAI-BAR-TAB-56X56","42013612","17951184","1","SA-DAI-BAR-TAB-56X56-FRAME","SA-DAI-BAR-TAB-56X56-FRAME","delete_bom_rows"
"FIN-DAI-BAR-TAB-56X72","42013613","17951185","1","SA-DAI-BAR-TAB-56X72-FRAME","SA-DAI-BAR-TAB-56X72-FRAME","delete_bom_rows"
"FIN-DAI-BAR-TAB-56X96","42013614","17951186","1","SA-DAI-BAR-TAB-56X96-FRAME","SA-DAI-BAR-TAB-56X96-FRAME","delete_bom_rows"
"FIN-DAI-BAR-TAB-72X42","42061787","17972764","1","SA-DAI-BAR-TAB-72X42-FRAME","SA-DAI-BAR-TAB-72X42-FRAME","delete_bom_rows"
"FIN-DAI-BAR-TAB-72X56","42061788","17972765","1","SA-DAI-BAR-TAB-72X56-FRAME","SA-DAI-BAR-TAB-72X56-FRAME","delete_bom_rows"
"FIN-DAI-BAR-TAB-96X42","42061789","17972766","1","SA-DAI-BAR-TAB-96X42-FRAME","SA-DAI-BAR-TAB-96X42-FRAME","delete_bom_rows"
"FIN-DAI-BAR-TAB-96X56","42061790","17972767","1","SA-DAI-BAR-TAB-96X56-FRAME","SA-DAI-BAR-TAB-96X56-FRAME","delete_bom_rows"
"FIN-DAI-CNT-TAB-120X42","42061791","17972768","1","SA-DAI-CNT-TAB-120X42-FRAME","SA-DAI-CNT-TAB-120X42-FRAME","delete_bom_rows"
"FIN-DAI-CNT-TAB-120X56","42061792","17972769","1","SA-DAI-CNT-TAB-120X56-FRAME","SA-DAI-CNT-TAB-120X56-FRAME","delete_bom_rows"
"FIN-DAI-CNT-TAB-42X120","42013615","17951187","1","SA-DAI-CNT-TAB-42X120-FRAME","SA-DAI-CNT-TAB-42X120-FRAME","delete_bom_rows"
"FIN-DAI-CNT-TAB-42X72","42013617","17951188","1","SA-DAI-CNT-TAB-42X72-FRAME","SA-DAI-CNT-TAB-42X72-FRAME","delete_bom_rows"
"FIN-DAI-CNT-TAB-42X96","42013618","17951189","1","SA-DAI-CNT-TAB-42X96-FRAME","SA-DAI-CNT-TAB-42X96-FRAME","delete_bom_rows"
"FIN-DAI-CNT-TAB-56X120","42013619","17951190","1","SA-DAI-CNT-TAB-56X120-FRAME","SA-DAI-CNT-TAB-56X120-FRAME","delete_bom_rows"
"FIN-DAI-CNT-TAB-56X56","42013620","17951191","1","SA-DAI-CNT-TAB-56X56-FRAME","SA-DAI-CNT-TAB-56X56-FRAME","delete_bom_rows"
"FIN-DAI-CNT-TAB-56X72","42013621","17951192","1","SA-DAI-CNT-TAB-56X72-FRAME","SA-DAI-CNT-TAB-56X72-FRAME","delete_bom_rows"
"FIN-DAI-CNT-TAB-56X96","42013622","17951193","1","SA-DAI-CNT-TAB-56X96-FRAME","SA-DAI-CNT-TAB-56X96-FRAME","delete_bom_rows"
"FIN-DAI-CNT-TAB-72X42","42061793","17972770","1","SA-DAI-CNT-TAB-72X42-FRAME","SA-DAI-CNT-TAB-72X42-FRAME","delete_bom_rows"
"FIN-DAI-CNT-TAB-72X56","42061794","17972771","1","SA-DAI-CNT-TAB-72X56-FRAME","SA-DAI-CNT-TAB-72X56-FRAME","delete_bom_rows"
"FIN-DAI-CNT-TAB-96X42","42061795","17972772","1","SA-DAI-CNT-TAB-96X42-FRAME","SA-DAI-CNT-TAB-96X42-FRAME","delete_bom_rows"
"FIN-DAI-CNT-TAB-96X56","42061796","17972773","1","SA-DAI-CNT-TAB-96X56-FRAME","SA-DAI-CNT-TAB-96X56-FRAME","delete_bom_rows"
"FIN-DAI-DIN-TAB-120X42","42061797","17972774","1","SA-DAI-DIN-TAB-120X42-FRAME","SA-DAI-DIN-TAB-120X42-FRAME","delete_bom_rows"
"FIN-DAI-DIN-TAB-120X56","42061798","17972775","1","SA-DAI-DIN-TAB-120X56-FRAME","SA-DAI-DIN-TAB-120X56-FRAME","delete_bom_rows"
"FIN-DAI-DIN-TAB-42X30","42013602","17951177","1","SA-DAI-DIN-TAB-42X30-FRAME","SA-DAI-DIN-TAB-42X30-FRAME","delete_bom_rows"
"FIN-DAI-DIN-TAB-42X42","42061799","17972776","1","SA-DAI-DIN-TAB-42X42-FRAME","SA-DAI-DIN-TAB-42X42-FRAME","delete_bom_rows"
"FIN-DAI-DIN-TAB-56X30","42013606","17951178","1","SA-DAI-DIN-TAB-56X30-FRAME","SA-DAI-DIN-TAB-56X30-FRAME","delete_bom_rows"
"FIN-DAI-DIN-TAB-56X56","42061800","17972777","1","SA-DAI-DIN-TAB-56X56-FRAME","SA-DAI-DIN-TAB-56X56-FRAME","delete_bom_rows"
"FIN-DAI-DIN-TAB-56X72","42013623","17951194","1","SA-DAI-DIN-TAB-56X72-FRAME","SA-DAI-DIN-TAB-56X72-FRAME","delete_bom_rows"
"FIN-DAI-DIN-TAB-56X96","42013624","17951195","1","SA-DAI-DIN-TAB-56X96-FRAME","SA-DAI-DIN-TAB-56X96-FRAME","delete_bom_rows"
"FIN-DAI-DIN-TAB-72X42","42061801","17972778","1","SA-DAI-DIN-TAB-72X42-FRAME","SA-DAI-DIN-TAB-72X42-FRAME","delete_bom_rows"
"FIN-DAI-DIN-TAB-72X56","42061802","17972779","1","SA-DAI-DIN-TAB-72X56-FRAME","SA-DAI-DIN-TAB-72X56-FRAME","delete_bom_rows"
"FIN-DAI-DIN-TAB-96X42","42061803","17972780","1","SA-DAI-DIN-TAB-96X42-FRAME","SA-DAI-DIN-TAB-96X42-FRAME","delete_bom_rows"
"FIN-DAI-DIN-TAB-96X56","42061804","17972781","1","SA-DAI-DIN-TAB-96X56-FRAME","SA-DAI-DIN-TAB-96X56-FRAME","delete_bom_rows"
"FIN-DAI-FIR-TAB-42X42","42013669","17951240","1","SA-DAI-FIR-TAB-42X42-FRAME","SA-DAI-FIR-TAB-42X42-FRAME","delete_bom_rows"
"FIN-DAI-FIR-TAB-56X42","42013668","17951239","1","SA-DAI-FIR-TAB-56X42-FRAME","SA-DAI-FIR-TAB-56X42-FRAME","delete_bom_rows"
"FIN-DAI-FIR-TAB-84X56","42013666","17951237","1","SA-DAI-FIR-TAB-84X56-FRAME","SA-DAI-FIR-TAB-84X56-FRAME","delete_bom_rows"
"FIN-DAI-FIR-TAB-96X56","42013667","17951238","1","SA-DAI-FIR-TAB-96X56-FRAME","SA-DAI-FIR-TAB-96X56-FRAME","delete_bom_rows"
"FIN-DAI-TAB-108X56","42013607","17951179","1","SA-DAI-TAB-108X56-FRAME","SA-DAI-TAB-108X56-FRAME","delete_bom_rows"
"FIN-ESY-CHS","42013735","17951306","2","SA-ESY-CHS-CUSH|SA-ESY-CHS-FRAME","SA-ESY-CHS-CUSH|SA-ESY-CHS-FRAME","delete_bom_rows"
"FIN-FLY-BCH-42X18","42061805","17972782","2","SA-FLY-BCH-42X18-FRAME|SA-FLY-BCH-42X18-CUSH","SA-FLY-BCH-42X18-FRAME|SA-FLY-BCH-42X18-CUSH","delete_bom_rows"
"FIN-FLY-DIN-CHA-18X18","42061806","17972783","2","SA-FLY-DIN-CHA-18X18-FRAME|SA-FLY-DIN-CHA-18X18-CUSH","SA-FLY-DIN-CHA-18X18-FRAME|SA-FLY-DIN-CHA-18X18-CUSH","delete_bom_rows"
"FIN-FLY-FLY-BST-18X18","42061807","17972784","2","SA-FLY-FLY-BST-18X18-FRAME|SA-FLY-FLY-BST-18X18-CUSH","SA-FLY-FLY-BST-18X18-FRAME|SA-FLY-FLY-BST-18X18-CUSH","delete_bom_rows"
"FIN-FLY-LEG-BAR-COU-HEI","42061808","17972785","2","SA-FLY-LEG-BAR-COU-HEI-CUSH|SA-FLY-LEG-BAR-COU-HEI-FRAME","SA-FLY-LEG-BAR-COU-HEI-CUSH|SA-FLY-LEG-BAR-COU-HEI-FRAME","delete_bom_rows"
"FIN-FLY-LEG-BEN-COU-HEI-42","42061809","17972786","2","SA-FLY-LEG-BEN-COU-HEI-42-CUSH|SA-FLY-LEG-BEN-COU-HEI-42-FRAME","SA-FLY-LEG-BEN-COU-HEI-42-CUSH|SA-FLY-LEG-BEN-COU-HEI-42-FRAME","delete_bom_rows"
"FIN-FLY-LEG-BEN-DIN-HEI-42","42061810","17972787","2","SA-FLY-LEG-BEN-DIN-HEI-42-FRAME|SA-FLY-LEG-BEN-DIN-HEI-42-CUSH","SA-FLY-LEG-BEN-DIN-HEI-42-FRAME|SA-FLY-LEG-BEN-DIN-HEI-42-CUSH","delete_bom_rows"
"FIN-FLY-TAB-38X8","42061811","17972788","1","SA-FLY-TAB-38X8-FRAME","SA-FLY-TAB-38X8-FRAME","delete_bom_rows"
"FIN-FLY-TAB-60X12","42061812","17972789","1","SA-FLY-TAB-60X12-FRAME","SA-FLY-TAB-60X12-FRAME","delete_bom_rows"
"FIN-FLY-TAB-72X12","42061813","17972790","1","SA-FLY-TAB-72X12-FRAME","SA-FLY-TAB-72X12-FRAME","delete_bom_rows"
"FIN-FLY-TAB-84X12","42061814","17972791","1","SA-FLY-TAB-84X12-FRAME","SA-FLY-TAB-84X12-FRAME","delete_bom_rows"
"FIN-FLY-TAB-96X12","42061815","17972792","1","SA-FLY-TAB-96X12-FRAME","SA-FLY-TAB-96X12-FRAME","delete_bom_rows"
"FIN-HAL-BAC-BAR-BAR-HEI","42061816","17972793","2","SA-HAL-BAC-BAR-BAR-HEI-FRAME|SA-HAL-BAC-BAR-BAR-HEI-CUSH","SA-HAL-BAC-BAR-BAR-HEI-FRAME|SA-HAL-BAC-BAR-BAR-HEI-CUSH","delete_bom_rows"
"FIN-LED-CHA","42061817","17972794","2","SA-LED-CHA-FRAME|SA-LED-CHA-CUSH","SA-LED-CHA-FRAME|SA-LED-CHA-CUSH","delete_bom_rows"
"FIN-LED-SID-TAB","42061818","17972795","1","SA-LED-SID-TAB-FRAME","SA-LED-SID-TAB-FRAME","delete_bom_rows"
"FIN-MIS-DIN-BCH-72X22","42061819","17972796","2","SA-MIS-DIN-BCH-72X22-CUSH|SA-MIS-DIN-BCH-72X22-FRAME","SA-MIS-DIN-BCH-72X22-CUSH|SA-MIS-DIN-BCH-72X22-FRAME","delete_bom_rows"
"FIN-MIS-DIN-BCH-96X22","42061820","17972797","2","SA-MIS-DIN-BCH-96X22-FRAME|SA-MIS-DIN-BCH-96X22-CUSH","SA-MIS-DIN-BCH-96X22-FRAME|SA-MIS-DIN-BCH-96X22-CUSH","delete_bom_rows"
"FIN-MIS-DIN-CHA-17X21","42061821","17972798","2","SA-MIS-DIN-CHA-17X21-CUSH|SA-MIS-DIN-CHA-17X21-FRAME","SA-MIS-DIN-CHA-17X21-CUSH|SA-MIS-DIN-CHA-17X21-FRAME","delete_bom_rows"
"FIN-MIS-FIR-TAB-42X42","42061822","17972799","1","SA-MIS-FIR-TAB-42X42-FRAME","SA-MIS-FIR-TAB-42X42-FRAME","delete_bom_rows"
"FIN-MIS-FLY-BST-17X21","42061823","17972800","2","SA-MIS-FLY-BST-17X21-FRAME|SA-MIS-FLY-BST-17X21-CUSH","SA-MIS-FLY-BST-17X21-FRAME|SA-MIS-FLY-BST-17X21-CUSH","delete_bom_rows"
"FIN-MIS-OTT-22X22","42013701","17951272","2","SA-MIS-OTT-22X22-CUSH|SA-MIS-OTT-22X22-FRAME","SA-MIS-OTT-22X22-CUSH|SA-MIS-OTT-22X22-FRAME","delete_bom_rows"
"FIN-MIS-SID-TAB-13X30","42061824","17972801","1","SA-MIS-SID-TAB-13X30-FRAME","SA-MIS-SID-TAB-13X30-FRAME","delete_bom_rows"
"FIN-MIS-TAB-13X30","42061825","17972802","1","SA-MIS-TAB-13X30-FRAME","SA-MIS-TAB-13X30-FRAME","delete_bom_rows"
"FIN-MLN-CLB-CHA-32X36","42013499","17951074","2","SA-MLN-CLB-CHA-32X36-CUSH|SA-MLN-CLB-CHA-32X36-FRAME","SA-MLN-CLB-CHA-32X36-CUSH|SA-MLN-CLB-CHA-32X36-FRAME","delete_bom_rows"
"FIN-MLN-OTT-22X60","42013500","17951075","2","SA-MLN-OTT-22X60-CUSH|SA-MLN-OTT-22X60-FRAME","SA-MLN-OTT-22X60-CUSH|SA-MLN-OTT-22X60-FRAME","delete_bom_rows"
"FIN-MLN-OTT-22X72","42013501","17951076","2","SA-MLN-OTT-22X72-FRAME|SA-MLN-OTT-22X72-CUSH","SA-MLN-OTT-22X72-FRAME|SA-MLN-OTT-22X72-CUSH","delete_bom_rows"
"FIN-MLN-OTT-34X34","42013583","17951158","2","SA-MLN-OTT-34X34-CUSH|SA-MLN-OTT-34X34-FRAME","SA-MLN-OTT-34X34-CUSH|SA-MLN-OTT-34X34-FRAME","delete_bom_rows"
"FIN-MLN-OTT-34X42","42013582","17951157","2","SA-MLN-OTT-34X42-CUSH|SA-MLN-OTT-34X42-FRAME","SA-MLN-OTT-34X42-CUSH|SA-MLN-OTT-34X42-FRAME","delete_bom_rows"
"FIN-MLN-OTT-34X60","42013502","17951077","2","SA-MLN-OTT-34X60-FRAME|SA-MLN-OTT-34X60-CUSH","SA-MLN-OTT-34X60-FRAME|SA-MLN-OTT-34X60-CUSH","delete_bom_rows"
"FIN-MLN-OTT-34X72","42013584","17951159","2","SA-MLN-OTT-34X72-FRAME|SA-MLN-OTT-34X72-CUSH","SA-MLN-OTT-34X72-FRAME|SA-MLN-OTT-34X72-CUSH","delete_bom_rows"
"FIN-MLN-OTT-56X42","42013503","17951078","2","SA-MLN-OTT-56X42-FRAME|SA-MLN-OTT-56X42-CUSH","SA-MLN-OTT-56X42-FRAME|SA-MLN-OTT-56X42-CUSH","delete_bom_rows"
"FIN-MLN-SOF-60X62","42013507","17951082","2","SA-MLN-SOF-60X62-FRAME|SA-MLN-SOF-60X62-CUSH","SA-MLN-SOF-60X62-FRAME|SA-MLN-SOF-60X62-CUSH","delete_bom_rows"
"FIN-MLN-SOF-62X42","42013508","17951083","2","SA-MLN-SOF-62X42-CUSH|SA-MLN-SOF-62X42-FRAME","SA-MLN-SOF-62X42-CUSH|SA-MLN-SOF-62X42-FRAME","delete_bom_rows"
"FIN-MLN-SOF-72X36","42013504","17951079","2","SA-MLN-SOF-72X36-FRAME|SA-MLN-SOF-72X36-CUSH","SA-MLN-SOF-72X36-FRAME|SA-MLN-SOF-72X36-CUSH","delete_bom_rows"
"FIN-MLN-SOF-84X36","42013505","17951080","2","SA-MLN-SOF-84X36-FRAME|SA-MLN-SOF-84X36-CUSH","SA-MLN-SOF-84X36-FRAME|SA-MLN-SOF-84X36-CUSH","delete_bom_rows"
"FIN-MLN-SOF-96X36","42013506","17951081","2","SA-MLN-SOF-96X36-FRAME|SA-MLN-SOF-96X36-CUSH","SA-MLN-SOF-96X36-FRAME|SA-MLN-SOF-96X36-CUSH","delete_bom_rows"
"FIN-MLN-TAB-56X14","42013727","17951298","1","SA-MLN-TAB-56X14-FRAME","SA-MLN-TAB-56X14-FRAME","delete_bom_rows"
"FIN-OCC-TAB-56X14","42061826","17972803","1","SA-OCC-TAB-56X14-FRAME","SA-OCC-TAB-56X14-FRAME","delete_bom_rows"
"FIN-OCN-CLB-CHA-34X38","42013491","17951066","2","SA-OCE-CC-CUSH|SA-OCE-CC-FRAME","SA-OCE-CC-CUSH|SA-OCE-CC-FRAME","delete_bom_rows"
"FIN-OCN-COF-TAB-28X42","42013522","17951097","1","SA-OCN-COF-TAB-28X42-FRAME","SA-OCN-COF-TAB-28X42-FRAME","delete_bom_rows"
"FIN-OCN-COF-TAB-28X56","42013516","17951091","1","SA-OCN-COF-TAB-28X56-FRAME","SA-OCN-COF-TAB-28X56-FRAME","delete_bom_rows"
"FIN-OCN-COF-TAB-36X36","42013591","17951166","1","SA-OCE-CT-36X36-FRAME","SA-OCE-CT-36X36-FRAME","delete_bom_rows"
"FIN-OCN-COF-TAB-36X56","42013517","17951092","1","SA-OCN-COF-TAB-36X56-FRAME","SA-OCN-COF-TAB-36X56-FRAME","delete_bom_rows"
"FIN-OCN-COF-TAB-36X72","42013518","17951093","1","SA-OCN-COF-TAB-36X72-FRAME","SA-OCN-COF-TAB-36X72-FRAME","delete_bom_rows"
"FIN-OCN-COF-TAB-42X42","42013519","17951094","1","SA-OCE-CT-42X42-FRAME","SA-OCE-CT-42X42-FRAME","delete_bom_rows"
"FIN-OCN-COF-TAB-42X56","42013520","17951095","1","SA-OCN-COF-TAB-42X56-FRAME","SA-OCN-COF-TAB-42X56-FRAME","delete_bom_rows"
"FIN-OCN-COF-TAB-42X72","42013592","17951167","1","SA-OCN-COF-TAB-42X72-FRAME","SA-OCN-COF-TAB-42X72-FRAME","delete_bom_rows"
"FIN-OCN-COF-TAB-56X56","42013521","17951096","1","SA-OCE-CT-56X56-FRAME","SA-OCE-CT-56X56-FRAME","delete_bom_rows"
"FIN-OCN-COF-TAB-56X72","42013593","17951168","1","SA-OCN-COF-TAB-56X72-FRAME","SA-OCN-COF-TAB-56X72-FRAME","delete_bom_rows"
"FIN-OCN-DOU-CHS-58X79","42013498","17951073","2","SA-OCE-DCL-CUSH|SA-OCE-DCL-FRAME","SA-OCE-DCL-CUSH|SA-OCE-DCL-FRAME","delete_bom_rows"
"FIN-OCN-LOV-SOF-60X38","42013496","17951071","2","SA-OCE-L-FRAME|SA-OCE-L-CUSH","SA-OCE-L-FRAME|SA-OCE-L-CUSH","delete_bom_rows"
"FIN-OCN-MIN-LOV-48X38","42013495","17951070","2","SA-OCN-MIN-LOV-48X38-CUSH|SA-OCN-MIN-LOV-48X38-FRAME","SA-OCN-MIN-LOV-48X38-CUSH|SA-OCN-MIN-LOV-48X38-FRAME","delete_bom_rows"
"FIN-OCN-MIN-LOV-60X48","42061827","17972804","2","SA-OCE-ML-FRAME|SA-OCE-ML-CUSH","SA-OCE-ML-FRAME|SA-OCE-ML-CUSH","delete_bom_rows"
"FIN-OCN-OTT-30X22","42013547","17951122","2","SA-OCE-O-30X22-CUSH|SA-OCE-O-30X22-FRAME","SA-OCE-O-30X22-CUSH|SA-OCE-O-30X22-FRAME","delete_bom_rows"
"FIN-OCN-OTT-42X22","42013698","17951269","2","SA-OCE-O-42X22-FRAME|SA-OCE-O-42X22-CUSH","SA-OCE-O-42X22-FRAME|SA-OCE-O-42X22-CUSH","delete_bom_rows"
"FIN-OCN-OTT-60X22","42013699","17951270","2","SA-OCE-O-60X22-FRAME|SA-OCE-O-60X22-CUSH","SA-OCE-O-60X22-FRAME|SA-OCE-O-60X22-CUSH","delete_bom_rows"
"FIN-OCN-OTT-72X22","42013700","17951271","2","SA-OCE-O-72X22-CUSH|SA-OCE-O-72X22-FRAME","SA-OCE-O-72X22-CUSH|SA-OCE-O-72X22-FRAME","delete_bom_rows"
"FIN-OCN-SGL-CHS-36X79","42013497","17951072","2","SA-OCE-SCL-FRAME|SA-OCE-SCL-CUSH","SA-OCE-SCL-FRAME|SA-OCE-SCL-CUSH","delete_bom_rows"
"FIN-OCN-SID-TAB-12","42013594","17951169","1","SA-OCN-SID-TAB-12-FRAME","SA-OCN-SID-TAB-12-FRAME","delete_bom_rows"
"FIN-OCN-SID-TAB-13X30","42013600","17951175","1","SA-OCN-SID-TAB-13X30-FRAME","SA-OCN-SID-TAB-13X30-FRAME","delete_bom_rows"
"FIN-OCN-SID-TAB-20X20","42013586","17951161","1","SA-OCE-ST-20X20-FRAME","SA-OCE-ST-20X20-FRAME","delete_bom_rows"
"FIN-OCN-SID-TAB-32X32","42013599","17951174","1","SA-OCN-SID-TAB-32X32-FRAME","SA-OCN-SID-TAB-32X32-FRAME","delete_bom_rows"
"FIN-OCN-SID-TAB-36X17","42013509","17951084","1","SA-OCN-SID-TAB-36X17-FRAME","SA-OCN-SID-TAB-36X17-FRAME","delete_bom_rows"
"FIN-OCN-SID-TAB-36X36","41068663","17426323","1","SA-OCE-RST-36-FRAME","SA-OCE-RST-36-FRAME","delete_bom_rows"
"FIN-OCN-SID-TAB-42","41068763","17426347","1","SA-OCE-RST-42-FRAME","SA-OCE-RST-42-FRAME","delete_bom_rows"
"FIN-OCN-SOF-72X38","42013493","17951068","2","SA-OCE-S-72-CUSH|SA-OCE-S-72-FRAME","SA-OCE-S-72-CUSH|SA-OCE-S-72-FRAME","delete_bom_rows"
"FIN-OCN-SOF-84X38","42013494","17951069","2","SA-OCE-S-84-FRAME|SA-OCE-S-84-CUSH","SA-OCE-S-84-FRAME|SA-OCE-S-84-CUSH","delete_bom_rows"
"FIN-OCN-SOF-96X38","41892986","17904557","2","SA-OCE-S-96-FRAME|SA-OCE-S-96-CUSH","SA-OCE-S-96-FRAME|SA-OCE-S-96-CUSH","delete_bom_rows"
"FIN-OCN-SWV-CHA","41068478","17426254","2","SA-OCN-SWV-CHA-FRAME|SA-OCN-SWV-CHA-CUSH","SA-OCN-SWV-CHA-FRAME|SA-OCN-SWV-CHA-CUSH","delete_bom_rows"
"FIN-OCN-SWV-CHA-34X34","42061828","17972805","2","SA-OCE-SC-FRAME|SA-OCE-SC-CUSH","SA-OCE-SC-FRAME|SA-OCE-SC-CUSH","delete_bom_rows"
"FIN-OCN-SWV-CHA-34X38","42013492","17951067","2","SA-OCN-SWV-CHA-34X38-FRAME|SA-OCN-SWV-CHA-34X38-CUSH","SA-OCN-SWV-CHA-34X38-FRAME|SA-OCN-SWV-CHA-34X38-CUSH","delete_bom_rows"
"FIN-OCN-TAB-13X30","42013524","17951099","1","SA-OCN-TAB-13X30-FRAME","SA-OCN-TAB-13X30-FRAME","delete_bom_rows"
"FIN-OCN-TAB-34X12","42013523","17951098","1","SA-OCN-TAB-34X12-FRAME","SA-OCN-TAB-34X12-FRAME","delete_bom_rows"
"FIN-OCN-TAB-72X12","42013595","17951170","1","SA-OCN-TAB-72X12-FRAME","SA-OCN-TAB-72X12-FRAME","delete_bom_rows"
"FIN-OCN-TAB-84X12","42013596","17951171","1","SA-OCN-TAB-84X12-FRAME","SA-OCN-TAB-84X12-FRAME","delete_bom_rows"
"FIN-OCN-TAB-96X12","42013598","17951173","1","SA-OCN-TAB-96X12-FRAME","SA-OCN-TAB-96X12-FRAME","delete_bom_rows"
"FIN-STA-BAR-TAB-36X36","42061829","17972806","1","SA-STA-BAR-TAB-36X36-FRAME","SA-STA-BAR-TAB-36X36-FRAME","delete_bom_rows"
"FIN-STA-BAR-TAB-42X42","42061830","17972807","1","SA-STA-BAR-TAB-42X42-FRAME","SA-STA-BAR-TAB-42X42-FRAME","delete_bom_rows"
"FIN-STA-BAR-TAB-72X36","42061831","17972808","1","SA-STA-BAR-TAB-72X36-FRAME","SA-STA-BAR-TAB-72X36-FRAME","delete_bom_rows"
"FIN-STA-CNT-TAB-36X36","42061832","17972809","1","SA-STA-CNT-TAB-36X36-FRAME","SA-STA-CNT-TAB-36X36-FRAME","delete_bom_rows"
"FIN-STA-CNT-TAB-42X42","42061833","17972810","1","SA-STA-CNT-TAB-42X42-FRAME","SA-STA-CNT-TAB-42X42-FRAME","delete_bom_rows"
"FIN-STA-CNT-TAB-72X36","42061834","17972811","1","SA-STA-CNT-TAB-72X36-FRAME","SA-STA-CNT-TAB-72X36-FRAME","delete_bom_rows"
"FIN-STA-DIN-TAB-36X36","42061835","17972812","1","SA-STA-DIN-TAB-36X36-FRAME","SA-STA-DIN-TAB-36X36-FRAME","delete_bom_rows"
"FIN-STA-DIN-TAB-42X42","42061836","17972813","1","SA-STA-DIN-TAB-42X42-FRAME","SA-STA-DIN-TAB-42X42-FRAME","delete_bom_rows"
"FIN-STA-DIN-TAB-72X36","42061837","17972814","1","SA-STA-DIN-TAB-72X36-FRAME","SA-STA-DIN-TAB-72X36-FRAME","delete_bom_rows"
"FIN-TAY-BAR-W-ARM-COU-HEI","42061838","17972815","2","SA-TAY-BAR-W-ARM-COU-HEI-CUSH|SA-TAY-BAR-W-ARM-COU-HEI-FRAME","SA-TAY-BAR-W-ARM-COU-HEI-CUSH|SA-TAY-BAR-W-ARM-COU-HEI-FRAME","delete_bom_rows"
"FIN-TAY-BCH-24X23","42013678","17951249","2","SA-TAY-BCH-24X23-CUSH|SA-TAY-BCH-24X23-FRAME","SA-TAY-BCH-24X23-CUSH|SA-TAY-BCH-24X23-FRAME","delete_bom_rows"
"FIN-TAY-BCH-42X23","42013680","17951251","2","SA-TAY-BCH-42X23-FRAME|SA-TAY-BCH-42X23-CUSH","SA-TAY-BCH-42X23-FRAME|SA-TAY-BCH-42X23-CUSH","delete_bom_rows"
"FIN-TAY-BCH-72X23","42013679","17951250","2","SA-TAY-BCH-72X23-CUSH|SA-TAY-BCH-72X23-FRAME","SA-TAY-BCH-72X23-CUSH|SA-TAY-BCH-72X23-FRAME","delete_bom_rows"
"FIN-TAY-BEN-BAR-HEI-72","42061839","17972816","2","SA-TAY-BEN-BAR-HEI-72-CUSH|SA-TAY-BEN-BAR-HEI-72-FRAME","SA-TAY-BEN-BAR-HEI-72-CUSH|SA-TAY-BEN-BAR-HEI-72-FRAME","delete_bom_rows"
"FIN-TAY-BEN-DIN-HEI-42","42061840","17972817","2","SA-TAY-BEN-DIN-HEI-42-CUSH|SA-TAY-BEN-DIN-HEI-42-FRAME","SA-TAY-BEN-DIN-HEI-42-CUSH|SA-TAY-BEN-DIN-HEI-42-FRAME","delete_bom_rows"
"FIN-TAY-BEN-DIN-HEI-72","42061841","17972818","2","SA-TAY-BEN-DIN-HEI-72-CUSH|SA-TAY-BEN-DIN-HEI-72-FRAME","SA-TAY-BEN-DIN-HEI-72-CUSH|SA-TAY-BEN-DIN-HEI-72-FRAME","delete_bom_rows"
"FIN-TAY-BST-18X23","42061842","17972819","2","SA-TAY-BST-18X23-FRAME|SA-TAY-BST-18X23-CUSH","SA-TAY-BST-18X23-FRAME|SA-TAY-BST-18X23-CUSH","delete_bom_rows"
"FIN-TAY-BST-19X23","42013539","17951114","2","SA-TAY-BST-19X23-FRAME|SA-TAY-BST-19X23-CUSH","SA-TAY-BST-19X23-FRAME|SA-TAY-BST-19X23-CUSH","delete_bom_rows"
"FIN-TAY-BST-24X23","42013541","17951116","2","SA-TAY-BST-24X23-FRAME|SA-TAY-BST-24X23-CUSH","SA-TAY-BST-24X23-FRAME|SA-TAY-BST-24X23-CUSH","delete_bom_rows"
"FIN-TAY-DIN-CHA-19X23","42061843","17972820","2","SA-TAY-DIN-CHA-19X23-CUSH|SA-TAY-DIN-CHA-19X23-FRAME","SA-TAY-DIN-CHA-19X23-CUSH|SA-TAY-DIN-CHA-19X23-FRAME","delete_bom_rows"
"FIN-TAY-DIN-CHA-24X23","42013542","17951117","2","SA-TAY-DIN-CHA-24X23-FRAME|SA-TAY-DIN-CHA-24X23-CUSH","SA-TAY-DIN-CHA-24X23-FRAME|SA-TAY-DIN-CHA-24X23-CUSH","delete_bom_rows"
"FIN-TJM-CHA","42013561","17951136","2","SA-TJM-CHA-FRAME|SA-TJM-CHA-CUSH","SA-TJM-CHA-FRAME|SA-TJM-CHA-CUSH","delete_bom_rows"
"FIN-TJM-TAB","42013565","17951140","1","SA-TJM-TAB-FRAME","SA-TJM-TAB-FRAME","delete_bom_rows"
"FIN-TRI-SID-TAB-32X32","42061844","17972821","1","SA-TRI-SID-TAB-32X32-FRAME","SA-TRI-SID-TAB-32X32-FRAME","delete_bom_rows"
"FIN-WFT-BAR-TAB-120X28","42061845","17972822","1","SA-WFT-BAR-TAB-120X28-FRAME","SA-WFT-BAR-TAB-120X28-FRAME","delete_bom_rows"
"FIN-WFT-BAR-TAB-120X36","42061846","17972823","1","SA-WFT-BAR-TAB-120X36-FRAME","SA-WFT-BAR-TAB-120X36-FRAME","delete_bom_rows"
"FIN-WFT-BAR-TAB-28X120","42013648","17951219","1","SA-WFT-BAR-TAB-28X120-FRAME","SA-WFT-BAR-TAB-28X120-FRAME","delete_bom_rows"
"FIN-WFT-BAR-TAB-28X72","42013649","17951220","1","SA-WFT-BAR-TAB-28X72-FRAME","SA-WFT-BAR-TAB-28X72-FRAME","delete_bom_rows"
"FIN-WFT-BAR-TAB-28X96","42013650","17951221","1","SA-WFT-BAR-TAB-28X96-FRAME","SA-WFT-BAR-TAB-28X96-FRAME","delete_bom_rows"
"FIN-WFT-BAR-TAB-36X120","42013651","17951222","1","SA-WFT-BAR-TAB-36X120-FRAME","SA-WFT-BAR-TAB-36X120-FRAME","delete_bom_rows"
"FIN-WFT-BAR-TAB-36X72","42013652","17951223","1","SA-WFT-BAR-TAB-36X72-FRAME","SA-WFT-BAR-TAB-36X72-FRAME","delete_bom_rows"
"FIN-WFT-BAR-TAB-36X96","42013653","17951224","1","SA-WFT-BAR-TAB-36X96-FRAME","SA-WFT-BAR-TAB-36X96-FRAME","delete_bom_rows"
"FIN-WFT-BAR-TAB-72X28","42061847","17972824","1","SA-WFT-BAR-TAB-72X28-FRAME","SA-WFT-BAR-TAB-72X28-FRAME","delete_bom_rows"
"FIN-WFT-BAR-TAB-72X36","42061848","17972825","1","SA-WFT-BAR-TAB-72X36-FRAME","SA-WFT-BAR-TAB-72X36-FRAME","delete_bom_rows"
"FIN-WFT-BAR-TAB-96X28","42061849","17972826","1","SA-WFT-BAR-TAB-96X28-FRAME","SA-WFT-BAR-TAB-96X28-FRAME","delete_bom_rows"
"FIN-WFT-BAR-TAB-96X36","42061850","17972827","1","SA-WFT-BAR-TAB-96X36-FRAME","SA-WFT-BAR-TAB-96X36-FRAME","delete_bom_rows"
"FIN-WFT-BCH-42X18","42013535","17951110","2","SA-WFT-BCH-42X18-FRAME|SA-WFT-BCH-42X18-CUSH","SA-WFT-BCH-42X18-FRAME|SA-WFT-BCH-42X18-CUSH","delete_bom_rows"
"FIN-WFT-CNT-TAB-120X28","42061851","17972828","1","SA-WFT-CNT-TAB-120X28-FRAME","SA-WFT-CNT-TAB-120X28-FRAME","delete_bom_rows"
"FIN-WFT-CNT-TAB-120X36","42061852","17972829","1","SA-WFT-CNT-TAB-120X36-FRAME","SA-WFT-CNT-TAB-120X36-FRAME","delete_bom_rows"
"FIN-WFT-CNT-TAB-28X120","42013654","17951225","1","SA-WFT-CNT-TAB-28X120-FRAME","SA-WFT-CNT-TAB-28X120-FRAME","delete_bom_rows"
"FIN-WFT-CNT-TAB-28X72","42013655","17951226","1","SA-WFT-CNT-TAB-28X72-FRAME","SA-WFT-CNT-TAB-28X72-FRAME","delete_bom_rows"
"FIN-WFT-CNT-TAB-28X96","42013656","17951227","1","SA-WFT-CNT-TAB-28X96-FRAME","SA-WFT-CNT-TAB-28X96-FRAME","delete_bom_rows"
"FIN-WFT-CNT-TAB-36X120","42013657","17951228","1","SA-WFT-CNT-TAB-36X120-FRAME","SA-WFT-CNT-TAB-36X120-FRAME","delete_bom_rows"
"FIN-WFT-CNT-TAB-36X72","42013658","17951229","1","SA-WFT-CNT-TAB-36X72-FRAME","SA-WFT-CNT-TAB-36X72-FRAME","delete_bom_rows"
"FIN-WFT-CNT-TAB-36X96","42013659","17951230","1","SA-WFT-CNT-TAB-36X96-FRAME","SA-WFT-CNT-TAB-36X96-FRAME","delete_bom_rows"
"FIN-WFT-CNT-TAB-72X28","42061853","17972830","1","SA-WFT-CNT-TAB-72X28-FRAME","SA-WFT-CNT-TAB-72X28-FRAME","delete_bom_rows"
"FIN-WFT-CNT-TAB-72X36","42061854","17972831","1","SA-WFT-CNT-TAB-72X36-FRAME","SA-WFT-CNT-TAB-72X36-FRAME","delete_bom_rows"
"FIN-WFT-CNT-TAB-96X28","42061855","17972832","1","SA-WFT-CNT-TAB-96X28-FRAME","SA-WFT-CNT-TAB-96X28-FRAME","delete_bom_rows"
"FIN-WFT-CNT-TAB-96X36","42061856","17972833","1","SA-WFT-CNT-TAB-96X36-FRAME","SA-WFT-CNT-TAB-96X36-FRAME","delete_bom_rows"
"FIN-WFT-DIN-BCH-72X22","42013531","17951106","2","SA-WFT-DIN-BCH-72X22-FRAME|SA-WFT-DIN-BCH-72X22-CUSH","SA-WFT-DIN-BCH-72X22-FRAME|SA-WFT-DIN-BCH-72X22-CUSH","delete_bom_rows"
"FIN-WFT-DIN-BCH-96X22","42013532","17951107","2","SA-WFT-DIN-BCH-96X22-CUSH|SA-WFT-DIN-BCH-96X22-FRAME","SA-WFT-DIN-BCH-96X22-CUSH|SA-WFT-DIN-BCH-96X22-FRAME","delete_bom_rows"
"FIN-WFT-DIN-CHA-17X21","42013676","17951247","2","SA-WFT-DIN-CHA-17X21-CUSH|SA-WFT-DIN-CHA-17X21-FRAME","SA-WFT-DIN-CHA-17X21-CUSH|SA-WFT-DIN-CHA-17X21-FRAME","delete_bom_rows"
"FIN-WFT-DIN-CHA-18X18","42013536","17951111","2","SA-WFT-DIN-CHA-18X18-FRAME|SA-WFT-DIN-CHA-18X18-CUSH","SA-WFT-DIN-CHA-18X18-FRAME|SA-WFT-DIN-CHA-18X18-CUSH","delete_bom_rows"
"FIN-WFT-DIN-TAB-120X28","42061857","17972834","1","SA-WFT-DIN-TAB-120X28-FRAME","SA-WFT-DIN-TAB-120X28-FRAME","delete_bom_rows"
"FIN-WFT-DIN-TAB-120X36","42061858","17972835","1","SA-WFT-DIN-TAB-120X36-FRAME","SA-WFT-DIN-TAB-120X36-FRAME","delete_bom_rows"
"FIN-WFT-DIN-TAB-28X120","42013660","17951231","1","SA-WFT-DIN-TAB-28X120-FRAME","SA-WFT-DIN-TAB-28X120-FRAME","delete_bom_rows"
"FIN-WFT-DIN-TAB-28X72","42013661","17951232","1","SA-WFT-DIN-TAB-28X72-FRAME","SA-WFT-DIN-TAB-28X72-FRAME","delete_bom_rows"
"FIN-WFT-DIN-TAB-28X96","42013662","17951233","1","SA-WFT-DIN-TAB-28X96-FRAME","SA-WFT-DIN-TAB-28X96-FRAME","delete_bom_rows"
"FIN-WFT-DIN-TAB-36X120","42013663","17951234","1","SA-WFT-DIN-TAB-36X120-FRAME","SA-WFT-DIN-TAB-36X120-FRAME","delete_bom_rows"
"FIN-WFT-DIN-TAB-36X72","42013664","17951235","1","SA-WFT-DIN-TAB-36X72-FRAME","SA-WFT-DIN-TAB-36X72-FRAME","delete_bom_rows"
"FIN-WFT-DIN-TAB-36X96","42013665","17951236","1","SA-WFT-DIN-TAB-36X96-FRAME","SA-WFT-DIN-TAB-36X96-FRAME","delete_bom_rows"
"FIN-WFT-DIN-TAB-72X28","42047070","17967244","2","SA-WFT-DIN-TAB-72X28-BASE","SA-WFT-DIN-TAB-72X28-BASE|RM-DKT-GENERIC-SLAB","delete_bom_rows"
"FIN-WFT-DIN-TAB-72X36","42061859","17972836","1","SA-WFT-DIN-TAB-72X36-FRAME","SA-WFT-DIN-TAB-72X36-FRAME","delete_bom_rows"
"FIN-WFT-DIN-TAB-96X28","42061860","17972837","1","SA-WFT-DIN-TAB-96X28-FRAME","SA-WFT-DIN-TAB-96X28-FRAME","delete_bom_rows"
"FIN-WFT-DIN-TAB-96X36","42061861","17972838","1","SA-WFT-DIN-TAB-96X36-FRAME","SA-WFT-DIN-TAB-96X36-FRAME","delete_bom_rows"
"FIN-WFT-FIR-TAB-56X36","42013670","17951241","1","SA-WFT-FIR-TAB-56X36-FRAME","SA-WFT-FIR-TAB-56X36-FRAME","delete_bom_rows"
"FIN-WFT-FIR-TAB-72X36","42013671","17951242","1","SA-WFT-FIR-TAB-72X36-FRAME","SA-WFT-FIR-TAB-72X36-FRAME","delete_bom_rows"
"FIN-WFT-FLY-BST-17X21","42013537","17951112","2","SA-WFT-FLY-BST-17X21-CUSH|SA-WFT-FLY-BST-17X21-FRAME","SA-WFT-FLY-BST-17X21-CUSH|SA-WFT-FLY-BST-17X21-FRAME","delete_bom_rows"
"FIN-WFT-FLY-BST-18X18","42013533","17951108","2","SA-WFT-FLY-BST-18X18-FRAME|SA-WFT-FLY-BST-18X18-CUSH","SA-WFT-FLY-BST-18X18-FRAME|SA-WFT-FLY-BST-18X18-CUSH","delete_bom_rows"
"FIN-WFT-SID-TAB-13X40","42061862","17972839","1","SA-WFT-SID-TAB-13X40-FRAME","SA-WFT-SID-TAB-13X40-FRAME","delete_bom_rows"
"FIN-WFT-SID-TAB-40X13","42013601","17951176","1","SA-WFT-SID-TAB-40X13-FRAME","SA-WFT-SID-TAB-40X13-FRAME","delete_bom_rows"
