action,sku,name,is_sellable,is_producible,product_id,variant_id,status
"would_post","ASM-BRK-BAR-TAB-120X28-FRAME","BROOKLYN TABLE (BAR HEIGHT) 28 X 120 FRAME","false","true","","","dry_run"
"would_post","ASM-BRK-BAR-TAB-120X36-FRAME","BROOKLYN TABLE (BAR HEIGHT) 36 X 120 FRAME","false","true","","","dry_run"
"would_post","ASM-BRK-BAR-TAB-28X120-FRAME","BROOKLYN TABLE (BAR HEIGHT) 28"" x 120"" x 42"" FRAME","false","true","","","dry_run"
"would_post","ASM-BRK-BAR-TAB-28X72-FRAME","BROOKLYN TABLE (BAR HEIGHT) 28"" x 72"" x 42"" FRAME","false","true","","","dry_run"
"would_post","ASM-BRK-BAR-TAB-28X96-FRAME","BROOKLYN TABLE (BAR HEIGHT) 28"" x 96"" x 42"" FRAME","false","true","","","dry_run"
"would_post","ASM-BRK-BAR-TAB-36X120-FRAME","BROOKLYN TABLE (BAR HEIGHT) 36"" x 120"" x 42"" FRAME","false","true","","","dry_run"
"would_post","ASM-BRK-BAR-TAB-36X36-FRAME","STAR LEG TABLE (BAR HEIGHT) 36"" x 36"" x 42"" FRAME","false","true","","","dry_run"
"would_post","ASM-BRK-BAR-TAB-36X72-FRAME","BROOKLYN TABLE (BAR HEIGHT) 36"" x 72"" x 42"" FRAME","false","true","","","dry_run"
"would_post","ASM-BRK-BAR-TAB-36X96-FRAME","BROOKLYN TABLE (BAR HEIGHT) 36"" x 96"" x 42"" FRAME","false","true","","","dry_run"
"would_post","ASM-BRK-BAR-TAB-42X42-FRAME","STAR LEG TABLE (BAR HEIGHT) 42"" x 42"" x 42"" FRAME","false","true","","","dry_run"
"would_post","ASM-BRK-BAR-TAB-72X28-FRAME","BROOKLYN TABLE (BAR HEIGHT) 28 X 72 FRAME","false","true","","","dry_run"
"would_post","ASM-BRK-BAR-TAB-72X36-FRAME","BROOKLYN TABLE (BAR HEIGHT) 36 X 72 FRAME","false","true","","","dry_run"
"would_post","ASM-BRK-BAR-TAB-96X36-FRAME","BROOKLYN TABLE (BAR HEIGHT) 36 X 96 FRAME","false","true","","","dry_run"
"would_post","ASM-BRK-BAR-TAB-98X28-FRAME","BROOKLYN TABLE (BAR HEIGHT) 28 X 96 FRAME","false","true","","","dry_run"
"would_post","ASM-BRK-CNT-TAB-120X28-FRAME","BROOKLYN TABLE (COUNTER HEIGHT) 28 X 120 FRAME","false","true","","","dry_run"
"would_post","ASM-BRK-CNT-TAB-120X36-FRAME","BROOKLYN TABLE (COUNTER HEIGHT) 36 X 120 FRAME","false","true","","","dry_run"
"would_post","ASM-BRK-CNT-TAB-28X120-FRAME","BROOKLYN TABLE (COUNTER HEIGHT) 28"" x 120"" x 36"" FRAME","false","true","","","dry_run"
"would_post","ASM-BRK-CNT-TAB-28X72-FRAME","BROOKLYN TABLE (COUNTER HEIGHT) 28"" x 72"" x 36"" FRAME","false","true","","","dry_run"
"would_post","ASM-BRK-CNT-TAB-28X96-FRAME","BROOKLYN TABLE (COUNTER HEIGHT) 28"" x 96"" x 36"" FRAME","false","true","","","dry_run"
"would_post","ASM-BRK-CNT-TAB-36X120-FRAME","BROOKLYN TABLE (COUNTER HEIGHT) 36"" x 120"" x 36"" FRAME","false","true","","","dry_run"
"would_post","ASM-BRK-CNT-TAB-36X36-FRAME","STAR LEG TABLE (COUNTER HEIGHT) 36"" x 36"" x 36"" FRAME","false","true","","","dry_run"
"would_post","ASM-BRK-CNT-TAB-36X72-FRAME","BROOKLYN TABLE (COUNTER HEIGHT) 36"" x 72"" x 36"" FRAME","false","true","","","dry_run"
"would_post","ASM-BRK-CNT-TAB-36X96-FRAME","BROOKLYN TABLE (COUNTER HEIGHT) 36"" x 96"" x 36"" FRAME","false","true","","","dry_run"
"would_post","ASM-BRK-CNT-TAB-42X42-FRAME","STAR LEG TABLE (COUNTER HEIGHT) 42"" x 42"" x 36"" FRAME","false","true","","","dry_run"
"would_post","ASM-BRK-CNT-TAB-72X18-FRAME","BROOKLYN TABLE (COUNTER HEIGHT) 18 X 72 FRAME","false","true","","","dry_run"
"would_post","ASM-BRK-CNT-TAB-72X28-FRAME","BROOKLYN TABLE (COUNTER HEIGHT) 28 X 72 FRAME","false","true","","","dry_run"
"would_post","ASM-BRK-CNT-TAB-72X36-FRAME","BROOKLYN TABLE (COUNTER HEIGHT) 36 X 72 FRAME","false","true","","","dry_run"
"would_post","ASM-BRK-CNT-TAB-96X28-FRAME","BROOKLYN TABLE (COUNTER HEIGHT) 28 X 96 FRAME","false","true","","","dry_run"
"would_post","ASM-BRK-CNT-TAB-96X36-FRAME","BROOKLYN TABLE (COUNTER HEIGHT) 36 X 96 FRAME","false","true","","","dry_run"
"would_post","ASM-BRK-COR-CHS-84X42-CUSH","BROOKLYN CORNER CHAISE 84"" x 42"" x 30"" BH CUSH","false","true","","","dry_run"
"would_post","ASM-BRK-COR-CHS-84X42-FRAME","BROOKLYN CORNER CHAISE 84"" x 42"" x 30"" BH FRAME","false","true","","","dry_run"
"would_post","ASM-BRK-DIN-TAB-120X28-FRAME","BROOKLYN TABLE (DINING HEIGHT) 28 X 120 FRAME","false","true","","","dry_run"
"would_post","ASM-BRK-DIN-TAB-120X36-FRAME","BROOKLYN TABLE (DINING HEIGHT) 36 X 120 FRAME","false","true","","","dry_run"
"would_post","ASM-BRK-DIN-TAB-28X120-FRAME","BROOKLYN TABLE (DINING HEIGHT) 28"" x 120"" x 30"" FRAME","false","true","","","dry_run"
"would_post","ASM-BRK-DIN-TAB-28X72-FRAME","BROOKLYN TABLE (DINING HEIGHT) 28"" x 72"" x 30"" FRAME","false","true","","","dry_run"
"would_post","ASM-BRK-DIN-TAB-28X96-FRAME","BROOKLYN TABLE (DINING HEIGHT) 28"" x 96"" x 30"" FRAME","false","true","","","dry_run"
"would_post","ASM-BRK-DIN-TAB-36X120-FRAME","BROOKLYN TABLE (DINING HEIGHT) 36"" x 120"" x 30"" FRAME","false","true","","","dry_run"
"would_post","ASM-BRK-DIN-TAB-36X36-FRAME","STAR LEG TABLE (DINING HEIGHT) 36"" x 36"" x 30"" FRAME","false","true","","","dry_run"
"would_post","ASM-BRK-DIN-TAB-36X72-FRAME","BROOKLYN TABLE (DINING HEIGHT) 36"" x 72"" x 30"" FRAME","false","true","","","dry_run"
"would_post","ASM-BRK-DIN-TAB-36X96-FRAME","BROOKLYN TABLE (DINING HEIGHT) 36"" x 96"" x 30"" FRAME","false","true","","","dry_run"
"would_post","ASM-BRK-DIN-TAB-42X42-FRAME","STAR LEG TABLE (DINING HEIGHT) 42"" x 42"" x 30"" FRAME","false","true","","","dry_run"
"would_post","ASM-BRK-DIN-TAB-72X28-FRAME","BROOKLYN TABLE (DINING HEIGHT) 28 X 72 FRAME","false","true","","","dry_run"
"would_post","ASM-BRK-DIN-TAB-72X36-FRAME","BROOKLYN TABLE (DINING HEIGHT) 36 X 72 FRAME","false","true","","","dry_run"
"would_post","ASM-BRK-DIN-TAB-96X28-FRAME","BROOKLYN TABLE (DINING HEIGHT) 28 X 96 FRAME","false","true","","","dry_run"
"would_post","ASM-BRK-DIN-TAB-96X36-FRAME","BROOKLYN TABLE (DINING HEIGHT) 36 X 96 FRAME","false","true","","","dry_run"
"would_post","ASM-BRK-OTT-22X42-CUSH","BROOKLYN OTTOMAN 22"" x 42"" x 17"" CUSH","false","true","","","dry_run"
"would_post","ASM-BRK-OTT-22X42-FRAME","BROOKLYN OTTOMAN 22"" x 42"" x 17"" FRAME","false","true","","","dry_run"
"would_post","ASM-BRK-OTT-22X60-CUSH","BROOKLYN OTTOMAN 22"" x 60"" x 17"" CUSH","false","true","","","dry_run"
"would_post","ASM-BRK-OTT-22X60-FRAME","BROOKLYN OTTOMAN 22"" x 60"" x 17"" FRAME","false","true","","","dry_run"
"would_post","ASM-BRK-OTT-22X72-CUSH","BROOKLYN OTTOMAN 22"" x 72"" x 17"" CUSH","false","true","","","dry_run"
"would_post","ASM-BRK-OTT-22X72-FRAME","BROOKLYN OTTOMAN 22"" x 72"" x 17"" FRAME","false","true","","","dry_run"
"would_post","ASM-BRK-OTT-34X34-CUSH","BROOKLYN OTTOMAN 34"" x 34"" x 17"" CUSH","false","true","","","dry_run"
"would_post","ASM-BRK-OTT-34X34-FRAME","BROOKLYN OTTOMAN 34"" x 34"" x 17"" FRAME","false","true","","","dry_run"
"would_post","ASM-BRK-OTT-34X42-CUSH","BROOKLYN OTTOMAN 34"" x 42"" x 17"" CUSH","false","true","","","dry_run"
"would_post","ASM-BRK-OTT-34X42-FRAME","BROOKLYN OTTOMAN 34"" x 42"" x 17"" FRAME","false","true","","","dry_run"
"would_post","ASM-BRK-OTT-34X60-CUSH","BROOKLYN OTTOMAN 34"" x 60"" x 17"" CUSH","false","true","","","dry_run"
"would_post","ASM-BRK-OTT-34X60-FRAME","BROOKLYN OTTOMAN 34"" x 60"" x 17"" FRAME","false","true","","","dry_run"
"would_post","ASM-BRK-OTT-34X72-CUSH","BROOKLYN OTTOMAN 34"" x 72"" x 17"" CUSH","false","true","","","dry_run"
"would_post","ASM-BRK-OTT-34X72-FRAME","BROOKLYN OTTOMAN 34"" x 72"" x 17"" FRAME","false","true","","","dry_run"
"would_post","ASM-BRK-OTT-42X22-CUSH","BROOKLYN OTTOMAN 22 X 42 CUSH","false","true","","","dry_run"
"would_post","ASM-BRK-OTT-42X22-FRAME","BROOKLYN OTTOMAN 22 X 42 FRAME","false","true","","","dry_run"
"would_post","ASM-BRK-OTT-42X34-CUSH","BROOKLYN OTTOMAN 34 X 42 CUSH","false","true","","","dry_run"
"would_post","ASM-BRK-OTT-42X34-FRAME","BROOKLYN OTTOMAN 34 X 42 FRAME","false","true","","","dry_run"
"would_post","ASM-BRK-OTT-56X42-CUSH","BROOKLYN OTTOMAN 56"" x 42"" x 17"" CUSH","false","true","","","dry_run"
"would_post","ASM-BRK-OTT-56X42-FRAME","BROOKLYN OTTOMAN 56"" x 42"" x 17"" FRAME","false","true","","","dry_run"
"would_post","ASM-BRK-OTT-60X22-CUSH","BROOKLYN OTTOMAN 22 X 60 CUSH","false","true","","","dry_run"
"would_post","ASM-BRK-OTT-60X22-FRAME","BROOKLYN OTTOMAN 22 X 60 FRAME","false","true","","","dry_run"
"would_post","ASM-BRK-OTT-60X34-CUSH","BROOKLYN OTTOMAN 34 X 60 CUSH","false","true","","","dry_run"
"would_post","ASM-BRK-OTT-60X34-FRAME","BROOKLYN OTTOMAN 34 X 60 FRAME","false","true","","","dry_run"
"would_post","ASM-BRK-OTT-72X22-CUSH","BROOKLYN OTTOMAN 22 X 72 CUSH","false","true","","","dry_run"
"would_post","ASM-BRK-OTT-72X22-FRAME","BROOKLYN OTTOMAN 22 X 72 FRAME","false","true","","","dry_run"
"would_post","ASM-BRK-OTT-72X34-CUSH","BROOKLYN OTTOMAN 34 X 72 CUSH","false","true","","","dry_run"
"would_post","ASM-BRK-OTT-72X34-FRAME","BROOKLYN OTTOMAN 34 X 72 FRAME","false","true","","","dry_run"
"would_post","ASM-BRK-SOF-60X34-CUSH","BROOKLYN SOFA 60"" x 34"" x 30"" BH CUSH","false","true","","","dry_run"
"would_post","ASM-BRK-SOF-60X34-FRAME","BROOKLYN SOFA 60"" x 34"" x 30"" BH FRAME","false","true","","","dry_run"
"would_post","ASM-BRV-ARM-SOF-34X34-CUSH","BRAVADA ARMLESS SOFA 34"" x 34"" x 31"" BH CUSH","false","true","","","dry_run"
"would_post","ASM-BRV-ARM-SOF-34X34-FRAME","BRAVADA ARMLESS SOFA 34"" x 34"" x 31"" BH FRAME","false","true","","","dry_run"
"would_post","ASM-BRV-ARM-SOF-72X34-CUSH","BRAVADA ARMLESS SOFA 72"" x 34"" x 31"" BH CUSH","false","true","","","dry_run"
"would_post","ASM-BRV-ARM-SOF-72X34-FRAME","BRAVADA ARMLESS SOFA 72"" x 34"" x 31"" BH FRAME","false","true","","","dry_run"
"would_post","ASM-BRV-ARM-SOF-84X34-CUSH","BRAVADA ARMLESS SOFA 84"" x 34"" x 31"" BH CUSH","false","true","","","dry_run"
"would_post","ASM-BRV-ARM-SOF-84X34-FRAME","BRAVADA ARMLESS SOFA 84"" x 34"" x 31"" BH FRAME","false","true","","","dry_run"
"would_post","ASM-BRV-ARM-SOF-96X34-CUSH","BRAVADA ARMLESS SOFA 96"" x 34"" x 31"" BH CUSH","false","true","","","dry_run"
"would_post","ASM-BRV-ARM-SOF-96X34-FRAME","BRAVADA ARMLESS SOFA 96"" x 34"" x 31"" BH FRAME","false","true","","","dry_run"
"would_post","ASM-BRV-BCH-96X34-CUSH","BRAVADA ROUNDED BENCH 96"" X 34"" X 18"" SH CUSH","false","true","","","dry_run"
"would_post","ASM-BRV-BCH-96X34-FRAME","BRAVADA ROUNDED BENCH 96"" X 34"" X 18"" SH FRAME","false","true","","","dry_run"
"would_post","ASM-BRV-COF-TAB-28X42-FRAME","BRAVADA COFFEE TABLE 28"" x 42"" x 17"" FRAME","false","true","","","dry_run"
"would_post","ASM-BRV-COF-TAB-36X56-FRAME","BRAVADA COFFEE TABLE 36"" x 56"" x 17"" FRAME","false","true","","","dry_run"
"would_post","ASM-BRV-COF-TAB-42X56-FRAME","BRAVADA COFFEE TABLE 42"" x 56"" x 17"" FRAME","false","true","","","dry_run"
"would_post","ASM-BRV-COF-TAB-42X72-FRAME","BRAVADA COFFEE TABLE 42"" x 72"" x 17"" FRAME","false","true","","","dry_run"
"would_post","ASM-BRV-COF-TAB-56X72-FRAME","BRAVADA COFFEE TABLE 56"" x 72"" x 17"" FRAME","false","true","","","dry_run"
"would_post","ASM-BRV-COR-CHS-72X34-CUSH","BRAVADA CORNER CHAISE 72"" x 34"" x 31"" BH CUSH","false","true","","","dry_run"
"would_post","ASM-BRV-COR-CHS-72X34-FRAME","BRAVADA CORNER CHAISE 72"" x 34"" x 31"" BH FRAME","false","true","","","dry_run"
"would_post","ASM-BRV-COR-CHS-84X34-CUSH","BRAVADA CORNER CHAISE 84"" x 34"" x 31"" BH CUSH","false","true","","","dry_run"
"would_post","ASM-BRV-COR-CHS-84X34-FRAME","BRAVADA CORNER CHAISE 84"" x 34"" x 31"" BH FRAME","false","true","","","dry_run"
"would_post","ASM-BRV-DYB-84X72-CUSH","BRAVADA DAYBED 84"" x 72"" x 27"" BH CUSH","false","true","","","dry_run"
"would_post","ASM-BRV-DYB-84X72-FRAME","BRAVADA DAYBED 84"" x 72"" x 27"" BH FRAME","false","true","","","dry_run"
"would_post","ASM-BRV-DYB-84X84-CUSH","BRAVADA ROUND DAYBED 84"" DIAMETER CUSH","false","true","","","dry_run"
"would_post","ASM-BRV-DYB-84X84-FRAME","BRAVADA ROUND DAYBED 84"" DIAMETER FRAME","false","true","","","dry_run"
"would_post","ASM-BRV-OTT-22X30-CUSH","BRAVADA OTTOMAN 22"" x 30"" x 16"" CUSH","false","true","","","dry_run"
"would_post","ASM-BRV-OTT-22X30-FRAME","BRAVADA OTTOMAN 22"" x 30"" x 16"" FRAME","false","true","","","dry_run"
"would_post","ASM-BRV-OTT-22X42-CUSH","BRAVADA OTTOMAN 22"" x 42"" x 16"" CUSH","false","true","","","dry_run"
"would_post","ASM-BRV-OTT-22X42-FRAME","BRAVADA OTTOMAN 22"" x 42"" x 16"" FRAME","false","true","","","dry_run"
"would_post","ASM-BRV-OTT-22X60-CUSH","BRAVADA OTTOMAN 22"" x 60"" x 16"" CUSH","false","true","","","dry_run"
"would_post","ASM-BRV-OTT-22X60-FRAME","BRAVADA OTTOMAN 22"" x 60"" x 16"" FRAME","false","true","","","dry_run"
"would_post","ASM-BRV-OTT-22X72-CUSH","BRAVADA OTTOMAN 22"" x 72"" x 16"" CUSH","false","true","","","dry_run"
"would_post","ASM-BRV-OTT-22X72-FRAME","BRAVADA OTTOMAN 22"" x 72"" x 16"" FRAME","false","true","","","dry_run"
"would_post","ASM-BRV-OTT-34X42-CUSH","BRAVADA OTTOMAN 34"" x 42"" x 16"" CUSH","false","true","","","dry_run"
"would_post","ASM-BRV-OTT-34X42-FRAME","BRAVADA OTTOMAN 34"" x 42"" x 16"" FRAME","false","true","","","dry_run"
"would_post","ASM-BRV-OTT-34X60-CUSH","BRAVADA OTTOMAN 34"" x 60"" x 16"" CUSH","false","true","","","dry_run"
"would_post","ASM-BRV-OTT-34X60-FRAME","BRAVADA OTTOMAN 34"" x 60"" x 16"" FRAME","false","true","","","dry_run"
"would_post","ASM-BRV-OTT-34X72-CUSH","BRAVADA OTTOMAN 34"" x 72"" x 16"" CUSH","false","true","","","dry_run"
"would_post","ASM-BRV-OTT-34X72-FRAME","BRAVADA OTTOMAN 34"" x 72"" x 16"" FRAME","false","true","","","dry_run"
"would_post","ASM-BRV-OVS-CHS-72X42-CUSH","BRAVADA OVERSIZED CHAISE 72"" x 42"" x 31"" BH CUSH","false","true","","","dry_run"
"would_post","ASM-BRV-OVS-CHS-72X42-FRAME","BRAVADA OVERSIZED CHAISE 72"" x 42"" x 31"" BH FRAME","false","true","","","dry_run"
"would_post","ASM-BRV-OVS-CHS-84X42-CUSH","BRAVADA OVERSIZED CHAISE 84"" x 42"" x 31"" BH CUSH","false","true","","","dry_run"
"would_post","ASM-BRV-OVS-CHS-84X42-FRAME","BRAVADA OVERSIZED CHAISE 84"" x 42"" x 31"" BH FRAME","false","true","","","dry_run"
"would_post","ASM-BRV-SWV-CHA-CUSH","BRAVADA SWIVEL CHAIR W/DEKTON SIDEARM CUSH","false","true","","","dry_run"
"would_post","ASM-BRV-SWV-CHA-FRAME","BRAVADA SWIVEL CHAIR W/DEKTON SIDEARM FRAME","false","true","","","dry_run"
"would_post","ASM-CAB-DYB-84X84-CUSH","CABANA DAYBED 84"" x 84"" x 78"" CUSH","false","true","","","dry_run"
"would_post","ASM-CAB-DYB-84X84-FRAME","CABANA DAYBED 84"" x 84"" x 78"" FRAME","false","true","","","dry_run"
"would_post","ASM-CAB-MIS-10X10-CUSH","CABANA 10' X 10' X 9' w/Sunbrella Top & Curtains CUSH","false","true","","","dry_run"
"would_post","ASM-CAB-MIS-10X10-FRAME","CABANA 10' X 10' X 9' w/Sunbrella Top & Curtains FRAME","false","true","","","dry_run"
"would_post","ASM-CUS-OTT-22X72-CUSH","CUSTOM STORAGE OTTOMAN 22"" x 72"" x 23"" CUSH","false","true","","","dry_run"
"would_post","ASM-CUS-OTT-22X72-FRAME","CUSTOM STORAGE OTTOMAN 22"" x 72"" x 23"" FRAME","false","true","","","dry_run"
"would_post","ASM-CUS-OTT-23X82-CUSH","CUSTOM STORAGE OTTOMAN 23"" x 82"" CUSH","false","true","","","dry_run"
"would_post","ASM-CUS-OTT-23X82-FRAME","CUSTOM STORAGE OTTOMAN 23"" x 82"" FRAME","false","true","","","dry_run"
"would_post","ASM-CUS-OTT-72X22-CUSH","CUSTOM STORAGE OTTOMAN 22 X 72 CUSH","false","true","","","dry_run"
"would_post","ASM-CUS-OTT-72X22-FRAME","CUSTOM STORAGE OTTOMAN 22 X 72 FRAME","false","true","","","dry_run"
"would_post","ASM-CUS-OTT-82X23-CUSH","CUSTOM STORAGE OTTOMAN 23 X 82 CUSH","false","true","","","dry_run"
"would_post","ASM-CUS-OTT-82X23-FRAME","CUSTOM STORAGE OTTOMAN 23 X 82 FRAME","false","true","","","dry_run"
"would_post","ASM-DAI-BAR-TAB-120X42-FRAME","DAISY BASE TABLE (BAR HEIGHT) 42 X 120 FRAME","false","true","","","dry_run"
"would_post","ASM-DAI-BAR-TAB-120X56-FRAME","DAISY BASE TABLE (BAR HEIGHT) 56 X 120 FRAME","false","true","","","dry_run"
"would_post","ASM-DAI-BAR-TAB-42X120-FRAME","DAISY BASE TABLE (BAR HEIGHT) 42"" x 120"" x 42"" FRAME","false","true","","","dry_run"
"would_post","ASM-DAI-BAR-TAB-42X72-FRAME","DAISY BASE TABLE (BAR HEIGHT) 42"" x 72"" x 42"" FRAME","false","true","","","dry_run"
"would_post","ASM-DAI-BAR-TAB-42X96-FRAME","DAISY BASE TABLE (BAR HEIGHT) 42"" x 96"" x 42"" FRAME","false","true","","","dry_run"
"would_post","ASM-DAI-BAR-TAB-56X120-FRAME","DAISY BASE TABLE (BAR HEIGHT) 56"" x 120"" x 42"" FRAME","false","true","","","dry_run"
"would_post","ASM-DAI-BAR-TAB-56X56-FRAME","DAISY BASE TABLE (BAR HEIGHT) 56"" x 56"" x 42"" FRAME","false","true","","","dry_run"
"would_post","ASM-DAI-BAR-TAB-56X72-FRAME","DAISY BASE TABLE (BAR HEIGHT) 56"" x 72"" x 42"" FRAME","false","true","","","dry_run"
"would_post","ASM-DAI-BAR-TAB-56X96-FRAME","DAISY BASE TABLE (BAR HEIGHT) 56"" x 96"" x 42"" FRAME","false","true","","","dry_run"
"would_post","ASM-DAI-BAR-TAB-72X42-FRAME","DAISY BASE TABLE (BAR HEIGHT) 42 X 72 FRAME","false","true","","","dry_run"
"would_post","ASM-DAI-BAR-TAB-72X56-FRAME","DAISY BASE TABLE (BAR HEIGHT) 56 X 72 FRAME","false","true","","","dry_run"
"would_post","ASM-DAI-BAR-TAB-96X42-FRAME","DAISY BASE TABLE (BAR HEIGHT) 42 X 96 FRAME","false","true","","","dry_run"
"would_post","ASM-DAI-BAR-TAB-96X56-FRAME","DAISY BASE TABLE (BAR HEIGHT) 56 X 96 FRAME","false","true","","","dry_run"
"would_post","ASM-DAI-CNT-TAB-120X42-FRAME","DAISY BASE TABLE (COUNTER HEIGHT) 42 X 120 FRAME","false","true","","","dry_run"
"would_post","ASM-DAI-CNT-TAB-120X56-FRAME","DAISY BASE TABLE (COUNTER HEIGHT) 56 X 120 FRAME","false","true","","","dry_run"
"would_post","ASM-DAI-CNT-TAB-42X120-FRAME","DAISY BASE TABLE (COUNTER HEIGHT) 42"" x 120"" x 36"" FRAME","false","true","","","dry_run"
"would_post","ASM-DAI-CNT-TAB-42X72-FRAME","DAISY BASE TABLE (COUNTER HEIGHT) 42"" x 72"" x 36"" FRAME","false","true","","","dry_run"
"would_post","ASM-DAI-CNT-TAB-42X96-FRAME","DAISY BASE TABLE (COUNTER HEIGHT) 42"" x 96"" x 36"" FRAME","false","true","","","dry_run"
"would_post","ASM-DAI-CNT-TAB-56X120-FRAME","DAISY BASE TABLE (COUNTER HEIGHT) 56"" x 120"" x 36"" FRAME","false","true","","","dry_run"
"would_post","ASM-DAI-CNT-TAB-56X56-FRAME","DAISY BASE TABLE (COUNTER HEIGHT) 56"" x 56"" x 36"" FRAME","false","true","","","dry_run"
"would_post","ASM-DAI-CNT-TAB-56X72-FRAME","DAISY BASE TABLE (COUNTER HEIGHT) 56"" x 72"" x 36"" FRAME","false","true","","","dry_run"
"would_post","ASM-DAI-CNT-TAB-56X96-FRAME","DAISY BASE TABLE (COUNTER HEIGHT) 56"" x 96"" x 36"" FRAME","false","true","","","dry_run"
"would_post","ASM-DAI-CNT-TAB-72X42-FRAME","DAISY BASE TABLE (COUNTER HEIGHT) 42 X 72 FRAME","false","true","","","dry_run"
"would_post","ASM-DAI-CNT-TAB-72X56-FRAME","DAISY BASE TABLE (COUNTER HEIGHT) 56 X 72 FRAME","false","true","","","dry_run"
"would_post","ASM-DAI-CNT-TAB-96X42-FRAME","DAISY BASE TABLE (COUNTER HEIGHT) 42 X 96 FRAME","false","true","","","dry_run"
"would_post","ASM-DAI-CNT-TAB-96X56-FRAME","DAISY BASE TABLE (COUNTER HEIGHT) 56 X 96 FRAME","false","true","","","dry_run"
"would_post","ASM-DAI-DIN-TAB-120X42-FRAME","DAISY BASE TABLE (DINING HEIGHT) 42 X 120 FRAME","false","true","","","dry_run"
"would_post","ASM-DAI-DIN-TAB-120X56-FRAME","DAISY BASE TABLE (DINING HEIGHT) 56 X 120 FRAME","false","true","","","dry_run"
"would_post","ASM-DAI-DIN-TAB-42X30-FRAME","DAISY BASE ROUND TABLE (DINING HEIGHT) 42"" x 30"" FRAME","false","true","","","dry_run"
"would_post","ASM-DAI-DIN-TAB-42X42-FRAME","DAISY BASE ROUND TABLE (DINING HEIGHT) 42 FRAME","false","true","","","dry_run"
"would_post","ASM-DAI-DIN-TAB-56X30-FRAME","DAISY BASE ROUND TABLE (DINING HEIGHT) 56"" x 30"" FRAME","false","true","","","dry_run"
"would_post","ASM-DAI-DIN-TAB-56X56-FRAME","DAISY BASE TABLE (DINING HEIGHT) 56 X 56 FRAME","false","true","","","dry_run"
"would_post","ASM-DAI-DIN-TAB-56X72-FRAME","DAISY BASE TABLE (DINING HEIGHT) 56"" x 72"" x 30"" FRAME","false","true","","","dry_run"
"would_post","ASM-DAI-DIN-TAB-56X96-FRAME","DAISY BASE TABLE (DINING HEIGHT) 56"" x 96"" x 30"" FRAME","false","true","","","dry_run"
"would_post","ASM-DAI-DIN-TAB-72X42-FRAME","DAISY BASE TABLE (DINING HEIGHT) 42 X 72 FRAME","false","true","","","dry_run"
"would_post","ASM-DAI-DIN-TAB-72X56-FRAME","DAISY BASE TABLE (DINING HEIGHT) 56 X 72 FRAME","false","true","","","dry_run"
"would_post","ASM-DAI-DIN-TAB-96X42-FRAME","DAISY BASE TABLE (DINING HEIGHT) 42 X 96 FRAME","false","true","","","dry_run"
"would_post","ASM-DAI-DIN-TAB-96X56-FRAME","DAISY BASE TABLE (DINING HEIGHT) 56 X 96 FRAME","false","true","","","dry_run"
"would_post","ASM-DAI-FIR-TAB-42X42-FRAME","PROPANE FIRE PIT TABLE 42"" x 42"" x 21"" FRAME","false","true","","","dry_run"
"would_post","ASM-DAI-FIR-TAB-56X42-FRAME","PROPANE FIRE PIT TABLE 56"" x 42"" x 21"" FRAME","false","true","","","dry_run"
"would_post","ASM-DAI-FIR-TAB-84X56-FRAME","DAISY BASE FIRE PIT DINING TABLE 84"" x 56"" x 30"" FRAME","false","true","","","dry_run"
"would_post","ASM-DAI-FIR-TAB-96X56-FRAME","DAISY BASE FIRE PIT DINING TABLE 96"" x 56"" x 30"" FRAME","false","true","","","dry_run"
"would_post","ASM-DAI-TAB-108X56-FRAME","DAISY BASE OVAL TABLE 108"" X 56"" X 30"" FRAME","false","true","","","dry_run"
"would_post","ASM-DAI-TAB-72X42-FRAME","Daisy Base Table 72 x 42 Dining Height FRAME","false","true","","","dry_run"
"would_post","ASM-ESY-CHS-CUSH","ADD-ON WHEELS FOR CHAISE LOUNGERS CUSH","false","true","","","dry_run"
"would_post","ASM-ESY-CHS-FRAME","ADD-ON WHEELS FOR CHAISE LOUNGERS FRAME","false","true","","","dry_run"
"would_post","ASM-FLY-BCH-42X18-CUSH","FLY LEG BENCH (BAR HEIGHT) 42 CUSH","false","true","","","dry_run"
"would_post","ASM-FLY-BCH-42X18-FRAME","FLY LEG BENCH (BAR HEIGHT) 42 FRAME","false","true","","","dry_run"
"would_post","ASM-FLY-DIN-CHA-18X18-CUSH","FLY LEG CHAIR (DINING HEIGHT) CUSH","false","true","","","dry_run"
"would_post","ASM-FLY-DIN-CHA-18X18-FRAME","FLY LEG CHAIR (DINING HEIGHT) FRAME","false","true","","","dry_run"
"would_post","ASM-FLY-FLY-BST-18X18-CUSH","FLY LEG BARSTOOL (BAR HEIGHT) CUSH","false","true","","","dry_run"
"would_post","ASM-FLY-FLY-BST-18X18-FRAME","FLY LEG BARSTOOL (BAR HEIGHT) FRAME","false","true","","","dry_run"
"would_post","ASM-FLY-LEG-BAR-COU-HEI-CUSH","FLY LEG BARSTOOL (COUNTER HEIGHT) CUSH","false","true","","","dry_run"
"would_post","ASM-FLY-LEG-BAR-COU-HEI-FRAME","FLY LEG BARSTOOL (COUNTER HEIGHT) FRAME","false","true","","","dry_run"
"would_post","ASM-FLY-LEG-BEN-COU-HEI-42-CUSH","FLY LEG BENCH (COUNTER HEIGHT) 42 CUSH","false","true","","","dry_run"
"would_post","ASM-FLY-LEG-BEN-COU-HEI-42-FRAME","FLY LEG BENCH (COUNTER HEIGHT) 42 FRAME","false","true","","","dry_run"
"would_post","ASM-FLY-LEG-BEN-DIN-HEI-42-CUSH","FLY LEG BENCH (DINING HEIGHT) 42 CUSH","false","true","","","dry_run"
"would_post","ASM-FLY-LEG-BEN-DIN-HEI-42-FRAME","FLY LEG BENCH (DINING HEIGHT) 42 FRAME","false","true","","","dry_run"
"would_post","ASM-FLY-TAB-38X8-FRAME","FLY TABLE 8 FRAME","false","true","","","dry_run"
"would_post","ASM-FLY-TAB-60X12-FRAME","FLY TABLE 60 FRAME","false","true","","","dry_run"
"would_post","ASM-FLY-TAB-72X12-FRAME","FLY TABLE 72 FRAME","false","true","","","dry_run"
"would_post","ASM-FLY-TAB-84X12-FRAME","FLY TABLE 84 FRAME","false","true","","","dry_run"
"would_post","ASM-FLY-TAB-96X12-FRAME","FLY TABLE 96 FRAME","false","true","","","dry_run"
"would_post","ASM-HAL-BAC-BAR-BAR-HEI-CUSH","HALF BACK BARSTOOL (BAR HEIGHT) CUSH","false","true","","","dry_run"
"would_post","ASM-HAL-BAC-BAR-BAR-HEI-FRAME","HALF BACK BARSTOOL (BAR HEIGHT) FRAME","false","true","","","dry_run"
"would_post","ASM-LED-CHA-CUSH","LEDGE LOUNGER SIGNATURE LOWBACK CHAIR CUSH","false","true","","","dry_run"
"would_post","ASM-LED-CHA-FRAME","LEDGE LOUNGER SIGNATURE LOWBACK CHAIR FRAME","false","true","","","dry_run"
"would_post","ASM-LED-SID-TAB-FRAME","LEDGE LOUNGER AUTOGRAPH SIDE TABLE FRAME","false","true","","","dry_run"
"would_post","ASM-MIS-DIN-BCH-72X22-CUSH","DINING BENCH W/NO ARMS 72 X 22 CUSH","false","true","","","dry_run"
"would_post","ASM-MIS-DIN-BCH-72X22-FRAME","DINING BENCH W/NO ARMS 72 X 22 FRAME","false","true","","","dry_run"
"would_post","ASM-MIS-DIN-BCH-96X22-CUSH","DINING BENCH W/NO ARMS 96 X 22 CUSH","false","true","","","dry_run"
"would_post","ASM-MIS-DIN-BCH-96X22-FRAME","DINING BENCH W/NO ARMS 96 X 22 FRAME","false","true","","","dry_run"
"would_post","ASM-MIS-DIN-CHA-17X21-CUSH","HALF BACK CHAIR (DINING HEIGHT CUSH","false","true","","","dry_run"
"would_post","ASM-MIS-DIN-CHA-17X21-FRAME","HALF BACK CHAIR (DINING HEIGHT FRAME","false","true","","","dry_run"
"would_post","ASM-MIS-FIR-TAB-42X42-FRAME","PROPANE FIRE PIT TABLE 42 X 42 FRAME","false","true","","","dry_run"
"would_post","ASM-MIS-FLY-BST-17X21-CUSH","HALF BACK BARSTOOL (COUNTER HEIGHT) CUSH","false","true","","","dry_run"
"would_post","ASM-MIS-FLY-BST-17X21-FRAME","HALF BACK BARSTOOL (COUNTER HEIGHT) FRAME","false","true","","","dry_run"
"would_post","ASM-MIS-OTT-22X22-CUSH","CUBE OTTOMAN 22"" x 22"" x 16"" CUSH","false","true","","","dry_run"
"would_post","ASM-MIS-OTT-22X22-FRAME","CUBE OTTOMAN 22"" x 22"" x 16"" FRAME","false","true","","","dry_run"
"would_post","ASM-MIS-SID-TAB-13X30-FRAME","U SIDE TABLE FRAME","false","true","","","dry_run"
"would_post","ASM-MIS-TAB-13X30-FRAME","T TABLE FRAME","false","true","","","dry_run"
"would_post","ASM-MLN-CLB-CHA-32X36-CUSH","MILAN CLUB CHAIR 32"" x 36"" x 16"" SH CUSH","false","true","","","dry_run"
"would_post","ASM-MLN-CLB-CHA-32X36-FRAME","MILAN CLUB CHAIR 32"" x 36"" x 16"" SH FRAME","false","true","","","dry_run"
"would_post","ASM-MLN-OTT-22X60-CUSH","MILAN OTTOMAN 22"" x 60"" x 16"" CUSH","false","true","","","dry_run"
"would_post","ASM-MLN-OTT-22X60-FRAME","MILAN OTTOMAN 22"" x 60"" x 16"" FRAME","false","true","","","dry_run"
"would_post","ASM-MLN-OTT-22X72-CUSH","MILAN OTTOMAN 22"" x 72"" x 16"" CUSH","false","true","","","dry_run"
"would_post","ASM-MLN-OTT-22X72-FRAME","MILAN OTTOMAN 22"" x 72"" x 16"" FRAME","false","true","","","dry_run"
"would_post","ASM-MLN-OTT-34X34-CUSH","MILAN OTTOMAN 34"" x 34"" x 16"" CUSH","false","true","","","dry_run"
"would_post","ASM-MLN-OTT-34X34-FRAME","MILAN OTTOMAN 34"" x 34"" x 16"" FRAME","false","true","","","dry_run"
"would_post","ASM-MLN-OTT-34X42-CUSH","MILAN OTTOMAN 34"" x 42"" x 16"" CUSH","false","true","","","dry_run"
"would_post","ASM-MLN-OTT-34X42-FRAME","MILAN OTTOMAN 34"" x 42"" x 16"" FRAME","false","true","","","dry_run"
"would_post","ASM-MLN-OTT-34X60-CUSH","MILAN OTTOMAN 34"" x 60"" x 16"" CUSH","false","true","","","dry_run"
"would_post","ASM-MLN-OTT-34X60-FRAME","MILAN OTTOMAN 34"" x 60"" x 16"" FRAME","false","true","","","dry_run"
"would_post","ASM-MLN-OTT-34X72-CUSH","MILAN OTTOMAN 34"" x 72"" x 16"" CUSH","false","true","","","dry_run"
"would_post","ASM-MLN-OTT-34X72-FRAME","MILAN OTTOMAN 34"" x 72"" x 16"" FRAME","false","true","","","dry_run"
"would_post","ASM-MLN-OTT-56X42-CUSH","MILAN OTTOMAN 56"" x 42"" x 16"" CUSH","false","true","","","dry_run"
"would_post","ASM-MLN-OTT-56X42-FRAME","MILAN OTTOMAN 56"" x 42"" x 16"" FRAME","false","true","","","dry_run"
"would_post","ASM-MLN-SOF-60X62-CUSH","MILAN DOUBLE-SIDED SOFA 60"" x 62"" x 16"" SH CUSH","false","true","","","dry_run"
"would_post","ASM-MLN-SOF-60X62-FRAME","MILAN DOUBLE-SIDED SOFA 60"" x 62"" x 16"" SH FRAME","false","true","","","dry_run"
"would_post","ASM-MLN-SOF-62X42-CUSH","MILAN T-SHAPED SOFA 62"" x 42"" x 22"" x 16"" SH CUSH","false","true","","","dry_run"
"would_post","ASM-MLN-SOF-62X42-FRAME","MILAN T-SHAPED SOFA 62"" x 42"" x 22"" x 16"" SH FRAME","false","true","","","dry_run"
"would_post","ASM-MLN-SOF-72X36-CUSH","MILAN ONE-SIDED SOFA 72"" x 36"" x 16"" SH CUSH","false","true","","","dry_run"
"would_post","ASM-MLN-SOF-72X36-FRAME","MILAN ONE-SIDED SOFA 72"" x 36"" x 16"" SH FRAME","false","true","","","dry_run"
"would_post","ASM-MLN-SOF-84X36-CUSH","MILAN ONE SIDED SOFA 84"" x 36"" x 16"" SH CUSH","false","true","","","dry_run"
"would_post","ASM-MLN-SOF-84X36-FRAME","MILAN ONE SIDED SOFA 84"" x 36"" x 16"" SH FRAME","false","true","","","dry_run"
"would_post","ASM-MLN-SOF-96X36-CUSH","MILAN ONE-SIDED SOFA 96"" x 36"" x 16"" SH CUSH","false","true","","","dry_run"
"would_post","ASM-MLN-SOF-96X36-FRAME","MILAN ONE-SIDED SOFA 96"" x 36"" x 16"" SH FRAME","false","true","","","dry_run"
"would_post","ASM-MLN-TAB-56X14-FRAME","OCCASIONAL TABLE 56""x14""x36"" FRAME","false","true","","","dry_run"
"would_post","ASM-OCC-TAB-56X14-FRAME","OCCASIONAL TABLE FRAME","false","true","","","dry_run"
"would_post","ASM-OCN-COF-TAB-28X42-FRAME","OCEAN COFFEE TABLE 28"" x 42"" x 17"" FRAME","false","true","","","dry_run"
"would_post","ASM-OCN-COF-TAB-28X56-FRAME","OCEAN COFFEE TABLE 28"" x 56"" x 17"" FRAME","false","true","","","dry_run"
"would_post","ASM-OCN-COF-TAB-36X56-FRAME","OCEAN COFFEE TABLE 36"" x 56"" x 17"" FRAME","false","true","","","dry_run"
"would_post","ASM-OCN-COF-TAB-36X72-FRAME","OCEAN COFFEE TABLE 36"" x 72"" x 17"" FRAME","false","true","","","dry_run"
"would_post","ASM-OCN-COF-TAB-42X56-FRAME","OCEAN COFFEE TABLE 42"" x 56"" x 17"" FRAME","false","true","","","dry_run"
"would_post","ASM-OCN-COF-TAB-42X72-FRAME","OCEAN COFFEE TABLE 42"" x 72"" x 17"" FRAME","false","true","","","dry_run"
"would_post","ASM-OCN-COF-TAB-56X72-FRAME","OCEAN COFFEE TABLE 56"" x 72"" x 17"" FRAME","false","true","","","dry_run"
"would_post","ASM-OCN-MIN-LOV-48X38-CUSH","OCEAN MINI LOVESEAT 48"" x 38"" x 33"" BH CUSH","false","true","","","dry_run"
"would_post","ASM-OCN-MIN-LOV-48X38-FRAME","OCEAN MINI LOVESEAT 48"" x 38"" x 33"" BH FRAME","false","true","","","dry_run"
"would_post","ASM-OCN-MIN-LOV-CUSH","Ocean Mini Loveseat CUSH","false","true","","","dry_run"
"would_post","ASM-OCN-MIN-LOV-FRAME","Ocean Mini Loveseat FRAME","false","true","","","dry_run"
"would_post","ASM-OCN-SID-TAB-12-FRAME","ANGULAR SIDE TABLE FRAME","false","true","","","dry_run"
"would_post","ASM-OCN-SID-TAB-13X30-FRAME","U SIDE TABLE 13"" x 30"" x 21"" FRAME","false","true","","","dry_run"
"would_post","ASM-OCN-SID-TAB-32X32-FRAME","TRIANGLE SIDE TABLE 32"" x 32"" x 17"" FRAME","false","true","","","dry_run"
"would_post","ASM-OCN-SID-TAB-36X17-FRAME","OCEAN ROUND SIDE TABLE 36"" x 17"" FRAME","false","true","","","dry_run"
"would_post","ASM-OCN-SWV-CHA-34X38-CUSH","OCEAN SWIVEL CHAIR 34"" x 38"" x 33"" BH CUSH","false","true","","","dry_run"
"would_post","ASM-OCN-SWV-CHA-34X38-FRAME","OCEAN SWIVEL CHAIR 34"" x 38"" x 33"" BH FRAME","false","true","","","dry_run"
"would_post","ASM-OCN-SWV-CHA-CUSH","Ocean Swivel Chair CUSH","false","true","","","dry_run"
"would_post","ASM-OCN-SWV-CHA-FRAME","Ocean Swivel Chair FRAME","false","true","","","dry_run"
"would_post","ASM-OCN-TAB-13X30-FRAME","T TABLE 13"" x 30"" x 16"" FRAME","false","true","","","dry_run"
"would_post","ASM-OCN-TAB-34X12-FRAME","FLY TABLE 34"" X 12"" FRAME","false","true","","","dry_run"
"would_post","ASM-OCN-TAB-72X12-FRAME","FLY TABLE 72"" X 12"" FRAME","false","true","","","dry_run"
"would_post","ASM-OCN-TAB-84X12-FRAME","FLY TABLE 84"" X 12"" FRAME","false","true","","","dry_run"
"would_post","ASM-OCN-TAB-96X12-FRAME","FLY TABLE 96"" X 12"" FRAME","false","true","","","dry_run"
"would_post","ASM-STA-BAR-TAB-36X36-FRAME","STAR LEG TABLE (BAR HEIGHT) 36 X 36 FRAME","false","true","","","dry_run"
"would_post","ASM-STA-BAR-TAB-42X42-FRAME","STAR LEG TABLE (BAR HEIGHT) 42 X 42 FRAME","false","true","","","dry_run"
"would_post","ASM-STA-BAR-TAB-72X36-FRAME","STAR LEG TABLE (BAR HEIGHT) 36 X 72 FRAME","false","true","","","dry_run"
"would_post","ASM-STA-CNT-TAB-36X36-FRAME","STAR LEG TABLE (COUNTER HEIGHT) 36 X 36 FRAME","false","true","","","dry_run"
"would_post","ASM-STA-CNT-TAB-42X42-FRAME","STAR LEG TABLE (COUNTER HEIGHT) 42 X 42 FRAME","false","true","","","dry_run"
"would_post","ASM-STA-CNT-TAB-72X36-FRAME","STAR LEG TABLE (COUNTER HEIGHT) 36 X 72 FRAME","false","true","","","dry_run"
"would_post","ASM-STA-DIN-TAB-36X36-FRAME","STAR LEG TABLE (DINING HEIGHT) 36 X 36 FRAME","false","true","","","dry_run"
"would_post","ASM-STA-DIN-TAB-42X42-FRAME","STAR LEG TABLE (DINING HEIGHT) 42 X 42 FRAME","false","true","","","dry_run"
"would_post","ASM-STA-DIN-TAB-72X36-FRAME","STAR LEG TABLE (DINING HEIGHT) 36 X 72 FRAME","false","true","","","dry_run"
"would_post","ASM-TAY-BAR-W-ARM-COU-HEI-CUSH","TAYLOR BARSTOOL W/ARMS (COUNTER HEIGHT) CUSH","false","true","","","dry_run"
"would_post","ASM-TAY-BAR-W-ARM-COU-HEI-FRAME","TAYLOR BARSTOOL W/ARMS (COUNTER HEIGHT) FRAME","false","true","","","dry_run"
"would_post","ASM-TAY-BCH-24X23-CUSH","TAYLOR BENCH (BAR HEIGHT) 24"" x 23"" x 42"" SH CUSH","false","true","","","dry_run"
"would_post","ASM-TAY-BCH-24X23-FRAME","TAYLOR BENCH (BAR HEIGHT) 24"" x 23"" x 42"" SH FRAME","false","true","","","dry_run"
"would_post","ASM-TAY-BCH-42X23-CUSH","TAYLOR BENCH (COUNTER HEIGHT) 42"" x 23"" x 24"" SH CUSH","false","true","","","dry_run"
"would_post","ASM-TAY-BCH-42X23-FRAME","TAYLOR BENCH (COUNTER HEIGHT) 42"" x 23"" x 24"" SH FRAME","false","true","","","dry_run"
"would_post","ASM-TAY-BCH-72X23-CUSH","TAYLOR BENCH (BAR HEIGHT) 72"" x 23"" x 30"" SH CUSH","false","true","","","dry_run"
"would_post","ASM-TAY-BCH-72X23-FRAME","TAYLOR BENCH (BAR HEIGHT) 72"" x 23"" x 30"" SH FRAME","false","true","","","dry_run"
"would_post","ASM-TAY-BEN-BAR-HEI-72-CUSH","TAYLOR BENCH (BAR HEIGHT) 72 CUSH","false","true","","","dry_run"
"would_post","ASM-TAY-BEN-BAR-HEI-72-FRAME","TAYLOR BENCH (BAR HEIGHT) 72 FRAME","false","true","","","dry_run"
"would_post","ASM-TAY-BEN-DIN-HEI-42-CUSH","TAYLOR BENCH (DINING HEIGHT) 42 CUSH","false","true","","","dry_run"
"would_post","ASM-TAY-BEN-DIN-HEI-42-FRAME","TAYLOR BENCH (DINING HEIGHT) 42 FRAME","false","true","","","dry_run"
"would_post","ASM-TAY-BEN-DIN-HEI-72-CUSH","TAYLOR BENCH (DINING HEIGHT) 72 CUSH","false","true","","","dry_run"
"would_post","ASM-TAY-BEN-DIN-HEI-72-FRAME","TAYLOR BENCH (DINING HEIGHT) 72 FRAME","false","true","","","dry_run"
"would_post","ASM-TAY-BST-18X23-CUSH","TAYLOR BARSTOOL (COUNTER HEIGHT) CUSH","false","true","","","dry_run"
"would_post","ASM-TAY-BST-18X23-FRAME","TAYLOR BARSTOOL (COUNTER HEIGHT) FRAME","false","true","","","dry_run"
"would_post","ASM-TAY-BST-19X23-CUSH","TAYLOR BARSTOOL (BAR HEIGHT) 19"" x 23"" x 30"" SH CUSH","false","true","","","dry_run"
"would_post","ASM-TAY-BST-19X23-FRAME","TAYLOR BARSTOOL (BAR HEIGHT) 19"" x 23"" x 30"" SH FRAME","false","true","","","dry_run"
"would_post","ASM-TAY-BST-24X23-CUSH","TAYLOR BARSTOOL w/ARMS (BAR HEIGHT) 24"" x 23"" x 30"" SH CUSH","false","true","","","dry_run"
"would_post","ASM-TAY-BST-24X23-FRAME","TAYLOR BARSTOOL w/ARMS (BAR HEIGHT) 24"" x 23"" x 30"" SH FRAME","false","true","","","dry_run"
"would_post","ASM-TAY-DIN-CHA-19X23-CUSH","TAYLOR CHAIR (DINING HEIGHT) CUSH","false","true","","","dry_run"
"would_post","ASM-TAY-DIN-CHA-19X23-FRAME","TAYLOR CHAIR (DINING HEIGHT) FRAME","false","true","","","dry_run"
"would_post","ASM-TAY-DIN-CHA-24X23-CUSH","TAYLOR CHAIR w/ARMS (DINING HEIGHT) 24"" x 23"" x 18"" SH CUSH","false","true","","","dry_run"
"would_post","ASM-TAY-DIN-CHA-24X23-FRAME","TAYLOR CHAIR w/ARMS (DINING HEIGHT) 24"" x 23"" x 18"" SH FRAME","false","true","","","dry_run"
"would_post","ASM-TJM-CHA-CUSH","FREELO CHAIR SPLASH CUSH","false","true","","","dry_run"
"would_post","ASM-TJM-CHA-FRAME","FREELO CHAIR SPLASH FRAME","false","true","","","dry_run"
"would_post","ASM-TJM-TAB-FRAME","Ripple Table FRAME","false","true","","","dry_run"
"would_post","ASM-TRI-SID-TAB-32X32-FRAME","TRIANGLE SIDE TABLE FRAME","false","true","","","dry_run"
"would_post","ASM-WFT-BAR-TAB-120X28-FRAME","WATERFALL TABLE (BAR HEIGHT) 28 X 120 FRAME","false","true","","","dry_run"
"would_post","ASM-WFT-BAR-TAB-120X36-FRAME","WATERFALL TABLE (BAR HEIGHT) 36 X 120 FRAME","false","true","","","dry_run"
"would_post","ASM-WFT-BAR-TAB-28X120-FRAME","WATERFALL TABLE (BAR HEIGHT) 28"" x 120"" x 42"" FRAME","false","true","","","dry_run"
"would_post","ASM-WFT-BAR-TAB-28X72-FRAME","WATERFALL TABLE (BAR HEIGHT) 28"" x 72"" x 42"" FRAME","false","true","","","dry_run"
"would_post","ASM-WFT-BAR-TAB-28X96-FRAME","WATERFALL TABLE (BAR HEIGHT) 28"" x 96"" x 42"" FRAME","false","true","","","dry_run"
"would_post","ASM-WFT-BAR-TAB-36X120-FRAME","WATERFALL TABLE (BAR HEIGHT) 36"" x 120"" x 42"" FRAME","false","true","","","dry_run"
"would_post","ASM-WFT-BAR-TAB-36X72-FRAME","WATERFALL TABLE (BAR HEIGHT) 36"" x 72"" x 42"" FRAME","false","true","","","dry_run"
"would_post","ASM-WFT-BAR-TAB-36X96-FRAME","WATERFALL TABLE (BAR HEIGHT) 36"" x 96"" x 42"" FRAME","false","true","","","dry_run"
"would_post","ASM-WFT-BAR-TAB-72X28-FRAME","WATERFALL TABLE (BAR HEIGHT) 28 X 72 FRAME","false","true","","","dry_run"
"would_post","ASM-WFT-BAR-TAB-72X36-FRAME","WATERFALL TABLE (BAR HEIGHT) 36 X 72 FRAME","false","true","","","dry_run"
"would_post","ASM-WFT-BAR-TAB-96X28-FRAME","WATERFALL TABLE (BAR HEIGHT) 28 X 96 FRAME","false","true","","","dry_run"
"would_post","ASM-WFT-BAR-TAB-96X36-FRAME","WATERFALL TABLE (BAR HEIGHT) 36 X 96 FRAME","false","true","","","dry_run"
"would_post","ASM-WFT-BCH-42X18-CUSH","FLY LEG BENCH (DINING HEIGHT) 42"" x 18"" x 18"" SH CUSH","false","true","","","dry_run"
"would_post","ASM-WFT-BCH-42X18-FRAME","FLY LEG BENCH (DINING HEIGHT) 42"" x 18"" x 18"" SH FRAME","false","true","","","dry_run"
"would_post","ASM-WFT-CNT-TAB-120X28-FRAME","WATERFALL TABLE (COUNTER HEIGHT) 28 X 120 FRAME","false","true","","","dry_run"
"would_post","ASM-WFT-CNT-TAB-120X36-FRAME","WATERFALL TABLE (COUNTER HEIGHT) 36 X 120 FRAME","false","true","","","dry_run"
"would_post","ASM-WFT-CNT-TAB-28X120-FRAME","WATERFALL TABLE (COUNTER HEIGHT) 28"" x 120"" x 36"" FRAME","false","true","","","dry_run"
"would_post","ASM-WFT-CNT-TAB-28X72-FRAME","WATERFALL TABLE (COUNTER HEIGHT) 28"" x 72"" x 36"" FRAME","false","true","","","dry_run"
"would_post","ASM-WFT-CNT-TAB-28X96-FRAME","WATERFALL TABLE (COUNTER HEIGHT) 28"" x 96"" x 36"" FRAME","false","true","","","dry_run"
"would_post","ASM-WFT-CNT-TAB-36X120-FRAME","WATERFALL TABLE (COUNTER HEIGHT) 36"" x 120"" x 36"" FRAME","false","true","","","dry_run"
"would_post","ASM-WFT-CNT-TAB-36X72-FRAME","WATERFALL TABLE (COUNTER HEIGHT) 36"" x 72"" x 36"" FRAME","false","true","","","dry_run"
"would_post","ASM-WFT-CNT-TAB-36X96-FRAME","WATERFALL TABLE (COUNTER HEIGHT) 36"" x 96"" x 36"" FRAME","false","true","","","dry_run"
"would_post","ASM-WFT-CNT-TAB-72X28-FRAME","WATERFALL TABLE (COUNTER HEIGHT) 28 X 72 FRAME","false","true","","","dry_run"
"would_post","ASM-WFT-CNT-TAB-72X36-FRAME","WATERFALL TABLE (COUNTER HEIGHT) 36 X 72 FRAME","false","true","","","dry_run"
"would_post","ASM-WFT-CNT-TAB-96X28-FRAME","WATERFALL TABLE (COUNTER HEIGHT) 28 X 96 FRAME","false","true","","","dry_run"
"would_post","ASM-WFT-CNT-TAB-96X36-FRAME","WATERFALL TABLE (COUNTER HEIGHT) 36 X 96 FRAME","false","true","","","dry_run"
"would_post","ASM-WFT-DIN-BCH-72X22-CUSH","DINING BENCH w/NO ARMS 72"" x 22"" x 18"" SH CUSH","false","true","","","dry_run"
"would_post","ASM-WFT-DIN-BCH-72X22-FRAME","DINING BENCH w/NO ARMS 72"" x 22"" x 18"" SH FRAME","false","true","","","dry_run"
"would_post","ASM-WFT-DIN-BCH-96X22-CUSH","DINING BENCH w/NO ARMS 96"" x 22"" x 18"" SH CUSH","false","true","","","dry_run"
"would_post","ASM-WFT-DIN-BCH-96X22-FRAME","DINING BENCH w/NO ARMS 96"" x 22"" x 18"" SH FRAME","false","true","","","dry_run"
"would_post","ASM-WFT-DIN-CHA-17X21-CUSH","HALF BACK CHAIR (DINING HEIGHT) 17"" x 21"" x 18"" SH CUSH","false","true","","","dry_run"
"would_post","ASM-WFT-DIN-CHA-17X21-FRAME","HALF BACK CHAIR (DINING HEIGHT) 17"" x 21"" x 18"" SH FRAME","false","true","","","dry_run"
"would_post","ASM-WFT-DIN-CHA-18X18-CUSH","FLY LEG CHAIR (DINING HEIGHT) 18"" x 18"" x 18"" SH CUSH","false","true","","","dry_run"
"would_post","ASM-WFT-DIN-CHA-18X18-FRAME","FLY LEG CHAIR (DINING HEIGHT) 18"" x 18"" x 18"" SH FRAME","false","true","","","dry_run"
"would_post","ASM-WFT-DIN-TAB-120X28-FRAME","WATERFALL TABLE (DINING HEIGHT) 28 X 120 FRAME","false","true","","","dry_run"
"would_post","ASM-WFT-DIN-TAB-120X36-FRAME","WATERFALL TABLE (DINING HEIGHT) 36 X 120 FRAME","false","true","","","dry_run"
"would_post","ASM-WFT-DIN-TAB-28X120-FRAME","WATERFALL TABLE (DINING HEIGHT) 28"" x 120"" x 30"" FRAME","false","true","","","dry_run"
"would_post","ASM-WFT-DIN-TAB-28X72-FRAME","WATERFALL TABLE (DINING HEIGHT) 28"" x 72"" x 30"" FRAME","false","true","","","dry_run"
"would_post","ASM-WFT-DIN-TAB-28X96-FRAME","WATERFALL TABLE (DINING HEIGHT) 28"" x 96"" x 30"" FRAME","false","true","","","dry_run"
"would_post","ASM-WFT-DIN-TAB-36X120-FRAME","WATERFALL TABLE (DINING HEIGHT) 36"" x 120"" x 30"" FRAME","false","true","","","dry_run"
"would_post","ASM-WFT-DIN-TAB-36X72-FRAME","WATERFALL TABLE (DINING HEIGHT) 36"" x 72"" x 30"" FRAME","false","true","","","dry_run"
"would_post","ASM-WFT-DIN-TAB-36X96-FRAME","WATERFALL TABLE (DINING HEIGHT) 36"" x 96"" x 30"" FRAME","false","true","","","dry_run"
"would_post","ASM-WFT-DIN-TAB-72X36-FRAME","WATERFALL TABLE (DINING HEIGHT) 36 X 72 FRAME","false","true","","","dry_run"
"would_post","ASM-WFT-DIN-TAB-96X28-FRAME","WATERFALL TABLE (DINING HEIGHT) 28 X 96 FRAME","false","true","","","dry_run"
"would_post","ASM-WFT-DIN-TAB-96X36-FRAME","WATERFALL TABLE (DINING HEIGHT) 36 X 96 FRAME","false","true","","","dry_run"
"would_post","ASM-WFT-FIR-TAB-56X36-FRAME","WATERFALL FIRE PIT TABLE 56"" x 36"" x 16"" FRAME","false","true","","","dry_run"
"would_post","ASM-WFT-FIR-TAB-72X36-FRAME","WATERFALL FIRE PIT TABLE 72"" x 36"" x 16"" FRAME","false","true","","","dry_run"
"would_post","ASM-WFT-FLY-BST-17X21-CUSH","HALF BACK BARSTOOL (BAR HEIGHT) 17"" x 21"" x 30"" SH CUSH","false","true","","","dry_run"
"would_post","ASM-WFT-FLY-BST-17X21-FRAME","HALF BACK BARSTOOL (BAR HEIGHT) 17"" x 21"" x 30"" SH FRAME","false","true","","","dry_run"
"would_post","ASM-WFT-FLY-BST-18X18-CUSH","FLY LEG BARSTOOL (BAR HEIGHT) 18"" x 18"" x 30"" SH CUSH","false","true","","","dry_run"
"would_post","ASM-WFT-FLY-BST-18X18-FRAME","FLY LEG BARSTOOL (BAR HEIGHT) 18"" x 18"" x 30"" SH FRAME","false","true","","","dry_run"
"would_post","ASM-WFT-SID-TAB-13X40-FRAME","WATERFALL SIDE TABLE 40X13 FRAME","false","true","","","dry_run"
"would_post","ASM-WFT-SID-TAB-40X13-FRAME","WATERFALL SIDE TABLE 40"" x 13"" x 12"" FRAME","false","true","","","dry_run"
"already_present","FIN-BRK-BAR-TAB-120X28","BROOKLYN TABLE (BAR HEIGHT) 28 X 120","true","true","17972735","42061758","ok"
"already_present","FIN-BRK-BAR-TAB-120X36","BROOKLYN TABLE (BAR HEIGHT) 36 X 120","true","true","17972736","42061759","ok"
"already_present","FIN-BRK-BAR-TAB-28X120","BROOKLYN TABLE (BAR HEIGHT) 28"" x 120"" x 42""","true","true","17951197","42013626","ok"
"already_present","FIN-BRK-BAR-TAB-28X72","BROOKLYN TABLE (BAR HEIGHT) 28"" x 72"" x 42""","true","true","17951198","42013627","ok"
"already_present","FIN-BRK-BAR-TAB-28X96","BROOKLYN TABLE (BAR HEIGHT) 28"" x 96"" x 42""","true","true","17951199","42013628","ok"
"already_present","FIN-BRK-BAR-TAB-36X120","BROOKLYN TABLE (BAR HEIGHT) 36"" x 120"" x 42""","true","true","17951200","42013629","ok"
"already_present","FIN-BRK-BAR-TAB-36X36","STAR LEG TABLE (BAR HEIGHT) 36"" x 36"" x 42""","true","true","17951100","42013525","ok"
"already_present","FIN-BRK-BAR-TAB-36X72","BROOKLYN TABLE (BAR HEIGHT) 36"" x 72"" x 42""","true","true","17951201","42013630","ok"
"already_present","FIN-BRK-BAR-TAB-36X96","BROOKLYN TABLE (BAR HEIGHT) 36"" x 96"" x 42""","true","true","17951202","42013631","ok"
"already_present","FIN-BRK-BAR-TAB-42X42","STAR LEG TABLE (BAR HEIGHT) 42"" x 42"" x 42""","true","true","17951101","42013526","ok"
"already_present","FIN-BRK-BAR-TAB-72X28","BROOKLYN TABLE (BAR HEIGHT) 28 X 72","true","true","17972737","42061760","ok"
"already_present","FIN-BRK-BAR-TAB-72X36","BROOKLYN TABLE (BAR HEIGHT) 36 X 72","true","true","17972738","42061761","ok"
"already_present","FIN-BRK-BAR-TAB-96X36","BROOKLYN TABLE (BAR HEIGHT) 36 X 96","true","true","17972739","42061762","ok"
"already_present","FIN-BRK-BAR-TAB-98X28","BROOKLYN TABLE (BAR HEIGHT) 28 X 96","true","true","17972740","42061763","ok"
"already_present","FIN-BRK-CHS-72X34-LS","Brooklyn Chaise 72 x 34 (Left Facing)","true","true","17433368","41082201","ok"
"already_present","FIN-BRK-CHS-72X34-RS","Brooklyn Chaise 72 x 34 (Right Facing)","true","true","17433368","41082209","ok"
"already_present","FIN-BRK-CHS-72X42-LS","Brooklyn Chaise 72 x 42 (Left Facing)","true","true","17433378","41082222","ok"
"already_present","FIN-BRK-CHS-72X42-RS","Brooklyn Chaise 72 x 42 (Right Facing)","true","true","17433378","41082228","ok"
"already_present","FIN-BRK-CHS-84X34-LS","Brooklyn Chaise 84 x 34 (Left Facing)","true","true","17433381","41082236","ok"
"already_present","FIN-BRK-CHS-84X34-RS","Brooklyn Chaise 84 x 34 (Right Facing)","true","true","17433381","41082242","ok"
"already_present","FIN-BRK-CHS-84X42-LS","Brooklyn Chaise 84 x 42 (Left Facing)","true","true","17433382","41082248","ok"
"already_present","FIN-BRK-CHS-84X42-RS","Brooklyn Chaise 84 x 42 (Right Facing)","true","true","17433382","41082255","ok"
"already_present","FIN-BRK-CNT-TAB-120X28","BROOKLYN TABLE (COUNTER HEIGHT) 28 X 120","true","true","17972741","42061764","ok"
"already_present","FIN-BRK-CNT-TAB-120X36","BROOKLYN TABLE (COUNTER HEIGHT) 36 X 120","true","true","17972742","42061765","ok"
"already_present","FIN-BRK-CNT-TAB-28X120","BROOKLYN TABLE (COUNTER HEIGHT) 28"" x 120"" x 36""","true","true","17951204","42013633","ok"
"already_present","FIN-BRK-CNT-TAB-28X72","BROOKLYN TABLE (COUNTER HEIGHT) 28"" x 72"" x 36""","true","true","17951203","42013632","ok"
"already_present","FIN-BRK-CNT-TAB-28X96","BROOKLYN TABLE (COUNTER HEIGHT) 28"" x 96"" x 36""","true","true","17951206","42013635","ok"
"already_present","FIN-BRK-CNT-TAB-36X120","BROOKLYN TABLE (COUNTER HEIGHT) 36"" x 120"" x 36""","true","true","17951207","42013636","ok"
"already_present","FIN-BRK-CNT-TAB-36X36","STAR LEG TABLE (COUNTER HEIGHT) 36"" x 36"" x 36""","true","true","17951102","42013527","ok"
"already_present","FIN-BRK-CNT-TAB-36X72","BROOKLYN TABLE (COUNTER HEIGHT) 36"" x 72"" x 36""","true","true","17951208","42013637","ok"
"already_present","FIN-BRK-CNT-TAB-36X96","BROOKLYN TABLE (COUNTER HEIGHT) 36"" x 96"" x 36""","true","true","17951209","42013638","ok"
"already_present","FIN-BRK-CNT-TAB-42X42","STAR LEG TABLE (COUNTER HEIGHT) 42"" x 42"" x 36""","true","true","17951103","42013528","ok"
"already_present","FIN-BRK-CNT-TAB-72X18","BROOKLYN TABLE (COUNTER HEIGHT) 18 X 72","true","true","17972743","42061766","ok"
"already_present","FIN-BRK-CNT-TAB-72X28","BROOKLYN TABLE (COUNTER HEIGHT) 28 X 72","true","true","17972744","42061767","ok"
"already_present","FIN-BRK-CNT-TAB-72X36","BROOKLYN TABLE (COUNTER HEIGHT) 36 X 72","true","true","17972745","42061768","ok"
"already_present","FIN-BRK-CNT-TAB-96X28","BROOKLYN TABLE (COUNTER HEIGHT) 28 X 96","true","true","17972746","42061769","ok"
"already_present","FIN-BRK-CNT-TAB-96X36","BROOKLYN TABLE (COUNTER HEIGHT) 36 X 96","true","true","17972747","42061770","ok"
"already_present","FIN-BRK-COR-CHS-84X42","BROOKLYN CORNER CHAISE 84"" x 42"" x 30"" BH","true","true","17951155","42013580","ok"
"already_present","FIN-BRK-COR-SOF-72X34-LS","Brooklyn Corner Sofa 72 (Left Facing)","true","true","17433327","41082110","ok"
"already_present","FIN-BRK-COR-SOF-72X34-RS","Brooklyn Corner Sofa 72 (Right Facing)","true","true","17433327","41082121","ok"
"already_present","FIN-BRK-COR-SOF-84X34-LS","Brooklyn Corner Sofa 84 (Left Facing)","true","true","17433332","41082130","ok"
"already_present","FIN-BRK-COR-SOF-84X34-RS","Brooklyn Corner Sofa 84 (Right Facing)","true","true","17433332","41082141","ok"
"already_present","FIN-BRK-COR-SOF-96X34-LS","Brooklyn Corner Sofa 96 (Left Facing)","true","true","17433336","41082149","ok"
"already_present","FIN-BRK-COR-SOF-96X34-RS","Brooklyn Corner Sofa 96 (Right Facing)","true","true","17433336","41082158","ok"
"already_present","FIN-BRK-DIN-TAB-120X28","BROOKLYN TABLE (DINING HEIGHT) 28 X 120","true","true","17972748","42061771","ok"
"already_present","FIN-BRK-DIN-TAB-120X36","BROOKLYN TABLE (DINING HEIGHT) 36 X 120","true","true","17972749","42061772","ok"
"already_present","FIN-BRK-DIN-TAB-28X120","BROOKLYN TABLE (DINING HEIGHT) 28"" x 120"" x 30""","true","true","17951210","42013639","ok"
"already_present","FIN-BRK-DIN-TAB-28X72","BROOKLYN TABLE (DINING HEIGHT) 28"" x 72"" x 30""","true","true","17951211","42013640","ok"
"already_present","FIN-BRK-DIN-TAB-28X96","BROOKLYN TABLE (DINING HEIGHT) 28"" x 96"" x 30""","true","true","17951212","42013641","ok"
"already_present","FIN-BRK-DIN-TAB-36X120","BROOKLYN TABLE (DINING HEIGHT) 36"" x 120"" x 30""","true","true","17951213","42013642","ok"
"already_present","FIN-BRK-DIN-TAB-36X36","STAR LEG TABLE (DINING HEIGHT) 36"" x 36"" x 30""","true","true","17951104","42013529","ok"
"already_present","FIN-BRK-DIN-TAB-36X72","BROOKLYN TABLE (DINING HEIGHT) 36"" x 72"" x 30""","true","true","17951214","42013643","ok"
"already_present","FIN-BRK-DIN-TAB-36X96","BROOKLYN TABLE (DINING HEIGHT) 36"" x 96"" x 30""","true","true","17951215","42013644","ok"
"already_present","FIN-BRK-DIN-TAB-42X42","STAR LEG TABLE (DINING HEIGHT) 42"" x 42"" x 30""","true","true","17951105","42013530","ok"
"already_present","FIN-BRK-DIN-TAB-72X28","BROOKLYN TABLE (DINING HEIGHT) 28 X 72","true","true","17972750","42061773","ok"
"already_present","FIN-BRK-DIN-TAB-72X36","BROOKLYN TABLE (DINING HEIGHT) 36 X 72","true","true","17972751","42061774","ok"
"already_present","FIN-BRK-DIN-TAB-96X28","BROOKLYN TABLE (DINING HEIGHT) 28 X 96","true","true","17972752","42061775","ok"
"already_present","FIN-BRK-DIN-TAB-96X36","BROOKLYN TABLE (DINING HEIGHT) 36 X 96","true","true","17972753","42061776","ok"
"already_present","FIN-BRK-DOU-CHS-58X79","BROOKLYN DOUBLE CHAISE LOUNGE 58"" x 79"" x 11"" SH","true","true","17951065","42013490","ok"
"already_present","FIN-BRK-LOV-SOF","Brooklyn Loveseat","true","true","17433314","41082067","ok"
"already_present","FIN-BRK-OTT-22X42","BROOKLYN OTTOMAN 22"" x 42"" x 17""","true","true","17951261","42013690","ok"
"already_present","FIN-BRK-OTT-22X60","BROOKLYN OTTOMAN 22"" x 60"" x 17""","true","true","17951262","42013691","ok"
"already_present","FIN-BRK-OTT-22X72","BROOKLYN OTTOMAN 22"" x 72"" x 17""","true","true","17951263","42013692","ok"
"already_present","FIN-BRK-OTT-34X34","BROOKLYN OTTOMAN 34"" x 34"" x 17""","true","true","17951264","42013693","ok"
"already_present","FIN-BRK-OTT-34X42","BROOKLYN OTTOMAN 34"" x 42"" x 17""","true","true","17951265","42013694","ok"
"already_present","FIN-BRK-OTT-34X60","BROOKLYN OTTOMAN 34"" x 60"" x 17""","true","true","17951266","42013695","ok"
"already_present","FIN-BRK-OTT-34X72","BROOKLYN OTTOMAN 34"" x 72"" x 17""","true","true","17951267","42013696","ok"
"already_present","FIN-BRK-OTT-42X22","BROOKLYN OTTOMAN 22 X 42","true","true","17972754","42061777","ok"
"already_present","FIN-BRK-OTT-42X34","BROOKLYN OTTOMAN 34 X 42","true","true","17972755","42061778","ok"
"already_present","FIN-BRK-OTT-56X42","BROOKLYN OTTOMAN 56"" x 42"" x 17""","true","true","17951268","42013697","ok"
"already_present","FIN-BRK-OTT-60X22","BROOKLYN OTTOMAN 22 X 60","true","true","17972756","42061779","ok"
"already_present","FIN-BRK-OTT-60X34","BROOKLYN OTTOMAN 34 X 60","true","true","17972757","42061780","ok"
"already_present","FIN-BRK-OTT-72X22","BROOKLYN OTTOMAN 22 X 72","true","true","17972758","42061781","ok"
"already_present","FIN-BRK-OTT-72X34","BROOKLYN OTTOMAN 34 X 72","true","true","17972759","42061782","ok"
"already_present","FIN-BRK-SGL-CHS-38X79","BROOKLYN SINGLE CHAISE LOUNGE 38"" x 79"" x 11"" SH","true","true","17951062","42013487","ok"
"already_present","FIN-BRK-SOF-60X34","BROOKLYN SOFA 60"" x 34"" x 30"" BH","true","true","17951148","42013573","ok"
"already_present","FIN-BRK-SOF-72X34","BROOKLYN SOFA 72"" x 34"" x 30"" BH","true","true","17951149","42013574","ok"
"already_present","FIN-BRK-SOF-84X34","BROOKLYN SOFA 84"" x 34"" x 30"" BH","true","true","17951150","42013575","ok"
"already_present","FIN-BRK-SOF-96X34","BROOKLYN SOFA 96"" x 34"" x 30"" BH","true","true","17951151","42013576","ok"
"already_present","FIN-BRK-TRA-DOU-CHS-48X72","BROOKLYN TRANSITIONAL DOUBLE CHAISE 48"" x 72"" x 30"" BH","true","true","17951063","42013488","ok"
"already_present","FIN-BRK-TRA-SGL-CHS-36X72","BROOKLYN TRANSITIONAL SINGLE CHAISE 36"" x 72"" x 30"" BH","true","true","17951064","42013489","ok"
"already_present","FIN-BRV-ARM-LOV-60","Bravada Armless Loveseat","true","true","17913597","41913027","ok"
"already_present","FIN-BRV-ARM-SOF-34X34","BRAVADA ARMLESS SOFA 34"" x 34"" x 31"" BH","true","true","17951145","42013570","ok"
"already_present","FIN-BRV-ARM-SOF-72","Bravada Armless Sofa 72","true","true","17426452","41069099","ok"
"already_present","FIN-BRV-ARM-SOF-72X34","BRAVADA ARMLESS SOFA 72"" x 34"" x 31"" BH","true","true","17951045","42013470","ok"
"already_present","FIN-BRV-ARM-SOF-84","Bravada Armless Sofa 84","true","true","17426454","41069106","ok"
"already_present","FIN-BRV-ARM-SOF-84X34","BRAVADA ARMLESS SOFA 84"" x 34"" x 31"" BH","true","true","17951049","42013474","ok"
"already_present","FIN-BRV-ARM-SOF-96","Bravada Armless Sofa 96","true","true","17426458","41069115","ok"
"already_present","FIN-BRV-ARM-SOF-96X34","BRAVADA ARMLESS SOFA 96"" x 34"" x 31"" BH","true","true","17951050","42013475","ok"
"already_present","FIN-BRV-BCH-96X34","BRAVADA ROUNDED BENCH 96"" X 34"" X 18"" SH","true","true","17951255","42013684","ok"
"already_present","FIN-BRV-CHS-34X72-LS","Bravada Chaise 34 X 72 (Left Facing)","true","true","17426495","41069219","ok"
"already_present","FIN-BRV-CHS-34X72-RS","Bravada Chaise 34 X 72 (Right Facing)","true","true","17426495","41069227","ok"
"already_present","FIN-BRV-CHS-34X84-LS","Bravada Chaise 34 X 84 (Left Facing)","true","true","17426596","41069369","ok"
"already_present","FIN-BRV-CHS-34X84-RS","Bravada Chaise 34 X 84 (Right Facing)","true","true","17426596","41069376","ok"
"already_present","FIN-BRV-CHS-42X72-LS","Bravada Chaise 42X72 (Left Facing)","true","true","17426506","41069263","ok"
"already_present","FIN-BRV-CHS-42X72-RS","Bravada Chaise 42X72 (Right Facing)","true","true","17426506","41069272","ok"
"already_present","FIN-BRV-CHS-42X84-LS","Bravada Chaise 42 X 84 (Left Facing)","true","true","17426624","41069412","ok"
"already_present","FIN-BRV-CHS-42X84-RS","Bravada Chaise 42 X 84 (Right Facing)","true","true","17426624","41069420","ok"
"already_present","FIN-BRV-CLB-CHA","Bravada Club Chair","true","true","17426363","41068823","ok"
"already_present","FIN-BRV-CLB-CHA-34X34","BRAVADA CLUB CHAIR 34"" x 34"" x 31"" BH","true","true","17951038","42013463","ok"
"already_present","FIN-BRV-COF-TAB-28X42","BRAVADA COFFEE TABLE 28"" x 42"" x 17""","true","true","17951085","42013510","ok"
"already_present","FIN-BRV-COF-TAB-36X36","BRAVADA COFFEE TABLE 36"" x 36"" x 17""","true","true","17951086","42013511","ok"
"already_present","FIN-BRV-COF-TAB-36X56","BRAVADA COFFEE TABLE 36"" x 56"" x 17""","true","true","17951087","42013512","ok"
"already_present","FIN-BRV-COF-TAB-42X28","BRAVADA COFFEE TABLE 28 X 42","true","true","17606324","41365155","ok"
"already_present","FIN-BRV-COF-TAB-42X42","BRAVADA COFFEE TABLE 42"" x 42"" x 17""","true","true","17951088","42013513","ok"
"already_present","FIN-BRV-COF-TAB-42X56","BRAVADA COFFEE TABLE 42"" x 56"" x 17""","true","true","17951089","42013514","ok"
"already_present","FIN-BRV-COF-TAB-42X72","BRAVADA COFFEE TABLE 42"" x 72"" x 17""","true","true","17951163","42013588","ok"
"already_present","FIN-BRV-COF-TAB-56X28","Bravada Coffee Table 56 x 28","true","true","17431737","41080397","ok"
"already_present","FIN-BRV-COF-TAB-56X36","BRAVADA COFFEE TABLE 36 X 56","true","true","17431730","41080378","ok"
"already_present","FIN-BRV-COF-TAB-56X42","BRAVADA COFFEE TABLE 42 X 56","true","true","17432224","41080898","ok"
"already_present","FIN-BRV-COF-TAB-56X56","BRAVADA COFFEE TABLE 56"" x 56"" x 17""","true","true","17951090","42013515","ok"
"already_present","FIN-BRV-COF-TAB-56X72","BRAVADA COFFEE TABLE 56"" x 72"" x 17""","true","true","17951164","42013589","ok"
"already_present","FIN-BRV-COF-TAB-72X36","BRAVADA COFFEE TABLE 36 X 72","true","true","17431733","41080388","ok"
"already_present","FIN-BRV-COF-TAB-72X42","BRAVADA COFFEE TABLE 42 X 72","true","true","17432226","41080905","ok"
"already_present","FIN-BRV-COF-TAB-72X56","BRAVADA COFFEE TABLE 56 X 72","true","true","17432234","41080926","ok"
"already_present","FIN-BRV-COR-CHS-72X34","BRAVADA CORNER CHAISE 72"" x 34"" x 31"" BH","true","true","17951054","42013479","ok"
"already_present","FIN-BRV-COR-CHS-84X34","BRAVADA CORNER CHAISE 84"" x 34"" x 31"" BH","true","true","17951055","42013480","ok"
"already_present","FIN-BRV-COR-SOF-72X34-LS","Bravada Corner Sofa 72 (Left Facing)","true","true","17426474","41069154","ok"
"already_present","FIN-BRV-COR-SOF-72X34-RS","Bravada Corner Sofa 72 (Right Facing)","true","true","17426474","41069161","ok"
"already_present","FIN-BRV-COR-SOF-84X34-LS","Bravada Corner Sofa 84 (Left Facing)","true","true","17426483","41069179","ok"
"already_present","FIN-BRV-COR-SOF-84X34-RS","Bravada Corner Sofa 84 (Right Facing)","true","true","17426483","41069187","ok"
"already_present","FIN-BRV-COR-SOF-96X34-LS","Bravada Corner Sofa 96 (Left Facing)","true","true","17426488","41069196","ok"
"already_present","FIN-BRV-COR-SOF-96X34-RS","Bravada Corner Sofa 96 (Right Facing)","true","true","17426488","41069210","ok"
"already_present","FIN-BRV-DOU-CHS-58X79","BRAVADA DOUBLE CHAISE LOUNGE 58"" x 79"" x 14"" SH","true","true","17951057","42013482","ok"
"already_present","FIN-BRV-DOU-CHS-58X79-NOARM","Bravada Chaise Lounge Double (No Metal Arms)","true","true","17426641","41069483","ok"
"already_present","FIN-BRV-DYB-72X72","BRAVADA DAYBED 72"" x 72"" x 27"" BH","true","true","17951059","42013484","ok"
"already_present","FIN-BRV-DYB-72X78","BRAVADA DAYBED 72 X 78","true","true","17430399","41078289","ok"
"already_present","FIN-BRV-DYB-78X72","Bravada Daybed 78","true","true","17426885","41070030","ok"
"already_present","FIN-BRV-DYB-78X78","BRAVADA DAYBED 78 X 78","true","true","17430591","41078749","ok"
"already_present","FIN-BRV-DYB-84X72","BRAVADA DAYBED 84"" x 72"" x 27"" BH","true","true","17951060","42013485","ok"
"already_present","FIN-BRV-DYB-84X78","BRAVADA DAYBED 84 X 78","true","true","17430589","41078740","ok"
"already_present","FIN-BRV-DYB-84X84","BRAVADA ROUND DAYBED 84"" DIAMETER","true","true","17951058","42013483","ok"
"already_present","FIN-BRV-LOV-SOF-60X34","BRAVADA LOVESEAT 60"" x 34"" x 31"" BH","true","true","17951040","42013465","ok"
"already_present","FIN-BRV-MIN-LOV-48X34","BRAVADA MINI LOVESEAT 48"" x 34"" x 31"" BH","true","true","17951041","42013466","ok"
"already_present","FIN-BRV-OTT-22X30","BRAVADA OTTOMAN 22"" x 30"" x 16""","true","true","17951118","42013543","ok"
"already_present","FIN-BRV-OTT-22X42","BRAVADA OTTOMAN 22"" x 42"" x 16""","true","true","17951119","42013544","ok"
"already_present","FIN-BRV-OTT-22X60","BRAVADA OTTOMAN 22"" x 60"" x 16""","true","true","17951120","42013545","ok"
"already_present","FIN-BRV-OTT-22X72","BRAVADA OTTOMAN 22"" x 72"" x 16""","true","true","17951121","42013546","ok"
"already_present","FIN-BRV-OTT-30X22","BRAVADA OTTOMAN 22 X 30","true","true","17430614","41078969","ok"
"already_present","FIN-BRV-OTT-34X34","BRAVADA OTTOMAN 34"" x 34"" x 16""","true","true","17951257","42013686","ok"
"already_present","FIN-BRV-OTT-34X42","BRAVADA OTTOMAN 34"" x 42"" x 16""","true","true","17951258","42013687","ok"
"already_present","FIN-BRV-OTT-34X60","BRAVADA OTTOMAN 34"" x 60"" x 16""","true","true","17951259","42013688","ok"
"already_present","FIN-BRV-OTT-34X72","BRAVADA OTTOMAN 34"" x 72"" x 16""","true","true","17951260","42013689","ok"
"already_present","FIN-BRV-OTT-42X22","BRAVADA OTTOMAN 22 X 42","true","true","17430676","41078987","ok"
"already_present","FIN-BRV-OTT-42X34","BRAVADA OTTOMAN 34 X 42","true","true","17431266","41079752","ok"
"already_present","FIN-BRV-OTT-60X22","BRAVADA OTTOMAN 22 X 60","true","true","17430683","41079010","ok"
"already_present","FIN-BRV-OTT-60X34","BRAVADA OTTOMAN 34 X 60","true","true","17431467","41080005","ok"
"already_present","FIN-BRV-OTT-72X22","BRAVADA OTTOMAN 22 X 72","true","true","17430694","41079045","ok"
"already_present","FIN-BRV-OTT-72X34","BRAVADA OTTOMAN 34 X 72","true","true","17431693","41080316","ok"
"already_present","FIN-BRV-OTT-DKT-30X22","Bravada Ottoman 30X22 (Dekton Top)","true","true","17430614","41078813","ok"
"already_present","FIN-BRV-OTT-DKT-34X34","Bravada Ottoman 34X34 (Dekton Top)","true","true","17431259","41079725","ok"
"already_present","FIN-BRV-OTT-DKT-42X22","Bravada Ottoman 42X22 (Dekton Top)","true","true","17430676","41078980","ok"
"already_present","FIN-BRV-OTT-DKT-42X34","Bravada Ottoman 42X34 (Dekton Top)","true","true","17431266","41079746","ok"
"already_present","FIN-BRV-OTT-DKT-60X22","Bravada Ottoman 60X22 (Dekton Top)","true","true","17430683","41079000","ok"
"already_present","FIN-BRV-OTT-DKT-60X34","Bravada Ottoman 60 x 34 (Dekton Top)","true","true","17431467","41079997","ok"
"already_present","FIN-BRV-OTT-DKT-72X22","Bravada Ottoman 72X22 (Dekton Top)","true","true","17430694","41079038","ok"
"already_present","FIN-BRV-OTT-DKT-72X34","Bravada Ottoman 72 x 34 (Dekton Top)","true","true","17431693","41080310","ok"
"already_present","FIN-BRV-OVS-CHS-72X42","BRAVADA OVERSIZED CHAISE 72"" x 42"" x 31"" BH","true","true","17951146","42013571","ok"
"already_present","FIN-BRV-OVS-CHS-84X42","BRAVADA OVERSIZED CHAISE 84"" x 42"" x 31"" BH","true","true","17951147","42013572","ok"
"already_present","FIN-BRV-SGL-CHS-30X79","BRAVADA SINGLE CHAISE LOUNGE 30"" x 79"" x 14"" SH","true","true","17951056","42013481","ok"
"already_present","FIN-BRV-SGL-CHS-30X79-NOARM","Bravada Chaise Lounge Single (No Metal Arms)","true","true","17426640","41069469","ok"
"already_present","FIN-BRV-SID-TAB-20X20","BRAVADA SIDE TABLE 20"" x 20"" x 17""","true","true","17951165","42013590","ok"
"already_present","FIN-BRV-SOF-72X34","BRAVADA SOFA 72"" x 34"" x 31"" BH","true","true","17951042","42013467","ok"
"already_present","FIN-BRV-SOF-84X34","BRAVADA SOFA 84"" x 34"" x 31"" BH","true","true","17951043","42013468","ok"
"already_present","FIN-BRV-SOF-96X34","BRAVADA SOFA 96"" x 34"" x 31"" BH","true","true","17951044","42013469","ok"
"already_present","FIN-BRV-SWV-CHA","BRAVADA SWIVEL CHAIR W/DEKTON SIDEARM","true","true","17951143","42013568","ok"
"already_present","FIN-BRV-SWV-CHA-34X34","BRAVADA SWIVEL CHAIR 34"" x 34"" x 31"" BH","true","true","17951039","42013464","ok"
"already_present","FIN-CAB-DYB-84X84","CABANA DAYBED 84"" x 84"" x 78""","true","true","17951279","42013708","ok"
"already_present","FIN-CAB-MIS-10X10","CABANA 10' X 10' X 9' w/Sunbrella Top & Curtains","true","true","17951280","42013709","ok"
"already_present","FIN-CUS-OTT-22X72","CUSTOM STORAGE OTTOMAN 22"" x 72"" x 23""","true","true","17951273","42013702","ok"
"already_present","FIN-CUS-OTT-23X82","CUSTOM STORAGE OTTOMAN 23"" x 82""","true","true","17951301","42013730","ok"
"already_present","FIN-CUS-OTT-72X22","CUSTOM STORAGE OTTOMAN 22 X 72","true","true","17972760","42061783","ok"
"already_present","FIN-CUS-OTT-82X23","CUSTOM STORAGE OTTOMAN 23 X 82","true","true","17972761","42061784","ok"
"already_present","FIN-DAI-BAR-TAB-120X42","DAISY BASE TABLE (BAR HEIGHT) 42 X 120","true","true","17972762","42061785","ok"
"already_present","FIN-DAI-BAR-TAB-120X56","DAISY BASE TABLE (BAR HEIGHT) 56 X 120","true","true","17972763","42061786","ok"
"already_present","FIN-DAI-BAR-TAB-42X120","DAISY BASE TABLE (BAR HEIGHT) 42"" x 120"" x 42""","true","true","17951180","42013608","ok"
"already_present","FIN-DAI-BAR-TAB-42X72","DAISY BASE TABLE (BAR HEIGHT) 42"" x 72"" x 42""","true","true","17951181","42013609","ok"
"already_present","FIN-DAI-BAR-TAB-42X96","DAISY BASE TABLE (BAR HEIGHT) 42"" x 96"" x 42""","true","true","17951182","42013610","ok"
"already_present","FIN-DAI-BAR-TAB-56X120","DAISY BASE TABLE (BAR HEIGHT) 56"" x 120"" x 42""","true","true","17951183","42013611","ok"
"already_present","FIN-DAI-BAR-TAB-56X56","DAISY BASE TABLE (BAR HEIGHT) 56"" x 56"" x 42""","true","true","17951184","42013612","ok"
"already_present","FIN-DAI-BAR-TAB-56X72","DAISY BASE TABLE (BAR HEIGHT) 56"" x 72"" x 42""","true","true","17951185","42013613","ok"
"already_present","FIN-DAI-BAR-TAB-56X96","DAISY BASE TABLE (BAR HEIGHT) 56"" x 96"" x 42""","true","true","17951186","42013614","ok"
"already_present","FIN-DAI-BAR-TAB-72X42","DAISY BASE TABLE (BAR HEIGHT) 42 X 72","true","true","17972764","42061787","ok"
"already_present","FIN-DAI-BAR-TAB-72X56","DAISY BASE TABLE (BAR HEIGHT) 56 X 72","true","true","17972765","42061788","ok"
"already_present","FIN-DAI-BAR-TAB-96X42","DAISY BASE TABLE (BAR HEIGHT) 42 X 96","true","true","17972766","42061789","ok"
"already_present","FIN-DAI-BAR-TAB-96X56","DAISY BASE TABLE (BAR HEIGHT) 56 X 96","true","true","17972767","42061790","ok"
"already_present","FIN-DAI-CNT-TAB-120X42","DAISY BASE TABLE (COUNTER HEIGHT) 42 X 120","true","true","17972768","42061791","ok"
"already_present","FIN-DAI-CNT-TAB-120X56","DAISY BASE TABLE (COUNTER HEIGHT) 56 X 120","true","true","17972769","42061792","ok"
"already_present","FIN-DAI-CNT-TAB-42X120","DAISY BASE TABLE (COUNTER HEIGHT) 42"" x 120"" x 36""","true","true","17951187","42013615","ok"
"already_present","FIN-DAI-CNT-TAB-42X72","DAISY BASE TABLE (COUNTER HEIGHT) 42"" x 72"" x 36""","true","true","17951188","42013617","ok"
"already_present","FIN-DAI-CNT-TAB-42X96","DAISY BASE TABLE (COUNTER HEIGHT) 42"" x 96"" x 36""","true","true","17951189","42013618","ok"
"already_present","FIN-DAI-CNT-TAB-56X120","DAISY BASE TABLE (COUNTER HEIGHT) 56"" x 120"" x 36""","true","true","17951190","42013619","ok"
"already_present","FIN-DAI-CNT-TAB-56X56","DAISY BASE TABLE (COUNTER HEIGHT) 56"" x 56"" x 36""","true","true","17951191","42013620","ok"
"already_present","FIN-DAI-CNT-TAB-56X72","DAISY BASE TABLE (COUNTER HEIGHT) 56"" x 72"" x 36""","true","true","17951192","42013621","ok"
"already_present","FIN-DAI-CNT-TAB-56X96","DAISY BASE TABLE (COUNTER HEIGHT) 56"" x 96"" x 36""","true","true","17951193","42013622","ok"
"already_present","FIN-DAI-CNT-TAB-72X42","DAISY BASE TABLE (COUNTER HEIGHT) 42 X 72","true","true","17972770","42061793","ok"
"already_present","FIN-DAI-CNT-TAB-72X56","DAISY BASE TABLE (COUNTER HEIGHT) 56 X 72","true","true","17972771","42061794","ok"
"already_present","FIN-DAI-CNT-TAB-96X42","DAISY BASE TABLE (COUNTER HEIGHT) 42 X 96","true","true","17972772","42061795","ok"
"already_present","FIN-DAI-CNT-TAB-96X56","DAISY BASE TABLE (COUNTER HEIGHT) 56 X 96","true","true","17972773","42061796","ok"
"already_present","FIN-DAI-DIN-TAB-120X42","DAISY BASE TABLE (DINING HEIGHT) 42 X 120","true","true","17972774","42061797","ok"
"already_present","FIN-DAI-DIN-TAB-120X56","DAISY BASE TABLE (DINING HEIGHT) 56 X 120","true","true","17972775","42061798","ok"
"already_present","FIN-DAI-DIN-TAB-42X30","DAISY BASE ROUND TABLE (DINING HEIGHT) 42"" x 30""","true","true","17951177","42013602","ok"
"already_present","FIN-DAI-DIN-TAB-42X42","DAISY BASE ROUND TABLE (DINING HEIGHT) 42","true","true","17972776","42061799","ok"
"already_present","FIN-DAI-DIN-TAB-56X30","DAISY BASE ROUND TABLE (DINING HEIGHT) 56"" x 30""","true","true","17951178","42013606","ok"
"already_present","FIN-DAI-DIN-TAB-56X56","DAISY BASE TABLE (DINING HEIGHT) 56 X 56","true","true","17972777","42061800","ok"
"already_present","FIN-DAI-DIN-TAB-56X72","DAISY BASE TABLE (DINING HEIGHT) 56"" x 72"" x 30""","true","true","17951194","42013623","ok"
"already_present","FIN-DAI-DIN-TAB-56X96","DAISY BASE TABLE (DINING HEIGHT) 56"" x 96"" x 30""","true","true","17951195","42013624","ok"
"already_present","FIN-DAI-DIN-TAB-72X42","DAISY BASE TABLE (DINING HEIGHT) 42 X 72","true","true","17972778","42061801","ok"
"already_present","FIN-DAI-DIN-TAB-72X56","DAISY BASE TABLE (DINING HEIGHT) 56 X 72","true","true","17972779","42061802","ok"
"already_present","FIN-DAI-DIN-TAB-96X42","DAISY BASE TABLE (DINING HEIGHT) 42 X 96","true","true","17972780","42061803","ok"
"already_present","FIN-DAI-DIN-TAB-96X56","DAISY BASE TABLE (DINING HEIGHT) 56 X 96","true","true","17972781","42061804","ok"
"already_present","FIN-DAI-FIR-TAB-42X42","PROPANE FIRE PIT TABLE 42"" x 42"" x 21""","true","true","17951240","42013669","ok"
"already_present","FIN-DAI-FIR-TAB-56X42","PROPANE FIRE PIT TABLE 56"" x 42"" x 21""","true","true","17951239","42013668","ok"
"already_present","FIN-DAI-FIR-TAB-84X56","DAISY BASE FIRE PIT DINING TABLE 84"" x 56"" x 30""","true","true","17951237","42013666","ok"
"already_present","FIN-DAI-FIR-TAB-96X56","DAISY BASE FIRE PIT DINING TABLE 96"" x 56"" x 30""","true","true","17951238","42013667","ok"
"already_present","FIN-DAI-TAB-108X56","DAISY BASE OVAL TABLE 108"" X 56"" X 30""","true","true","17951179","42013607","ok"
"already_present","FIN-DAI-TAB-72X42","Daisy Base Table 72 x 42 Dining Height","true","true","17606847","41365899","ok"
"already_present","FIN-ESY-CHS","ADD-ON WHEELS FOR CHAISE LOUNGERS","true","true","17951306","42013735","ok"
"already_present","FIN-FLY-BCH-42X18","FLY LEG BENCH (BAR HEIGHT) 42","true","true","17972782","42061805","ok"
"already_present","FIN-FLY-DIN-CHA-18X18","FLY LEG CHAIR (DINING HEIGHT)","true","true","17972783","42061806","ok"
"already_present","FIN-FLY-FLY-BST-18X18","FLY LEG BARSTOOL (BAR HEIGHT)","true","true","17972784","42061807","ok"
"already_present","FIN-FLY-LEG-BAR-COU-HEI","FLY LEG BARSTOOL (COUNTER HEIGHT)","true","true","17972785","42061808","ok"
"already_present","FIN-FLY-LEG-BEN-COU-HEI-42","FLY LEG BENCH (COUNTER HEIGHT) 42","true","true","17972786","42061809","ok"
"already_present","FIN-FLY-LEG-BEN-DIN-HEI-42","FLY LEG BENCH (DINING HEIGHT) 42","true","true","17972787","42061810","ok"
"already_present","FIN-FLY-TAB-38X8","FLY TABLE 8","true","true","17972788","42061811","ok"
"already_present","FIN-FLY-TAB-60X12","FLY TABLE 60","true","true","17972789","42061812","ok"
"already_present","FIN-FLY-TAB-72X12","FLY TABLE 72","true","true","17972790","42061813","ok"
"already_present","FIN-FLY-TAB-84X12","FLY TABLE 84","true","true","17972791","42061814","ok"
"already_present","FIN-FLY-TAB-96X12","FLY TABLE 96","true","true","17972792","42061815","ok"
"already_present","FIN-HAL-BAC-BAR-BAR-HEI","HALF BACK BARSTOOL (BAR HEIGHT)","true","true","17972793","42061816","ok"
"already_present","FIN-LED-CHA","LEDGE LOUNGER SIGNATURE LOWBACK CHAIR","true","true","17972794","42061817","ok"
"already_present","FIN-LED-SID-TAB","LEDGE LOUNGER AUTOGRAPH SIDE TABLE","true","true","17972795","42061818","ok"
"already_present","FIN-MIS-DIN-BCH-72X22","DINING BENCH W/NO ARMS 72 X 22","true","true","17972796","42061819","ok"
"already_present","FIN-MIS-DIN-BCH-96X22","DINING BENCH W/NO ARMS 96 X 22","true","true","17972797","42061820","ok"
"already_present","FIN-MIS-DIN-CHA-17X21","HALF BACK CHAIR (DINING HEIGHT","true","true","17972798","42061821","ok"
"already_present","FIN-MIS-FIR-TAB-42X42","PROPANE FIRE PIT TABLE 42 X 42","true","true","17972799","42061822","ok"
"already_present","FIN-MIS-FLY-BST-17X21","HALF BACK BARSTOOL (COUNTER HEIGHT)","true","true","17972800","42061823","ok"
"already_present","FIN-MIS-OTT-22X22","CUBE OTTOMAN 22"" x 22"" x 16""","true","true","17951272","42013701","ok"
"already_present","FIN-MIS-SID-TAB-13X30","U SIDE TABLE","true","true","17972801","42061824","ok"
"already_present","FIN-MIS-TAB-13X30","T TABLE","true","true","17972802","42061825","ok"
"already_present","FIN-MLN-CLB-CHA-32X36","MILAN CLUB CHAIR 32"" x 36"" x 16"" SH","true","true","17951074","42013499","ok"
"already_present","FIN-MLN-OTT-22X60","MILAN OTTOMAN 22"" x 60"" x 16""","true","true","17951075","42013500","ok"
"already_present","FIN-MLN-OTT-22X72","MILAN OTTOMAN 22"" x 72"" x 16""","true","true","17951076","42013501","ok"
"already_present","FIN-MLN-OTT-34X34","MILAN OTTOMAN 34"" x 34"" x 16""","true","true","17951158","42013583","ok"
"already_present","FIN-MLN-OTT-34X42","MILAN OTTOMAN 34"" x 42"" x 16""","true","true","17951157","42013582","ok"
"already_present","FIN-MLN-OTT-34X60","MILAN OTTOMAN 34"" x 60"" x 16""","true","true","17951077","42013502","ok"
"already_present","FIN-MLN-OTT-34X72","MILAN OTTOMAN 34"" x 72"" x 16""","true","true","17951159","42013584","ok"
"already_present","FIN-MLN-OTT-56X42","MILAN OTTOMAN 56"" x 42"" x 16""","true","true","17951078","42013503","ok"
"already_present","FIN-MLN-SOF-60X62","MILAN DOUBLE-SIDED SOFA 60"" x 62"" x 16"" SH","true","true","17951082","42013507","ok"
"already_present","FIN-MLN-SOF-62X42","MILAN T-SHAPED SOFA 62"" x 42"" x 22"" x 16"" SH","true","true","17951083","42013508","ok"
"already_present","FIN-MLN-SOF-72X36","MILAN ONE-SIDED SOFA 72"" x 36"" x 16"" SH","true","true","17951079","42013504","ok"
"already_present","FIN-MLN-SOF-84X36","MILAN ONE SIDED SOFA 84"" x 36"" x 16"" SH","true","true","17951080","42013505","ok"
"already_present","FIN-MLN-SOF-96X36","MILAN ONE-SIDED SOFA 96"" x 36"" x 16"" SH","true","true","17951081","42013506","ok"
"already_present","FIN-MLN-TAB-56X14","OCCASIONAL TABLE 56""x14""x36""","true","true","17951298","42013727","ok"
"already_present","FIN-OCC-TAB-56X14","OCCASIONAL TABLE","true","true","17972803","42061826","ok"
"already_present","FIN-OCN-CLB-CHA-34X38","OCEAN CLUB CHAIR w/METAL ARM 34"" x 38"" x 33"" BH","true","true","17951066","42013491","ok"
"already_present","FIN-OCN-COF-TAB-28X42","OCEAN COFFEE TABLE 28"" x 42"" x 17""","true","true","17951097","42013522","ok"
"already_present","FIN-OCN-COF-TAB-28X56","OCEAN COFFEE TABLE 28"" x 56"" x 17""","true","true","17951091","42013516","ok"
"already_present","FIN-OCN-COF-TAB-36X36","OCEAN COFFEE TABLE 36"" x 36"" x 17""","true","true","17951166","42013591","ok"
"already_present","FIN-OCN-COF-TAB-36X56","OCEAN COFFEE TABLE 36"" x 56"" x 17""","true","true","17951092","42013517","ok"
"already_present","FIN-OCN-COF-TAB-36X72","OCEAN COFFEE TABLE 36"" x 72"" x 17""","true","true","17951093","42013518","ok"
"already_present","FIN-OCN-COF-TAB-42X28","OCEAN COFFEE TABLE 28 X 42","true","true","10592466","23143533","ok"
"already_present","FIN-OCN-COF-TAB-42X42","OCEAN COFFEE TABLE 42"" x 42"" x 17""","true","true","17951094","42013519","ok"
"already_present","FIN-OCN-COF-TAB-42X56","OCEAN COFFEE TABLE 42"" x 56"" x 17""","true","true","17951095","42013520","ok"
"already_present","FIN-OCN-COF-TAB-42X72","OCEAN COFFEE TABLE 42"" x 72"" x 17""","true","true","17951167","42013592","ok"
"already_present","FIN-OCN-COF-TAB-56X28","OCEAN COFFEE TABLE 28 X 56","true","true","10592467","23143552","ok"
"already_present","FIN-OCN-COF-TAB-56X36","OCEAN COFFEE TABLE 36 X 56","true","true","10592469","23143573","ok"
"already_present","FIN-OCN-COF-TAB-56X42","OCEAN COFFEE TABLE 42 X 56","true","true","10592472","23143592","ok"
"already_present","FIN-OCN-COF-TAB-56X56","OCEAN COFFEE TABLE 56"" x 56"" x 17""","true","true","17951096","42013521","ok"
"already_present","FIN-OCN-COF-TAB-56X72","OCEAN COFFEE TABLE 56"" x 72"" x 17""","true","true","17951168","42013593","ok"
"already_present","FIN-OCN-COF-TAB-72X36","OCEAN COFFEE TABLE 36 X 72","true","true","10592470","23143580","ok"
"already_present","FIN-OCN-COF-TAB-72X42","OCEAN COFFEE TABLE 42 X 72","true","true","10592473","23143598","ok"
"already_present","FIN-OCN-COF-TAB-72X56","OCEAN COFFEE TABLE 56 X 72","true","true","10592475","23143610","ok"
"already_present","FIN-OCN-DOU-CHS-58X79","OCEAN DOUBLE CHAISE LOUNGE 58"" x 79"" x 14"" SH","true","true","17951073","42013498","ok"
"already_present","FIN-OCN-LOV-SOF-60X38","OCEAN LOVESEAT 60"" x 38"" x 33"" BH","true","true","17951071","42013496","ok"
"already_present","FIN-OCN-MIN-LOV","Ocean Mini Loveseat","true","true","10592455","23143087","ok"
"already_present","FIN-OCN-MIN-LOV-48X38","OCEAN MINI LOVESEAT 48"" x 38"" x 33"" BH","true","true","17951070","42013495","ok"
"already_present","FIN-OCN-MIN-LOV-60X48","OCEAN MINI LOVESEAT 48","true","true","17972804","42061827","ok"
"already_present","FIN-OCN-OTT-30X22","OCEAN OTTOMAN 30"" x 22"" x 16""","true","true","17951122","42013547","ok"
"already_present","FIN-OCN-OTT-42X22","OCEAN OTTOMAN 42"" x 22"" x 16""","true","true","17951269","42013698","ok"
"already_present","FIN-OCN-OTT-60X22","OCEAN OTTOMAN 60"" x 22"" x 16""","true","true","17951270","42013699","ok"
"already_present","FIN-OCN-OTT-72X22","OCEAN OTTOMAN 72"" x 22"" x 16""","true","true","17951271","42013700","ok"
"already_present","FIN-OCN-SGL-CHS-36X79","OCEAN SINGLE CHAISE LOUNGE 36"" x 79"" x 14"" SH","true","true","17951072","42013497","ok"
"already_present","FIN-OCN-SID-TAB-12","ANGULAR SIDE TABLE","true","true","17951169","42013594","ok"
"already_present","FIN-OCN-SID-TAB-13X30","U SIDE TABLE 13"" x 30"" x 21""","true","true","17951175","42013600","ok"
"already_present","FIN-OCN-SID-TAB-20X20","OCEAN SIDE TABLE 20"" x 20"" x 17""","true","true","17951161","42013586","ok"
"already_present","FIN-OCN-SID-TAB-32X32","TRIANGLE SIDE TABLE 32"" x 32"" x 17""","true","true","17951174","42013599","ok"
"already_present","FIN-OCN-SID-TAB-36X17","OCEAN ROUND SIDE TABLE 36"" x 17""","true","true","17951084","42013509","ok"
"already_present","FIN-OCN-SID-TAB-36X36","OCEAN ROUND SIDE TABLE 36","true","true","17426323","41068663","ok"
"already_present","FIN-OCN-SID-TAB-42","Ocean Round Side Table 42","true","true","17426347","41068763","ok"
"already_present","FIN-OCN-SOF-72X38","OCEAN SOFA 72"" x 38"" x 33"" BH","true","true","17951068","42013493","ok"
"already_present","FIN-OCN-SOF-84X38","OCEAN SOFA 84"" x 38"" x 33"" BH","true","true","17951069","42013494","ok"
"already_present","FIN-OCN-SOF-96X38","OCEAN SOFA 96"" x 38"" x 33"" BH","true","true","17904557","41892986","ok"
"already_present","FIN-OCN-SWV-CHA","Ocean Swivel Chair","true","true","17426254","41068478","ok"
"already_present","FIN-OCN-SWV-CHA-34X34","OCEAN SWIVEL CHAIR 34","true","true","17972805","42061828","ok"
"already_present","FIN-OCN-SWV-CHA-34X38","OCEAN SWIVEL CHAIR 34"" x 38"" x 33"" BH","true","true","17951067","42013492","ok"
"already_present","FIN-OCN-TAB-13X30","T TABLE 13"" x 30"" x 16""","true","true","17951099","42013524","ok"
"already_present","FIN-OCN-TAB-34X12","FLY TABLE 34"" X 12""","true","true","17951098","42013523","ok"
"already_present","FIN-OCN-TAB-72X12","FLY TABLE 72"" X 12""","true","true","17951170","42013595","ok"
"already_present","FIN-OCN-TAB-84X12","FLY TABLE 84"" X 12""","true","true","17951171","42013596","ok"
"already_present","FIN-OCN-TAB-96X12","FLY TABLE 96"" X 12""","true","true","17951173","42013598","ok"
"already_present","FIN-STA-BAR-TAB-36X36","STAR LEG TABLE (BAR HEIGHT) 36 X 36","true","true","17972806","42061829","ok"
"already_present","FIN-STA-BAR-TAB-42X42","STAR LEG TABLE (BAR HEIGHT) 42 X 42","true","true","17972807","42061830","ok"
"already_present","FIN-STA-BAR-TAB-72X36","STAR LEG TABLE (BAR HEIGHT) 36 X 72","true","true","17972808","42061831","ok"
"already_present","FIN-STA-CNT-TAB-36X36","STAR LEG TABLE (COUNTER HEIGHT) 36 X 36","true","true","17972809","42061832","ok"
"already_present","FIN-STA-CNT-TAB-42X42","STAR LEG TABLE (COUNTER HEIGHT) 42 X 42","true","true","17972810","42061833","ok"
"already_present","FIN-STA-CNT-TAB-72X36","STAR LEG TABLE (COUNTER HEIGHT) 36 X 72","true","true","17972811","42061834","ok"
"already_present","FIN-STA-DIN-TAB-36X36","STAR LEG TABLE (DINING HEIGHT) 36 X 36","true","true","17972812","42061835","ok"
"already_present","FIN-STA-DIN-TAB-42X42","STAR LEG TABLE (DINING HEIGHT) 42 X 42","true","true","17972813","42061836","ok"
"already_present","FIN-STA-DIN-TAB-72X36","STAR LEG TABLE (DINING HEIGHT) 36 X 72","true","true","17972814","42061837","ok"
"already_present","FIN-TAY-BAR-W-ARM-COU-HEI","TAYLOR BARSTOOL W/ARMS (COUNTER HEIGHT)","true","true","17972815","42061838","ok"
"already_present","FIN-TAY-BCH-24X23","TAYLOR BENCH (BAR HEIGHT) 24"" x 23"" x 42"" SH","true","true","17951249","42013678","ok"
"already_present","FIN-TAY-BCH-42X23","TAYLOR BENCH (COUNTER HEIGHT) 42"" x 23"" x 24"" SH","true","true","17951251","42013680","ok"
"already_present","FIN-TAY-BCH-72X23","TAYLOR BENCH (BAR HEIGHT) 72"" x 23"" x 30"" SH","true","true","17951250","42013679","ok"
"already_present","FIN-TAY-BEN-BAR-HEI-72","TAYLOR BENCH (BAR HEIGHT) 72","true","true","17972816","42061839","ok"
"already_present","FIN-TAY-BEN-DIN-HEI-42","TAYLOR BENCH (DINING HEIGHT) 42","true","true","17972817","42061840","ok"
"already_present","FIN-TAY-BEN-DIN-HEI-72","TAYLOR BENCH (DINING HEIGHT) 72","true","true","17972818","42061841","ok"
"already_present","FIN-TAY-BST-18X23","TAYLOR BARSTOOL (COUNTER HEIGHT)","true","true","17972819","42061842","ok"
"already_present","FIN-TAY-BST-19X23","TAYLOR BARSTOOL (BAR HEIGHT) 19"" x 23"" x 30"" SH","true","true","17951114","42013539","ok"
"already_present","FIN-TAY-BST-24X23","TAYLOR BARSTOOL w/ARMS (BAR HEIGHT) 24"" x 23"" x 30"" SH","true","true","17951116","42013541","ok"
"already_present","FIN-TAY-DIN-CHA-19X23","TAYLOR CHAIR (DINING HEIGHT)","true","true","17972820","42061843","ok"
"already_present","FIN-TAY-DIN-CHA-24X23","TAYLOR CHAIR w/ARMS (DINING HEIGHT) 24"" x 23"" x 18"" SH","true","true","17951117","42013542","ok"
"already_present","FIN-TJM-CHA","FREELO CHAIR SPLASH","true","true","17951136","42013561","ok"
"already_present","FIN-TJM-TAB","Ripple Table","true","true","17951140","42013565","ok"
"already_present","FIN-TRI-SID-TAB-32X32","TRIANGLE SIDE TABLE","true","true","17972821","42061844","ok"
"already_present","FIN-WFT-BAR-TAB-120X28","WATERFALL TABLE (BAR HEIGHT) 28 X 120","true","true","17972822","42061845","ok"
"already_present","FIN-WFT-BAR-TAB-120X36","WATERFALL TABLE (BAR HEIGHT) 36 X 120","true","true","17972823","42061846","ok"
"already_present","FIN-WFT-BAR-TAB-28X120","WATERFALL TABLE (BAR HEIGHT) 28"" x 120"" x 42""","true","true","17951219","42013648","ok"
"already_present","FIN-WFT-BAR-TAB-28X72","WATERFALL TABLE (BAR HEIGHT) 28"" x 72"" x 42""","true","true","17951220","42013649","ok"
"already_present","FIN-WFT-BAR-TAB-28X96","WATERFALL TABLE (BAR HEIGHT) 28"" x 96"" x 42""","true","true","17951221","42013650","ok"
"already_present","FIN-WFT-BAR-TAB-36X120","WATERFALL TABLE (BAR HEIGHT) 36"" x 120"" x 42""","true","true","17951222","42013651","ok"
"already_present","FIN-WFT-BAR-TAB-36X72","WATERFALL TABLE (BAR HEIGHT) 36"" x 72"" x 42""","true","true","17951223","42013652","ok"
"already_present","FIN-WFT-BAR-TAB-36X96","WATERFALL TABLE (BAR HEIGHT) 36"" x 96"" x 42""","true","true","17951224","42013653","ok"
"already_present","FIN-WFT-BAR-TAB-72X28","WATERFALL TABLE (BAR HEIGHT) 28 X 72","true","true","17972824","42061847","ok"
"already_present","FIN-WFT-BAR-TAB-72X36","WATERFALL TABLE (BAR HEIGHT) 36 X 72","true","true","17972825","42061848","ok"
"already_present","FIN-WFT-BAR-TAB-96X28","WATERFALL TABLE (BAR HEIGHT) 28 X 96","true","true","17972826","42061849","ok"
"already_present","FIN-WFT-BAR-TAB-96X36","WATERFALL TABLE (BAR HEIGHT) 36 X 96","true","true","17972827","42061850","ok"
"already_present","FIN-WFT-BCH-42X18","FLY LEG BENCH (DINING HEIGHT) 42"" x 18"" x 18"" SH","true","true","17951110","42013535","ok"
"already_present","FIN-WFT-CNT-TAB-120X28","WATERFALL TABLE (COUNTER HEIGHT) 28 X 120","true","true","17972828","42061851","ok"
"already_present","FIN-WFT-CNT-TAB-120X36","WATERFALL TABLE (COUNTER HEIGHT) 36 X 120","true","true","17972829","42061852","ok"
"already_present","FIN-WFT-CNT-TAB-28X120","WATERFALL TABLE (COUNTER HEIGHT) 28"" x 120"" x 36""","true","true","17951225","42013654","ok"
"already_present","FIN-WFT-CNT-TAB-28X72","WATERFALL TABLE (COUNTER HEIGHT) 28"" x 72"" x 36""","true","true","17951226","42013655","ok"
"already_present","FIN-WFT-CNT-TAB-28X96","WATERFALL TABLE (COUNTER HEIGHT) 28"" x 96"" x 36""","true","true","17951227","42013656","ok"
"already_present","FIN-WFT-CNT-TAB-36X120","WATERFALL TABLE (COUNTER HEIGHT) 36"" x 120"" x 36""","true","true","17951228","42013657","ok"
"already_present","FIN-WFT-CNT-TAB-36X72","WATERFALL TABLE (COUNTER HEIGHT) 36"" x 72"" x 36""","true","true","17951229","42013658","ok"
"already_present","FIN-WFT-CNT-TAB-36X96","WATERFALL TABLE (COUNTER HEIGHT) 36"" x 96"" x 36""","true","true","17951230","42013659","ok"
"already_present","FIN-WFT-CNT-TAB-72X28","WATERFALL TABLE (COUNTER HEIGHT) 28 X 72","true","true","17972830","42061853","ok"
"already_present","FIN-WFT-CNT-TAB-72X36","WATERFALL TABLE (COUNTER HEIGHT) 36 X 72","true","true","17972831","42061854","ok"
"already_present","FIN-WFT-CNT-TAB-96X28","WATERFALL TABLE (COUNTER HEIGHT) 28 X 96","true","true","17972832","42061855","ok"
"already_present","FIN-WFT-CNT-TAB-96X36","WATERFALL TABLE (COUNTER HEIGHT) 36 X 96","true","true","17972833","42061856","ok"
"already_present","FIN-WFT-DIN-BCH-72X22","DINING BENCH w/NO ARMS 72"" x 22"" x 18"" SH","true","true","17951106","42013531","ok"
"already_present","FIN-WFT-DIN-BCH-96X22","DINING BENCH w/NO ARMS 96"" x 22"" x 18"" SH","true","true","17951107","42013532","ok"
"already_present","FIN-WFT-DIN-CHA-17X21","HALF BACK CHAIR (DINING HEIGHT) 17"" x 21"" x 18"" SH","true","true","17951247","42013676","ok"
"already_present","FIN-WFT-DIN-CHA-18X18","FLY LEG CHAIR (DINING HEIGHT) 18"" x 18"" x 18"" SH","true","true","17951111","42013536","ok"
"already_present","FIN-WFT-DIN-TAB-120X28","WATERFALL TABLE (DINING HEIGHT) 28 X 120","true","true","17972834","42061857","ok"
"already_present","FIN-WFT-DIN-TAB-120X36","WATERFALL TABLE (DINING HEIGHT) 36 X 120","true","true","17972835","42061858","ok"
"already_present","FIN-WFT-DIN-TAB-28X120","WATERFALL TABLE (DINING HEIGHT) 28"" x 120"" x 30""","true","true","17951231","42013660","ok"
"already_present","FIN-WFT-DIN-TAB-28X72","WATERFALL TABLE (DINING HEIGHT) 28"" x 72"" x 30""","true","true","17951232","42013661","ok"
"already_present","FIN-WFT-DIN-TAB-28X96","WATERFALL TABLE (DINING HEIGHT) 28"" x 96"" x 30""","true","true","17951233","42013662","ok"
"already_present","FIN-WFT-DIN-TAB-36X120","WATERFALL TABLE (DINING HEIGHT) 36"" x 120"" x 30""","true","true","17951234","42013663","ok"
"already_present","FIN-WFT-DIN-TAB-36X72","WATERFALL TABLE (DINING HEIGHT) 36"" x 72"" x 30""","true","true","17951235","42013664","ok"
"already_present","FIN-WFT-DIN-TAB-36X96","WATERFALL TABLE (DINING HEIGHT) 36"" x 96"" x 30""","true","true","17951236","42013665","ok"
"already_present","FIN-WFT-DIN-TAB-72X28","Waterfall Dining Table 72x28","true","true","17967244","42047070","ok"
"already_present","FIN-WFT-DIN-TAB-72X36","WATERFALL TABLE (DINING HEIGHT) 36 X 72","true","true","17972836","42061859","ok"
"already_present","FIN-WFT-DIN-TAB-96X28","WATERFALL TABLE (DINING HEIGHT) 28 X 96","true","true","17972837","42061860","ok"
"already_present","FIN-WFT-DIN-TAB-96X36","WATERFALL TABLE (DINING HEIGHT) 36 X 96","true","true","17972838","42061861","ok"
"already_present","FIN-WFT-FIR-TAB-56X36","WATERFALL FIRE PIT TABLE 56"" x 36"" x 16""","true","true","17951241","42013670","ok"
"already_present","FIN-WFT-FIR-TAB-72X36","WATERFALL FIRE PIT TABLE 72"" x 36"" x 16""","true","true","17951242","42013671","ok"
"already_present","FIN-WFT-FLY-BST-17X21","HALF BACK BARSTOOL (BAR HEIGHT) 17"" x 21"" x 30"" SH","true","true","17951112","42013537","ok"
"already_present","FIN-WFT-FLY-BST-18X18","FLY LEG BARSTOOL (BAR HEIGHT) 18"" x 18"" x 30"" SH","true","true","17951108","42013533","ok"
"already_present","FIN-WFT-SID-TAB-13X40","WATERFALL SIDE TABLE 40X13","true","true","17972839","42061862","ok"
"already_present","FIN-WFT-SID-TAB-40X13","WATERFALL SIDE TABLE 40"" x 13"" x 12""","true","true","17951176","42013601","ok"
"would_post","SA-BRA-AL-60-FRAME","Bravada Armless Loveseat Frame","false","true","","","dry_run"
"already_present","SA-BRA-AS-72-FRAME","Bravada Armless Sofa 72 Frame","false","true","17972841","42061864","ok"
"already_present","SA-BRA-AS-84-FRAME","Bravada Armless Sofa 84 Frame","false","true","17972842","42061865","ok"
"already_present","SA-BRA-AS-96-FRAME","Bravada Armless Sofa 96 Frame","false","true","17972843","42061866","ok"
"already_present","SA-BRA-C-34X72-LS-FRAME","Bravada Chaise 34 X 72 Frame","false","true","17972844","42061867","ok"
"already_present","SA-BRA-C-34X72-RS-FRAME","Bravada Chaise 34 X 72 Frame","false","true","17972844","42061868","ok"
"already_present","SA-BRA-C-34X84-LS-FRAME","Bravada Chaise 34 X 84 Frame","false","true","17972845","42061869","ok"
"already_present","SA-BRA-C-34X84-RS-FRAME","Bravada Chaise 34 X 84 Frame","false","true","17972845","42061870","ok"
"already_present","SA-BRA-C-42X72-LS-FRAME","Bravada Chaise 42X72 Frame","false","true","17972846","42061871","ok"
"already_present","SA-BRA-C-42X72-RS-FRAME","Bravada Chaise 42X72 Frame","false","true","17972846","42061872","ok"
"already_present","SA-BRA-C-42X84-LS-FRAME","Bravada Chaise 42 X 84 Frame","false","true","17972847","42061873","ok"
"already_present","SA-BRA-C-42X84-RS-FRAME","Bravada Chaise 42 X 84 Frame","false","true","17972847","42061874","ok"
"already_present","SA-BRA-CADA-78X78-FRAME","Bravada Cabana Daybed 78 Frame","false","true","17972848","42061875","ok"
"already_present","SA-BRA-CADA-84X78-FRAME","Bravada Cabana Daybed 84 Frame","false","true","17972849","42061876","ok"
"already_present","SA-BRA-CS-72-LS-FRAME","Bravada Corner Sofa 72 Frame","false","true","17972850","42061877","ok"
"already_present","SA-BRA-CS-72-RS-FRAME","Bravada Corner Sofa 72 Frame","false","true","17972850","42061878","ok"
"already_present","SA-BRA-CS-84-LS-FRAME","Bravada Corner Sofa 84 Frame","false","true","17972851","42061879","ok"
"already_present","SA-BRA-CS-84-RS-FRAME","Bravada Corner Sofa 84 Frame","false","true","17972851","42061880","ok"
"already_present","SA-BRA-CS-96-LS-FRAME","Bravada Corner Sofa 96 Frame","false","true","17972852","42061881","ok"
"already_present","SA-BRA-CS-96-RS-FRAME","Bravada Corner Sofa 96 Frame","false","true","17972852","42061882","ok"
"would_post","SA-BRA-CT-36X36-FRAME","Bravada Coffee Table 36 x 36 Frame","false","true","","","dry_run"
"already_present","SA-BRA-CT-42X28-FRAME","Bravada Coffee Table 42 x 28 Frame","false","true","17972854","42061884","ok"
"would_post","SA-BRA-CT-42X42-FRAME","Bravada Coffee Table 42 x 42 Frame","false","true","","","dry_run"
"already_present","SA-BRA-CT-56X28-FRAME","Bravada Coffee Table 56 x 28 Frame","false","true","17972856","42061886","ok"
"already_present","SA-BRA-CT-56X36-FRAME","Bravada Coffee Table 56 x 36 Frame","false","true","17972857","42061887","ok"
"already_present","SA-BRA-CT-56X42-FRAME","Bravada Coffee table 56 x 42 Frame","false","true","17972858","42061888","ok"
"would_post","SA-BRA-CT-56X56-FRAME","Bravada Coffee Table 56 x 56 Frame","false","true","","","dry_run"
"already_present","SA-BRA-CT-72X36-FRAME","Bravada Coffee Table 72 x 36 Frame","false","true","17972860","42061890","ok"
"already_present","SA-BRA-CT-72X42-FRAME","Bravada Coffee Table 72 x 42 Frame","false","true","17972861","42061891","ok"
"already_present","SA-BRA-CT-72X56-FRAME","Bravada Coffee Table 72 x 56 Frame","false","true","17972862","42061892","ok"
"would_post","SA-BRA-D-7272-FRAME","Bravada Daybed 72 Frame","false","true","","","dry_run"
"already_present","SA-BRA-D-7872-FRAME","Bravada Daybed 78 Frame","false","true","17972864","42061894","ok"
"would_post","SA-BRA-L-FRAME","Bravada Loveseat Frame","false","true","","","dry_run"
"would_post","SA-BRA-ML-FRAME","Bravada Mini Loveseat Frame","false","true","","","dry_run"
"already_present","SA-BRA-ODT-30X22-FRAME","Bravada Ottoman 30X22 Frame","false","true","17972867","42061897","ok"
"already_present","SA-BRA-ODT-34X34-FRAME","Bravada Ottoman 34X34 Frame","false","true","17972868","42061898","ok"
"already_present","SA-BRA-ODT-42X22-FRAME","Bravada Ottoman 42X22 Frame","false","true","17972869","42061899","ok"
"already_present","SA-BRA-ODT-42X34-FRAME","Bravada Ottoman 42X34 Frame","false","true","17972870","42061900","ok"
"already_present","SA-BRA-ODT-60X22-FRAME","Bravada Ottoman 60X22 Frame","false","true","17972871","42061901","ok"
"already_present","SA-BRA-ODT-72X22-FRAME","Bravada Ottoman 72X22 Frame","false","true","17972872","42061902","ok"
"would_post","SA-BRA-S-72-FRAME","Bravada Sofa 72 Frame","false","true","","","dry_run"
"would_post","SA-BRA-S-84-FRAME","Bravada Sofa 84 Frame","false","true","","","dry_run"
"would_post","SA-BRA-S-96-FRAME","Bravada Sofa 96 Frame","false","true","","","dry_run"
"would_post","SA-BRA-ST-20X20-FRAME","Bravada Side Table 20 x 20 Frame","false","true","","","dry_run"
"would_post","SA-BRV-ARM","Bravada Arm Assembly (shared, not handed)","false","true","","","dry_run"
"would_post","SA-BRV-CLB-CHA-34X34-BACK","Bravada Club Chair Back","false","true","","","dry_run"
"would_post","SA-BRV-CLB-CHA-34X34-CUSH","BRAVADA CLUB CHAIR 34"" x 34"" x 31"" BH CUSH","false","true","","","dry_run"
"would_post","SA-BRV-CLB-CHA-34X34-SEAT","Bravada Club Chair Seat Frame","false","true","","","dry_run"
"would_post","SA-OCE-CC-CUSH","Ocean Club Chair Cushion","false","true","","","dry_run"
"would_post","SA-OCE-CC-FRAME","Ocean Club Chair Frame","false","true","","","dry_run"
"would_post","SA-OCE-CT-36X36-FRAME","Ocean Coffee Table 36 x 36 Frame","false","true","","","dry_run"
"already_present","SA-OCE-CT-42X28-FRAME","Ocean Coffee Table 42 x 28 Frame","false","true","17973123","42062153","ok"
"would_post","SA-OCE-CT-42X42-FRAME","Ocean Coffee Table 42 x 42 Frame","false","true","","","dry_run"
"already_present","SA-OCE-CT-56X28-FRAME","Ocean Coffee Table 56 x 28 Frame","false","true","17973125","42062155","ok"
"already_present","SA-OCE-CT-56X36-FRAME","Ocean Coffee Table 56 x 36 Frame","false","true","17973126","42062156","ok"
"already_present","SA-OCE-CT-56X42-FRAME","Ocean Coffee Table 56 x 42 Frame","false","true","17973127","42062157","ok"
"would_post","SA-OCE-CT-56X56-FRAME","Ocean Coffee Table 56 x 56 Frame","false","true","","","dry_run"
"already_present","SA-OCE-CT-72X36-FRAME","Ocean Coffee Table 72 x 36 Frame","false","true","17973129","42062159","ok"
"already_present","SA-OCE-CT-72X42-FRAME","Ocean Coffee Table 72 x 42 Frame","false","true","17973130","42062160","ok"
"already_present","SA-OCE-CT-72X56-FRAME","Ocean Coffee Table 72 x 56 Frame","false","true","17973131","42062161","ok"
"would_post","SA-OCE-DCL-CUSH","Ocean Double Chaise Lounge Cushion","false","true","","","dry_run"
"would_post","SA-OCE-DCL-FRAME","Ocean Double Chaise Lounge Frame","false","true","","","dry_run"
"would_post","SA-OCE-L-CUSH","Ocean Loveseat Cushion","false","true","","","dry_run"
"would_post","SA-OCE-L-FRAME","Ocean Loveseat Frame","false","true","","","dry_run"
"would_post","SA-OCE-ML-CUSH","Ocean Mini Loveseat Cushion","false","true","","","dry_run"
"already_present","SA-OCE-ML-FRAME","Ocean Mini Loveseat Frame","false","true","17973137","42062167","ok"
"would_post","SA-OCE-O-30X22-CUSH","Ocean Ottoman 30 x 22 Cushion","false","true","","","dry_run"
"would_post","SA-OCE-O-30X22-FRAME","Ocean Ottoman 30 x 22 Frame","false","true","","","dry_run"
"would_post","SA-OCE-O-42X22-CUSH","Ocean Ottoman 42 x 22 Cushion","false","true","","","dry_run"
"would_post","SA-OCE-O-42X22-FRAME","Ocean Ottoman 42 x 22 Frame","false","true","","","dry_run"
"would_post","SA-OCE-O-60X22-CUSH","Ocean Ottoman 60 x 22 Cushion","false","true","","","dry_run"
"would_post","SA-OCE-O-60X22-FRAME","Ocean Ottoman 60 x 22 Frame","false","true","","","dry_run"
"would_post","SA-OCE-O-72X22-CUSH","Ocean Ottoman 72 x 22 Cushion","false","true","","","dry_run"
"would_post","SA-OCE-O-72X22-FRAME","Ocean Ottoman 72 x 22 Frame","false","true","","","dry_run"
"would_post","SA-OCE-S-72-CUSH","Ocean Sofa 72 Cushion","false","true","","","dry_run"
"would_post","SA-OCE-S-72-FRAME","Ocean Sofa 72 Frame","false","true","","","dry_run"
"would_post","SA-OCE-S-84-CUSH","Ocean Sofa 84 Cushion","false","true","","","dry_run"
"would_post","SA-OCE-S-84-FRAME","Ocean Sofa 84 Frame","false","true","","","dry_run"
"already_present","SA-OCE-S-96-CUSH","Ocean Sofa 96 Cushion","false","true","17904552","41892979","ok"
"already_present","SA-OCE-S-96-FRAME","Ocean Sofa 96 Frame","false","true","17904556","41892985","ok"
"would_post","SA-OCE-SCL-CUSH","Ocean Single Chaise Lounge Cushion","false","true","","","dry_run"
"would_post","SA-OCE-SCL-FRAME","Ocean Single Chaise Lounge Frame","false","true","","","dry_run"
"already_present","SA-WFT-DIN-TAB-72X28-BASE","Waterfall Dining Table Base Frame","false","true","17967246","42047072","ok"
