action,reason,material_id,variant_id,sku,name,barcode,product_twin_variant_id,bom_row_count,status
"would_delete","blank_twin_of_reminted_rm","17465339","41147427","","2x2 Metal Cap","","","0","ok"
"would_delete","blank_unused_metal_ring","17595618","41341491","","Metal ring","","","0","ok"
"would_delete","weldment_with_product_twin","17973345","42062390","SA-BRA-C-34X72-RS-FRAME","Bravada Chaise 34 X 72 Frame","","42061868","0","ok"
"would_delete","weldment_with_product_twin","17973347","42062392","SA-BRA-C-34X84-RS-FRAME","Bravada Chaise 34 X 84 Frame","","42061870","0","ok"
"would_delete","weldment_with_product_twin","17973349","42062394","SA-BRA-C-42X72-RS-FRAME","Bravada Chaise 42X72 Frame","","42061872","0","ok"
"would_delete","weldment_with_product_twin","17973351","42062396","SA-BRA-C-42X84-RS-FRAME","Bravada Chaise 42 X 84 Frame","","42061874","0","ok"
"would_delete","weldment_with_product_twin","17973369","42062414","SA-BRA-CS-72-RS-FRAME","Bravada Corner Sofa 72 Frame","","42061878","0","ok"
"would_delete","weldment_with_product_twin","17973371","42062416","SA-BRA-CS-84-RS-FRAME","Bravada Corner Sofa 84 Frame","","42061880","0","ok"
"would_delete","weldment_with_product_twin","17973373","42062418","SA-BRA-CS-96-RS-FRAME","Bravada Corner Sofa 96 Frame","","42061882","0","ok"
"would_delete","weldment_with_product_twin","17973574","42062627","SA-OCE-ML-FRAME","Ocean Mini Loveseat Frame","","42062167","0","ok"
"skip","weldment_no_product_twin","17973695","42062749","SA-WFT-SID-TAB-40X13-FRAME","WATERFALL SIDE TABLE 40"" x 13"" x 12"" FRAME","","","0","skipped"
"skip","weldment_no_product_twin","17973694","42062748","SA-WFT-SID-TAB-13X40-FRAME","WATERFALL SIDE TABLE 40X13 FRAME","","","0","skipped"
"skip","weldment_no_product_twin","17973693","42062747","SA-WFT-FLY-BST-18X18-FRAME","FLY LEG BARSTOOL (BAR HEIGHT) 18"" x 18"" x 30"" SH FRAME","","","0","skipped"
"skip","weldment_no_product_twin","17973692","42062746","SA-WFT-FLY-BST-18X18-CUSH","FLY LEG BARSTOOL (BAR HEIGHT) 18"" x 18"" x 30"" SH CUSH","","","0","skipped"
"skip","weldment_no_product_twin","17973691","42062745","SA-WFT-FLY-BST-17X21-FRAME","HALF BACK BARSTOOL (BAR HEIGHT) 17"" x 21"" x 30"" SH FRAME","","","0","skipped"
"skip","weldment_no_product_twin","17973690","42062744","SA-WFT-FLY-BST-17X21-CUSH","HALF BACK BARSTOOL (BAR HEIGHT) 17"" x 21"" x 30"" SH CUSH","","","0","skipped"
"skip","weldment_no_product_twin","17973689","42062743","SA-WFT-FIR-TAB-72X36-FRAME","WATERFALL FIRE PIT TABLE 72"" x 36"" x 16"" FRAME","","","0","skipped"
"skip","weldment_no_product_twin","17973688","42062742","SA-WFT-FIR-TAB-56X36-FRAME","WATERFALL FIRE PIT TABLE 56"" x 36"" x 16"" FRAME","","","0","skipped"
"skip","weldment_no_product_twin","17973687","42062741","SA-WFT-DIN-TAB-96X36-FRAME","WATERFALL TABLE (DINING HEIGHT) 36 X 96 FRAME","","","0","skipped"
"skip","weldment_no_product_twin","17973686","42062740","SA-WFT-DIN-TAB-96X28-FRAME","WATERFALL TABLE (DINING HEIGHT) 28 X 96 FRAME","","","0","skipped"
"skip","weldment_no_product_twin","17973685","42062739","SA-WFT-DIN-TAB-72X36-FRAME","WATERFALL TABLE (DINING HEIGHT) 36 X 72 FRAME","","","0","skipped"
"skip","weldment_no_product_twin","17973684","42062738","SA-WFT-DIN-TAB-36X96-FRAME","WATERFALL TABLE (DINING HEIGHT) 36"" x 96"" x 30"" FRAME","","","0","skipped"
"skip","weldment_no_product_twin","17973683","42062737","SA-WFT-DIN-TAB-36X72-FRAME","WATERFALL TABLE (DINING HEIGHT) 36"" x 72"" x 30"" FRAME","","","0","skipped"
"skip","weldment_no_product_twin","17973682","42062736","SA-WFT-DIN-TAB-36X120-FRAME","WATERFALL TABLE (DINING HEIGHT) 36"" x 120"" x 30"" FRAME","","","0","skipped"
"skip","weldment_no_product_twin","17973681","42062735","SA-WFT-DIN-TAB-28X96-FRAME","WATERFALL TABLE (DINING HEIGHT) 28"" x 96"" x 30"" FRAME","","","0","skipped"
"skip","weldment_no_product_twin","17973680","42062734","SA-WFT-DIN-TAB-28X72-FRAME","WATERFALL TABLE (DINING HEIGHT) 28"" x 72"" x 30"" FRAME","","","0","skipped"
"skip","weldment_no_product_twin","17973679","42062733","SA-WFT-DIN-TAB-28X120-FRAME","WATERFALL TABLE (DINING HEIGHT) 28"" x 120"" x 30"" FRAME","","","0","skipped"
"skip","weldment_no_product_twin","17973678","42062732","SA-WFT-DIN-TAB-120X36-FRAME","WATERFALL TABLE (DINING HEIGHT) 36 X 120 FRAME","","","0","skipped"
"skip","weldment_no_product_twin","17973677","42062731","SA-WFT-DIN-TAB-120X28-FRAME","WATERFALL TABLE (DINING HEIGHT) 28 X 120 FRAME","","","0","skipped"
"skip","weldment_no_product_twin","17973676","42062730","SA-WFT-DIN-CHA-18X18-FRAME","FLY LEG CHAIR (DINING HEIGHT) 18"" x 18"" x 18"" SH FRAME","","","0","skipped"
"skip","weldment_no_product_twin","17973675","42062729","SA-WFT-DIN-CHA-18X18-CUSH","FLY LEG CHAIR (DINING HEIGHT) 18"" x 18"" x 18"" SH CUSH","","","0","skipped"
"skip","weldment_no_product_twin","17973674","42062728","SA-WFT-DIN-CHA-17X21-FRAME","HALF BACK CHAIR (DINING HEIGHT) 17"" x 21"" x 18"" SH FRAME","","","0","skipped"
"skip","weldment_no_product_twin","17973673","42062727","SA-WFT-DIN-CHA-17X21-CUSH","HALF BACK CHAIR (DINING HEIGHT) 17"" x 21"" x 18"" SH CUSH","","","0","skipped"
"skip","weldment_no_product_twin","17973672","42062726","SA-WFT-DIN-BCH-96X22-FRAME","DINING BENCH w/NO ARMS 96"" x 22"" x 18"" SH FRAME","","","0","skipped"
"skip","weldment_no_product_twin","17973671","42062725","SA-WFT-DIN-BCH-96X22-CUSH","DINING BENCH w/NO ARMS 96"" x 22"" x 18"" SH CUSH","","","0","skipped"
"skip","weldment_no_product_twin","17973670","42062724","SA-WFT-DIN-BCH-72X22-FRAME","DINING BENCH w/NO ARMS 72"" x 22"" x 18"" SH FRAME","","","0","skipped"
"skip","weldment_no_product_twin","17973669","42062723","SA-WFT-DIN-BCH-72X22-CUSH","DINING BENCH w/NO ARMS 72"" x 22"" x 18"" SH CUSH","","","0","skipped"
"skip","weldment_no_product_twin","17973668","42062722","SA-WFT-CNT-TAB-96X36-FRAME","WATERFALL TABLE (COUNTER HEIGHT) 36 X 96 FRAME","","","0","skipped"
"skip","weldment_no_product_twin","17973667","42062721","SA-WFT-CNT-TAB-96X28-FRAME","WATERFALL TABLE (COUNTER HEIGHT) 28 X 96 FRAME","","","0","skipped"
"skip","weldment_no_product_twin","17973666","42062720","SA-WFT-CNT-TAB-72X36-FRAME","WATERFALL TABLE (COUNTER HEIGHT) 36 X 72 FRAME","","","0","skipped"
"skip","weldment_no_product_twin","17973665","42062719","SA-WFT-CNT-TAB-72X28-FRAME","WATERFALL TABLE (COUNTER HEIGHT) 28 X 72 FRAME","","","0","skipped"
"skip","weldment_no_product_twin","17973664","42062718","SA-WFT-CNT-TAB-36X96-FRAME","WATERFALL TABLE (COUNTER HEIGHT) 36"" x 96"" x 36"" FRAME","","","0","skipped"
"skip","weldment_no_product_twin","17973663","42062717","SA-WFT-CNT-TAB-36X72-FRAME","WATERFALL TABLE (COUNTER HEIGHT) 36"" x 72"" x 36"" FRAME","","","0","skipped"
"skip","weldment_no_product_twin","17973662","42062716","SA-WFT-CNT-TAB-36X120-FRAME","WATERFALL TABLE (COUNTER HEIGHT) 36"" x 120"" x 36"" FRAME","","","0","skipped"
"skip","weldment_no_product_twin","17973661","42062715","SA-WFT-CNT-TAB-28X96-FRAME","WATERFALL TABLE (COUNTER HEIGHT) 28"" x 96"" x 36"" FRAME","","","0","skipped"
"skip","weldment_no_product_twin","17973660","42062714","SA-WFT-CNT-TAB-28X72-FRAME","WATERFALL TABLE (COUNTER HEIGHT) 28"" x 72"" x 36"" FRAME","","","0","skipped"
"skip","weldment_no_product_twin","17973659","42062713","SA-WFT-CNT-TAB-28X120-FRAME","WATERFALL TABLE (COUNTER HEIGHT) 28"" x 120"" x 36"" FRAME","","","0","skipped"
"skip","weldment_no_product_twin","17973658","42062712","SA-WFT-CNT-TAB-120X36-FRAME","WATERFALL TABLE (COUNTER HEIGHT) 36 X 120 FRAME","","","0","skipped"
"skip","weldment_no_product_twin","17973657","42062711","SA-WFT-CNT-TAB-120X28-FRAME","WATERFALL TABLE (COUNTER HEIGHT) 28 X 120 FRAME","","","0","skipped"
"skip","weldment_no_product_twin","17973656","42062710","SA-WFT-BCH-42X18-FRAME","FLY LEG BENCH (DINING HEIGHT) 42"" x 18"" x 18"" SH FRAME","","","0","skipped"
"skip","weldment_no_product_twin","17973655","42062709","SA-WFT-BCH-42X18-CUSH","FLY LEG BENCH (DINING HEIGHT) 42"" x 18"" x 18"" SH CUSH","","","0","skipped"
"skip","weldment_no_product_twin","17973654","42062708","SA-WFT-BAR-TAB-96X36-FRAME","WATERFALL TABLE (BAR HEIGHT) 36 X 96 FRAME","","","0","skipped"
"skip","weldment_no_product_twin","17973653","42062707","SA-WFT-BAR-TAB-96X28-FRAME","WATERFALL TABLE (BAR HEIGHT) 28 X 96 FRAME","","","0","skipped"
"skip","weldment_no_product_twin","17973652","42062706","SA-WFT-BAR-TAB-72X36-FRAME","WATERFALL TABLE (BAR HEIGHT) 36 X 72 FRAME","","","0","skipped"
"skip","weldment_no_product_twin","17973651","42062705","SA-WFT-BAR-TAB-72X28-FRAME","WATERFALL TABLE (BAR HEIGHT) 28 X 72 FRAME","","","0","skipped"
"skip","weldment_no_product_twin","17973650","42062704","SA-WFT-BAR-TAB-36X96-FRAME","WATERFALL TABLE (BAR HEIGHT) 36"" x 96"" x 42"" FRAME","","","0","skipped"
"skip","weldment_no_product_twin","17973649","42062703","SA-WFT-BAR-TAB-36X72-FRAME","WATERFALL TABLE (BAR HEIGHT) 36"" x 72"" x 42"" FRAME","","","0","skipped"
"skip","weldment_no_product_twin","17973648","42062702","SA-WFT-BAR-TAB-36X120-FRAME","WATERFALL TABLE (BAR HEIGHT) 36"" x 120"" x 42"" FRAME","","","0","skipped"
"skip","weldment_no_product_twin","17973647","42062701","SA-WFT-BAR-TAB-28X96-FRAME","WATERFALL TABLE (BAR HEIGHT) 28"" x 96"" x 42"" FRAME","","","0","skipped"
"skip","weldment_no_product_twin","17973646","42062700","SA-WFT-BAR-TAB-28X72-FRAME","WATERFALL TABLE (BAR HEIGHT) 28"" x 72"" x 42"" FRAME","","","0","skipped"
"skip","weldment_no_product_twin","17973645","42062699","SA-WFT-BAR-TAB-28X120-FRAME","WATERFALL TABLE (BAR HEIGHT) 28"" x 120"" x 42"" FRAME","","","0","skipped"
"skip","weldment_no_product_twin","17973644","42062698","SA-WFT-BAR-TAB-120X36-FRAME","WATERFALL TABLE (BAR HEIGHT) 36 X 120 FRAME","","","0","skipped"
"skip","weldment_no_product_twin","17973643","42062697","SA-WFT-BAR-TAB-120X28-FRAME","WATERFALL TABLE (BAR HEIGHT) 28 X 120 FRAME","","","0","skipped"
"skip","weldment_no_product_twin","17973642","42062696","SA-TRI-SID-TAB-32X32-FRAME","TRIANGLE SIDE TABLE FRAME","","","0","skipped"
"skip","weldment_no_product_twin","17973641","42062695","SA-TJM-TAB-FRAME","Ripple Table FRAME","","","0","skipped"
"skip","weldment_no_product_twin","17973640","42062694","SA-TJM-CHA-FRAME","FREELO CHAIR SPLASH FRAME","","","0","skipped"
"skip","weldment_no_product_twin","17973639","42062693","SA-TJM-CHA-CUSH","FREELO CHAIR SPLASH CUSH","","","0","skipped"
"skip","weldment_no_product_twin","17973638","42062692","SA-TAY-DIN-CHA-24X23-FRAME","TAYLOR CHAIR w/ARMS (DINING HEIGHT) 24"" x 23"" x 18"" SH FRAME","","","0","skipped"
"skip","weldment_no_product_twin","17973637","42062691","SA-TAY-DIN-CHA-24X23-CUSH","TAYLOR CHAIR w/ARMS (DINING HEIGHT) 24"" x 23"" x 18"" SH CUSH","","","0","skipped"
"skip","weldment_no_product_twin","17973636","42062690","SA-TAY-DIN-CHA-19X23-FRAME","TAYLOR CHAIR (DINING HEIGHT) FRAME","","","0","skipped"
"skip","weldment_no_product_twin","17973635","42062689","SA-TAY-DIN-CHA-19X23-CUSH","TAYLOR CHAIR (DINING HEIGHT) CUSH","","","0","skipped"
"skip","weldment_no_product_twin","17973634","42062688","SA-TAY-BST-24X23-FRAME","TAYLOR BARSTOOL w/ARMS (BAR HEIGHT) 24"" x 23"" x 30"" SH FRAME","","","0","skipped"
"skip","weldment_no_product_twin","17973633","42062687","SA-TAY-BST-24X23-CUSH","TAYLOR BARSTOOL w/ARMS (BAR HEIGHT) 24"" x 23"" x 30"" SH CUSH","","","0","skipped"
"skip","weldment_no_product_twin","17973632","42062686","SA-TAY-BST-19X23-FRAME","TAYLOR BARSTOOL (BAR HEIGHT) 19"" x 23"" x 30"" SH FRAME","","","0","skipped"
"skip","weldment_no_product_twin","17973631","42062685","SA-TAY-BST-19X23-CUSH","TAYLOR BARSTOOL (BAR HEIGHT) 19"" x 23"" x 30"" SH CUSH","","","0","skipped"
"skip","weldment_no_product_twin","17973630","42062684","SA-TAY-BST-18X23-FRAME","TAYLOR BARSTOOL (COUNTER HEIGHT) FRAME","","","0","skipped"
"skip","weldment_no_product_twin","17973629","42062683","SA-TAY-BST-18X23-CUSH","TAYLOR BARSTOOL (COUNTER HEIGHT) CUSH","","","0","skipped"
"skip","weldment_no_product_twin","17973628","42062682","SA-TAY-BEN-DIN-HEI-72-FRAME","TAYLOR BENCH (DINING HEIGHT) 72 FRAME","","","0","skipped"
"skip","weldment_no_product_twin","17973627","42062681","SA-TAY-BEN-DIN-HEI-72-CUSH","TAYLOR BENCH (DINING HEIGHT) 72 CUSH","","","0","skipped"
"skip","weldment_no_product_twin","17973626","42062680","SA-TAY-BEN-DIN-HEI-42-FRAME","TAYLOR BENCH (DINING HEIGHT) 42 FRAME","","","0","skipped"
"skip","weldment_no_product_twin","17973625","42062679","SA-TAY-BEN-DIN-HEI-42-CUSH","TAYLOR BENCH (DINING HEIGHT) 42 CUSH","","","0","skipped"
"skip","weldment_no_product_twin","17973624","42062678","SA-TAY-BEN-BAR-HEI-72-FRAME","TAYLOR BENCH (BAR HEIGHT) 72 FRAME","","","0","skipped"
"skip","weldment_no_product_twin","17973623","42062677","SA-TAY-BEN-BAR-HEI-72-CUSH","TAYLOR BENCH (BAR HEIGHT) 72 CUSH","","","0","skipped"
"skip","weldment_no_product_twin","17973622","42062676","SA-TAY-BCH-72X23-FRAME","TAYLOR BENCH (BAR HEIGHT) 72"" x 23"" x 30"" SH FRAME","","","0","skipped"
"skip","weldment_no_product_twin","17973621","42062675","SA-TAY-BCH-72X23-CUSH","TAYLOR BENCH (BAR HEIGHT) 72"" x 23"" x 30"" SH CUSH","","","0","skipped"
"skip","weldment_no_product_twin","17973620","42062674","SA-TAY-BCH-42X23-FRAME","TAYLOR BENCH (COUNTER HEIGHT) 42"" x 23"" x 24"" SH FRAME","","","0","skipped"
"skip","weldment_no_product_twin","17973619","42062673","SA-TAY-BCH-42X23-CUSH","TAYLOR BENCH (COUNTER HEIGHT) 42"" x 23"" x 24"" SH CUSH","","","0","skipped"
"skip","weldment_no_product_twin","17973618","42062672","SA-TAY-BCH-24X23-FRAME","TAYLOR BENCH (BAR HEIGHT) 24"" x 23"" x 42"" SH FRAME","","","0","skipped"
"skip","weldment_no_product_twin","17973617","42062671","SA-TAY-BCH-24X23-CUSH","TAYLOR BENCH (BAR HEIGHT) 24"" x 23"" x 42"" SH CUSH","","","0","skipped"
"skip","weldment_no_product_twin","17973616","42062670","SA-TAY-BAR-W-ARM-COU-HEI-FRAME","TAYLOR BARSTOOL W/ARMS (COUNTER HEIGHT) FRAME","","","0","skipped"
"skip","weldment_no_product_twin","17973615","42062669","SA-TAY-BAR-W-ARM-COU-HEI-CUSH","TAYLOR BARSTOOL W/ARMS (COUNTER HEIGHT) CUSH","","","0","skipped"
"skip","weldment_no_product_twin","17973614","42062668","SA-STA-DIN-TAB-72X36-FRAME","STAR LEG TABLE (DINING HEIGHT) 36 X 72 FRAME","","","0","skipped"
"skip","weldment_no_product_twin","17973613","42062667","SA-STA-DIN-TAB-42X42-FRAME","STAR LEG TABLE (DINING HEIGHT) 42 X 42 FRAME","","","0","skipped"
"skip","weldment_no_product_twin","17973612","42062666","SA-STA-DIN-TAB-36X36-FRAME","STAR LEG TABLE (DINING HEIGHT) 36 X 36 FRAME","","","0","skipped"
"skip","weldment_no_product_twin","17973611","42062665","SA-STA-CNT-TAB-72X36-FRAME","STAR LEG TABLE (COUNTER HEIGHT) 36 X 72 FRAME","","","0","skipped"
"skip","weldment_no_product_twin","17973610","42062664","SA-STA-CNT-TAB-42X42-FRAME","STAR LEG TABLE (COUNTER HEIGHT) 42 X 42 FRAME","","","0","skipped"
"skip","weldment_no_product_twin","17973609","42062663","SA-STA-CNT-TAB-36X36-FRAME","STAR LEG TABLE (COUNTER HEIGHT) 36 X 36 FRAME","","","0","skipped"
"skip","weldment_no_product_twin","17973608","42062662","SA-STA-BAR-TAB-72X36-FRAME","STAR LEG TABLE (BAR HEIGHT) 36 X 72 FRAME","","","0","skipped"
"skip","weldment_no_product_twin","17973607","42062661","SA-STA-BAR-TAB-42X42-FRAME","STAR LEG TABLE (BAR HEIGHT) 42 X 42 FRAME","","","0","skipped"
"skip","weldment_no_product_twin","17973606","42062660","SA-STA-BAR-TAB-36X36-FRAME","STAR LEG TABLE (BAR HEIGHT) 36 X 36 FRAME","","","0","skipped"
"skip","weldment_no_product_twin","17973605","42062659","SA-OCN-TAB-96X12-FRAME","FLY TABLE 96"" X 12"" FRAME","","","0","skipped"
"skip","weldment_no_product_twin","17973604","42062658","SA-OCN-TAB-84X12-FRAME","FLY TABLE 84"" X 12"" FRAME","","","0","skipped"
"skip","weldment_no_product_twin","17973603","42062657","SA-OCN-TAB-72X12-FRAME","FLY TABLE 72"" X 12"" FRAME","","","0","skipped"
"skip","weldment_no_product_twin","17973602","42062656","SA-OCN-TAB-34X12-FRAME","FLY TABLE 34"" X 12"" FRAME","","","0","skipped"
"skip","weldment_no_product_twin","17973601","42062655","SA-OCN-TAB-13X30-FRAME","T TABLE 13"" x 30"" x 16"" FRAME","","","0","skipped"
"skip","weldment_no_product_twin","17973600","42062654","SA-OCN-SWV-CHA-34X38-FRAME","OCEAN SWIVEL CHAIR 34"" x 38"" x 33"" BH FRAME","","","0","skipped"
"skip","weldment_no_product_twin","17973599","42062653","SA-OCN-SWV-CHA-34X38-CUSH","OCEAN SWIVEL CHAIR 34"" x 38"" x 33"" BH CUSH","","","0","skipped"
"skip","weldment_no_product_twin","17973598","42062652","SA-OCE-SC-CUSH","Ocean Swivel Chair Cushion","","","0","skipped"
"skip","weldment_no_product_twin","17973597","42062650","SA-OCN-SWV-CHA-FRAME","Ocean Swivel Chair FRAME","","","0","skipped"
"skip","weldment_no_product_twin","17973597","42062651","SA-OCE-SC-FRAME","Ocean Swivel Chair FRAME","","","0","skipped"
"skip","weldment_no_product_twin","17973596","42062649","SA-OCN-SWV-CHA-CUSH","Ocean Swivel Chair CUSH","","","0","skipped"
"skip","weldment_no_product_twin","17973595","42062648","SA-OCE-S-84-FRAME","Ocean Sofa 84 Frame","","","0","skipped"
"skip","weldment_no_product_twin","17973594","42062647","SA-OCE-S-84-CUSH","Ocean Sofa 84 Cushion","","","0","skipped"
"skip","weldment_no_product_twin","17973593","42062646","SA-OCE-S-72-FRAME","Ocean Sofa 72 Frame","","","0","skipped"
"skip","weldment_no_product_twin","17973592","42062645","SA-OCE-S-72-CUSH","Ocean Sofa 72 Cushion","","","0","skipped"
"skip","weldment_no_product_twin","17973591","42062644","SA-OCE-RST-42-FRAME","Ocean Round Side Table 42 Frame","","","0","skipped"
"skip","weldment_no_product_twin","17973590","42062643","SA-OCE-RST-36-FRAME","Ocean Round Side table 36 Frame","","","0","skipped"
"skip","weldment_no_product_twin","17973589","42062642","SA-OCN-SID-TAB-36X17-FRAME","OCEAN ROUND SIDE TABLE 36"" x 17"" FRAME","","","0","skipped"
"skip","weldment_no_product_twin","17973588","42062641","SA-OCN-SID-TAB-32X32-FRAME","TRIANGLE SIDE TABLE 32"" x 32"" x 17"" FRAME","","","0","skipped"
"skip","weldment_no_product_twin","17973587","42062640","SA-OCE-ST-20X20-FRAME","Ocean Side Table 20 x 20 Frame","","","0","skipped"
"skip","weldment_no_product_twin","17973586","42062639","SA-OCN-SID-TAB-13X30-FRAME","U SIDE TABLE 13"" x 30"" x 21"" FRAME","","","0","skipped"
"skip","weldment_no_product_twin","17973585","42062638","SA-OCN-SID-TAB-12-FRAME","ANGULAR SIDE TABLE FRAME","","","0","skipped"
"skip","weldment_no_product_twin","17973584","42062637","SA-OCE-SCL-FRAME","Ocean Single Chaise Lounge Frame","","","0","skipped"
"skip","weldment_no_product_twin","17973583","42062636","SA-OCE-SCL-CUSH","Ocean Single Chaise Lounge Cushion","","","0","skipped"
"skip","weldment_no_product_twin","17973582","42062635","SA-OCE-O-72X22-FRAME","Ocean Ottoman 72 x 22 Frame","","","0","skipped"
"skip","weldment_no_product_twin","17973581","42062634","SA-OCE-O-72X22-CUSH","Ocean Ottoman 72 x 22 Cushion","","","0","skipped"
"skip","weldment_no_product_twin","17973580","42062633","SA-OCE-O-60X22-FRAME","Ocean Ottoman 60 x 22 Frame","","","0","skipped"
"skip","weldment_no_product_twin","17973579","42062632","SA-OCE-O-60X22-CUSH","Ocean Ottoman 60 x 22 Cushion","","","0","skipped"
"skip","weldment_no_product_twin","17973578","42062631","SA-OCE-O-42X22-FRAME","Ocean Ottoman 42 x 22 Frame","","","0","skipped"
"skip","weldment_no_product_twin","17973577","42062630","SA-OCE-O-42X22-CUSH","Ocean Ottoman 42 x 22 Cushion","","","0","skipped"
"skip","weldment_no_product_twin","17973576","42062629","SA-OCE-O-30X22-FRAME","Ocean Ottoman 30 x 22 Frame","","","0","skipped"
"skip","weldment_no_product_twin","17973575","42062628","SA-OCE-O-30X22-CUSH","Ocean Ottoman 30 x 22 Cushion","","","0","skipped"
"skip","weldment_no_product_twin","17973573","42062626","SA-OCE-ML-CUSH","Ocean Mini Loveseat Cushion","","","0","skipped"
"skip","weldment_no_product_twin","17973572","42062625","SA-OCN-MIN-LOV-48X38-FRAME","OCEAN MINI LOVESEAT 48"" x 38"" x 33"" BH FRAME","","","0","skipped"
"skip","weldment_no_product_twin","17973571","42062624","SA-OCN-MIN-LOV-48X38-CUSH","OCEAN MINI LOVESEAT 48"" x 38"" x 33"" BH CUSH","","","0","skipped"
"skip","weldment_no_product_twin","17973570","42062623","SA-OCE-L-FRAME","Ocean Loveseat Frame","","","0","skipped"
"skip","weldment_no_product_twin","17973569","42062622","SA-OCE-L-CUSH","Ocean Loveseat Cushion","","","0","skipped"
"skip","weldment_no_product_twin","17973568","42062621","SA-OCE-DCL-FRAME","Ocean Double Chaise Lounge Frame","","","0","skipped"
"skip","weldment_no_product_twin","17973567","42062620","SA-OCE-DCL-CUSH","Ocean Double Chaise Lounge Cushion","","","0","skipped"
"skip","weldment_no_product_twin","17973566","42062619","SA-OCN-COF-TAB-56X72-FRAME","OCEAN COFFEE TABLE 56"" x 72"" x 17"" FRAME","","","0","skipped"
"skip","weldment_no_product_twin","17973565","42062618","SA-OCE-CT-56X56-FRAME","Ocean Coffee Table 56 x 56 Frame","","","0","skipped"
"skip","weldment_no_product_twin","17973564","42062617","SA-OCN-COF-TAB-42X72-FRAME","OCEAN COFFEE TABLE 42"" x 72"" x 17"" FRAME","","","0","skipped"
"skip","weldment_no_product_twin","17973563","42062616","SA-OCN-COF-TAB-42X56-FRAME","OCEAN COFFEE TABLE 42"" x 56"" x 17"" FRAME","","","0","skipped"
"skip","weldment_no_product_twin","17973562","42062615","SA-OCE-CT-42X42-FRAME","Ocean Coffee Table 42 x 42 Frame","","","0","skipped"
"skip","weldment_no_product_twin","17973561","42062614","SA-OCN-COF-TAB-36X72-FRAME","OCEAN COFFEE TABLE 36"" x 72"" x 17"" FRAME","","","0","skipped"
"skip","weldment_no_product_twin","17973560","42062613","SA-OCN-COF-TAB-36X56-FRAME","OCEAN COFFEE TABLE 36"" x 56"" x 17"" FRAME","","","0","skipped"
"skip","weldment_no_product_twin","17973559","42062612","SA-OCE-CT-36X36-FRAME","Ocean Coffee Table 36 x 36 Frame","","","0","skipped"
"skip","weldment_no_product_twin","17973558","42062611","SA-OCN-COF-TAB-28X56-FRAME","OCEAN COFFEE TABLE 28"" x 56"" x 17"" FRAME","","","0","skipped"
"skip","weldment_no_product_twin","17973557","42062610","SA-OCN-COF-TAB-28X42-FRAME","OCEAN COFFEE TABLE 28"" x 42"" x 17"" FRAME","","","0","skipped"
"skip","weldment_no_product_twin","17973556","42062609","SA-OCE-CC-FRAME","Ocean Club Chair Frame","","","0","skipped"
"skip","weldment_no_product_twin","17973555","42062608","SA-OCE-CC-CUSH","Ocean Club Chair Cushion","","","0","skipped"
"skip","weldment_no_product_twin","17973554","42062607","SA-OCC-TAB-56X14-FRAME","OCCASIONAL TABLE FRAME","","","0","skipped"
"skip","weldment_no_product_twin","17973553","42062606","SA-MLN-TAB-56X14-FRAME","OCCASIONAL TABLE 56""x14""x36"" FRAME","","","0","skipped"
"skip","weldment_no_product_twin","17973552","42062605","SA-MLN-SOF-96X36-FRAME","MILAN ONE-SIDED SOFA 96"" x 36"" x 16"" SH FRAME","","","0","skipped"
"skip","weldment_no_product_twin","17973551","42062604","SA-MLN-SOF-96X36-CUSH","MILAN ONE-SIDED SOFA 96"" x 36"" x 16"" SH CUSH","","","0","skipped"
"skip","weldment_no_product_twin","17973550","42062603","SA-MLN-SOF-84X36-FRAME","MILAN ONE SIDED SOFA 84"" x 36"" x 16"" SH FRAME","","","0","skipped"
"skip","weldment_no_product_twin","17973549","42062602","SA-MLN-SOF-84X36-CUSH","MILAN ONE SIDED SOFA 84"" x 36"" x 16"" SH CUSH","","","0","skipped"
"skip","weldment_no_product_twin","17973548","42062601","SA-MLN-SOF-72X36-FRAME","MILAN ONE-SIDED SOFA 72"" x 36"" x 16"" SH FRAME","","","0","skipped"
"skip","weldment_no_product_twin","17973547","42062600","SA-MLN-SOF-72X36-CUSH","MILAN ONE-SIDED SOFA 72"" x 36"" x 16"" SH CUSH","","","0","skipped"
"skip","weldment_no_product_twin","17973546","42062599","SA-MLN-SOF-62X42-FRAME","MILAN T-SHAPED SOFA 62"" x 42"" x 22"" x 16"" SH FRAME","","","0","skipped"
"skip","weldment_no_product_twin","17973545","42062598","SA-MLN-SOF-62X42-CUSH","MILAN T-SHAPED SOFA 62"" x 42"" x 22"" x 16"" SH CUSH","","","0","skipped"
"skip","weldment_no_product_twin","17973544","42062597","SA-MLN-SOF-60X62-FRAME","MILAN DOUBLE-SIDED SOFA 60"" x 62"" x 16"" SH FRAME","","","0","skipped"
"skip","weldment_no_product_twin","17973543","42062596","SA-MLN-SOF-60X62-CUSH","MILAN DOUBLE-SIDED SOFA 60"" x 62"" x 16"" SH CUSH","","","0","skipped"
"skip","weldment_no_product_twin","17973542","42062595","SA-MLN-OTT-56X42-FRAME","MILAN OTTOMAN 56"" x 42"" x 16"" FRAME","","","0","skipped"
"skip","weldment_no_product_twin","17973541","42062594","SA-MLN-OTT-56X42-CUSH","MILAN OTTOMAN 56"" x 42"" x 16"" CUSH","","","0","skipped"
"skip","weldment_no_product_twin","17973540","42062593","SA-MLN-OTT-34X72-FRAME","MILAN OTTOMAN 34"" x 72"" x 16"" FRAME","","","0","skipped"
"skip","weldment_no_product_twin","17973539","42062592","SA-MLN-OTT-34X72-CUSH","MILAN OTTOMAN 34"" x 72"" x 16"" CUSH","","","0","skipped"
"skip","weldment_no_product_twin","17973538","42062591","SA-MLN-OTT-34X60-FRAME","MILAN OTTOMAN 34"" x 60"" x 16"" FRAME","","","0","skipped"
"skip","weldment_no_product_twin","17973537","42062590","SA-MLN-OTT-34X60-CUSH","MILAN OTTOMAN 34"" x 60"" x 16"" CUSH","","","0","skipped"
"skip","weldment_no_product_twin","17973536","42062589","SA-MLN-OTT-34X42-FRAME","MILAN OTTOMAN 34"" x 42"" x 16"" FRAME","","","0","skipped"
"skip","weldment_no_product_twin","17973535","42062588","SA-MLN-OTT-34X42-CUSH","MILAN OTTOMAN 34"" x 42"" x 16"" CUSH","","","0","skipped"
"skip","weldment_no_product_twin","17973534","42062587","SA-MLN-OTT-34X34-FRAME","MILAN OTTOMAN 34"" x 34"" x 16"" FRAME","","","0","skipped"
"skip","weldment_no_product_twin","17973533","42062586","SA-MLN-OTT-34X34-CUSH","MILAN OTTOMAN 34"" x 34"" x 16"" CUSH","","","0","skipped"
"skip","weldment_no_product_twin","17973532","42062585","SA-MLN-OTT-22X72-FRAME","MILAN OTTOMAN 22"" x 72"" x 16"" FRAME","","","0","skipped"
"skip","weldment_no_product_twin","17973531","42062584","SA-MLN-OTT-22X72-CUSH","MILAN OTTOMAN 22"" x 72"" x 16"" CUSH","","","0","skipped"
"skip","weldment_no_product_twin","17973530","42062583","SA-MLN-OTT-22X60-FRAME","MILAN OTTOMAN 22"" x 60"" x 16"" FRAME","","","0","skipped"
"skip","weldment_no_product_twin","17973529","42062582","SA-MLN-OTT-22X60-CUSH","MILAN OTTOMAN 22"" x 60"" x 16"" CUSH","","","0","skipped"
"skip","weldment_no_product_twin","17973528","42062581","SA-MLN-CLB-CHA-32X36-FRAME","MILAN CLUB CHAIR 32"" x 36"" x 16"" SH FRAME","","","0","skipped"
"skip","weldment_no_product_twin","17973527","42062580","SA-MLN-CLB-CHA-32X36-CUSH","MILAN CLUB CHAIR 32"" x 36"" x 16"" SH CUSH","","","0","skipped"
"skip","weldment_no_product_twin","17973526","42062579","SA-MIS-TAB-13X30-FRAME","T TABLE FRAME","","","0","skipped"
"skip","weldment_no_product_twin","17973525","42062578","SA-MIS-SID-TAB-13X30-FRAME","U SIDE TABLE FRAME","","","0","skipped"
"skip","weldment_no_product_twin","17973524","42062577","SA-MIS-OTT-22X22-FRAME","CUBE OTTOMAN 22"" x 22"" x 16"" FRAME","","","0","skipped"
"skip","weldment_no_product_twin","17973523","42062576","SA-MIS-OTT-22X22-CUSH","CUBE OTTOMAN 22"" x 22"" x 16"" CUSH","","","0","skipped"
"skip","weldment_no_product_twin","17973522","42062575","SA-MIS-FLY-BST-17X21-FRAME","HALF BACK BARSTOOL (COUNTER HEIGHT) FRAME","","","0","skipped"
"skip","weldment_no_product_twin","17973521","42062574","SA-MIS-FLY-BST-17X21-CUSH","HALF BACK BARSTOOL (COUNTER HEIGHT) CUSH","","","0","skipped"
"skip","weldment_no_product_twin","17973520","42062573","SA-MIS-FIR-TAB-42X42-FRAME","PROPANE FIRE PIT TABLE 42 X 42 FRAME","","","0","skipped"
"skip","weldment_no_product_twin","17973519","42062572","SA-MIS-DIN-CHA-17X21-FRAME","HALF BACK CHAIR (DINING HEIGHT FRAME","","","0","skipped"
"skip","weldment_no_product_twin","17973518","42062571","SA-MIS-DIN-CHA-17X21-CUSH","HALF BACK CHAIR (DINING HEIGHT CUSH","","","0","skipped"
"skip","weldment_no_product_twin","17973517","42062570","SA-MIS-DIN-BCH-96X22-FRAME","DINING BENCH W/NO ARMS 96 X 22 FRAME","","","0","skipped"
"skip","weldment_no_product_twin","17973516","42062569","SA-MIS-DIN-BCH-96X22-CUSH","DINING BENCH W/NO ARMS 96 X 22 CUSH","","","0","skipped"
"skip","weldment_no_product_twin","17973515","42062568","SA-MIS-DIN-BCH-72X22-FRAME","DINING BENCH W/NO ARMS 72 X 22 FRAME","","","0","skipped"
"skip","weldment_no_product_twin","17973514","42062567","SA-MIS-DIN-BCH-72X22-CUSH","DINING BENCH W/NO ARMS 72 X 22 CUSH","","","0","skipped"
"skip","weldment_no_product_twin","17973513","42062566","SA-LED-SID-TAB-FRAME","LEDGE LOUNGER AUTOGRAPH SIDE TABLE FRAME","","","0","skipped"
"skip","weldment_no_product_twin","17973512","42062565","SA-LED-CHA-FRAME","LEDGE LOUNGER SIGNATURE LOWBACK CHAIR FRAME","","","0","skipped"
"skip","weldment_no_product_twin","17973511","42062564","SA-LED-CHA-CUSH","LEDGE LOUNGER SIGNATURE LOWBACK CHAIR CUSH","","","0","skipped"
"skip","weldment_no_product_twin","17973510","42062563","SA-HAL-BAC-BAR-BAR-HEI-FRAME","HALF BACK BARSTOOL (BAR HEIGHT) FRAME","","","0","skipped"
"skip","weldment_no_product_twin","17973509","42062562","SA-HAL-BAC-BAR-BAR-HEI-CUSH","HALF BACK BARSTOOL (BAR HEIGHT) CUSH","","","0","skipped"
"skip","weldment_no_product_twin","17973508","42062561","SA-FLY-TAB-96X12-FRAME","FLY TABLE 96 FRAME","","","0","skipped"
"skip","weldment_no_product_twin","17973507","42062560","SA-FLY-TAB-84X12-FRAME","FLY TABLE 84 FRAME","","","0","skipped"
"skip","weldment_no_product_twin","17973506","42062559","SA-FLY-TAB-72X12-FRAME","FLY TABLE 72 FRAME","","","0","skipped"
"skip","weldment_no_product_twin","17973505","42062558","SA-FLY-TAB-60X12-FRAME","FLY TABLE 60 FRAME","","","0","skipped"
"skip","weldment_no_product_twin","17973504","42062557","SA-FLY-TAB-38X8-FRAME","FLY TABLE 8 FRAME","","","0","skipped"
"skip","weldment_no_product_twin","17973503","42062556","SA-FLY-LEG-BEN-DIN-HEI-42-FRAME","FLY LEG BENCH (DINING HEIGHT) 42 FRAME","","","0","skipped"
"skip","weldment_no_product_twin","17973502","42062555","SA-FLY-LEG-BEN-DIN-HEI-42-CUSH","FLY LEG BENCH (DINING HEIGHT) 42 CUSH","","","0","skipped"
"skip","weldment_no_product_twin","17973501","42062554","SA-FLY-LEG-BEN-COU-HEI-42-FRAME","FLY LEG BENCH (COUNTER HEIGHT) 42 FRAME","","","0","skipped"
"skip","weldment_no_product_twin","17973500","42062553","SA-FLY-LEG-BEN-COU-HEI-42-CUSH","FLY LEG BENCH (COUNTER HEIGHT) 42 CUSH","","","0","skipped"
"skip","weldment_no_product_twin","17973499","42062552","SA-FLY-LEG-BAR-COU-HEI-FRAME","FLY LEG BARSTOOL (COUNTER HEIGHT) FRAME","","","0","skipped"
"skip","weldment_no_product_twin","17973498","42062551","SA-FLY-LEG-BAR-COU-HEI-CUSH","FLY LEG BARSTOOL (COUNTER HEIGHT) CUSH","","","0","skipped"
"skip","weldment_no_product_twin","17973497","42062550","SA-FLY-FLY-BST-18X18-FRAME","FLY LEG BARSTOOL (BAR HEIGHT) FRAME","","","0","skipped"
"skip","weldment_no_product_twin","17973496","42062549","SA-FLY-FLY-BST-18X18-CUSH","FLY LEG BARSTOOL (BAR HEIGHT) CUSH","","","0","skipped"
"skip","weldment_no_product_twin","17973495","42062548","SA-FLY-DIN-CHA-18X18-FRAME","FLY LEG CHAIR (DINING HEIGHT) FRAME","","","0","skipped"
"skip","weldment_no_product_twin","17973494","42062547","SA-FLY-DIN-CHA-18X18-CUSH","FLY LEG CHAIR (DINING HEIGHT) CUSH","","","0","skipped"
"skip","weldment_no_product_twin","17973493","42062546","SA-FLY-BCH-42X18-FRAME","FLY LEG BENCH (BAR HEIGHT) 42 FRAME","","","0","skipped"
"skip","weldment_no_product_twin","17973492","42062545","SA-FLY-BCH-42X18-CUSH","FLY LEG BENCH (BAR HEIGHT) 42 CUSH","","","0","skipped"
"skip","weldment_no_product_twin","17973491","42062544","SA-ESY-CHS-FRAME","ADD-ON WHEELS FOR CHAISE LOUNGERS FRAME","","","0","skipped"
"skip","weldment_no_product_twin","17973490","42062543","SA-ESY-CHS-CUSH","ADD-ON WHEELS FOR CHAISE LOUNGERS CUSH","","","0","skipped"
"skip","weldment_no_product_twin","17973489","42062542","SA-DAI-TAB-108X56-FRAME","DAISY BASE OVAL TABLE 108"" X 56"" X 30"" FRAME","","","0","skipped"
"skip","weldment_no_product_twin","17973488","42062541","SA-DAI-FIR-TAB-96X56-FRAME","DAISY BASE FIRE PIT DINING TABLE 96"" x 56"" x 30"" FRAME","","","0","skipped"
"skip","weldment_no_product_twin","17973487","42062540","SA-DAI-FIR-TAB-84X56-FRAME","DAISY BASE FIRE PIT DINING TABLE 84"" x 56"" x 30"" FRAME","","","0","skipped"
"skip","weldment_no_product_twin","17973486","42062539","SA-DAI-FIR-TAB-56X42-FRAME","PROPANE FIRE PIT TABLE 56"" x 42"" x 21"" FRAME","","","0","skipped"
"skip","weldment_no_product_twin","17973485","42062538","SA-DAI-FIR-TAB-42X42-FRAME","PROPANE FIRE PIT TABLE 42"" x 42"" x 21"" FRAME","","","0","skipped"
"skip","weldment_no_product_twin","17973484","42062537","SA-DAI-DIN-TAB-96X56-FRAME","DAISY BASE TABLE (DINING HEIGHT) 56 X 96 FRAME","","","0","skipped"
"skip","weldment_no_product_twin","17973483","42062536","SA-DAI-DIN-TAB-96X42-FRAME","DAISY BASE TABLE (DINING HEIGHT) 42 X 96 FRAME","","","0","skipped"
"skip","weldment_no_product_twin","17973482","42062535","SA-DAI-DIN-TAB-72X56-FRAME","DAISY BASE TABLE (DINING HEIGHT) 56 X 72 FRAME","","","0","skipped"
"skip","weldment_no_product_twin","17973481","42062534","SA-DAI-DIN-TAB-72X42-FRAME","DAISY BASE TABLE (DINING HEIGHT) 42 X 72 FRAME","","","0","skipped"
"skip","weldment_no_product_twin","17973480","42062533","SA-DAI-DIN-TAB-56X96-FRAME","DAISY BASE TABLE (DINING HEIGHT) 56"" x 96"" x 30"" FRAME","","","0","skipped"
"skip","weldment_no_product_twin","17973479","42062532","SA-DAI-DIN-TAB-56X72-FRAME","DAISY BASE TABLE (DINING HEIGHT) 56"" x 72"" x 30"" FRAME","","","0","skipped"
"skip","weldment_no_product_twin","17973478","42062531","SA-DAI-DIN-TAB-56X56-FRAME","DAISY BASE TABLE (DINING HEIGHT) 56 X 56 FRAME","","","0","skipped"
"skip","weldment_no_product_twin","17973477","42062530","SA-DAI-DIN-TAB-56X30-FRAME","DAISY BASE ROUND TABLE (DINING HEIGHT) 56"" x 30"" FRAME","","","0","skipped"
"skip","weldment_no_product_twin","17973476","42062529","SA-DAI-DIN-TAB-42X42-FRAME","DAISY BASE ROUND TABLE (DINING HEIGHT) 42 FRAME","","","0","skipped"
"skip","weldment_no_product_twin","17973475","42062528","SA-DAI-DIN-TAB-42X30-FRAME","DAISY BASE ROUND TABLE (DINING HEIGHT) 42"" x 30"" FRAME","","","0","skipped"
"skip","weldment_no_product_twin","17973474","42062527","SA-DAI-DIN-TAB-120X56-FRAME","DAISY BASE TABLE (DINING HEIGHT) 56 X 120 FRAME","","","0","skipped"
"skip","weldment_no_product_twin","17973473","42062526","SA-DAI-DIN-TAB-120X42-FRAME","DAISY BASE TABLE (DINING HEIGHT) 42 X 120 FRAME","","","0","skipped"
"skip","weldment_no_product_twin","17973472","42062525","SA-DAI-CNT-TAB-96X56-FRAME","DAISY BASE TABLE (COUNTER HEIGHT) 56 X 96 FRAME","","","0","skipped"
"skip","weldment_no_product_twin","17973471","42062524","SA-DAI-CNT-TAB-96X42-FRAME","DAISY BASE TABLE (COUNTER HEIGHT) 42 X 96 FRAME","","","0","skipped"
"skip","weldment_no_product_twin","17973470","42062523","SA-DAI-CNT-TAB-72X56-FRAME","DAISY BASE TABLE (COUNTER HEIGHT) 56 X 72 FRAME","","","0","skipped"
"skip","weldment_no_product_twin","17973469","42062522","SA-DAI-CNT-TAB-72X42-FRAME","DAISY BASE TABLE (COUNTER HEIGHT) 42 X 72 FRAME","","","0","skipped"
"skip","weldment_no_product_twin","17973468","42062521","SA-DAI-CNT-TAB-56X96-FRAME","DAISY BASE TABLE (COUNTER HEIGHT) 56"" x 96"" x 36"" FRAME","","","0","skipped"
"skip","weldment_no_product_twin","17973467","42062520","SA-DAI-CNT-TAB-56X72-FRAME","DAISY BASE TABLE (COUNTER HEIGHT) 56"" x 72"" x 36"" FRAME","","","0","skipped"
"skip","weldment_no_product_twin","17973466","42062519","SA-DAI-CNT-TAB-56X56-FRAME","DAISY BASE TABLE (COUNTER HEIGHT) 56"" x 56"" x 36"" FRAME","","","0","skipped"
"skip","weldment_no_product_twin","17973465","42062518","SA-DAI-CNT-TAB-56X120-FRAME","DAISY BASE TABLE (COUNTER HEIGHT) 56"" x 120"" x 36"" FRAME","","","0","skipped"
"skip","weldment_no_product_twin","17973464","42062517","SA-DAI-CNT-TAB-42X96-FRAME","DAISY BASE TABLE (COUNTER HEIGHT) 42"" x 96"" x 36"" FRAME","","","0","skipped"
"skip","weldment_no_product_twin","17973463","42062516","SA-DAI-CNT-TAB-42X72-FRAME","DAISY BASE TABLE (COUNTER HEIGHT) 42"" x 72"" x 36"" FRAME","","","0","skipped"
"skip","weldment_no_product_twin","17973462","42062515","SA-DAI-CNT-TAB-42X120-FRAME","DAISY BASE TABLE (COUNTER HEIGHT) 42"" x 120"" x 36"" FRAME","","","0","skipped"
"skip","weldment_no_product_twin","17973461","42062514","SA-DAI-CNT-TAB-120X56-FRAME","DAISY BASE TABLE (COUNTER HEIGHT) 56 X 120 FRAME","","","0","skipped"
"skip","weldment_no_product_twin","17973460","42062513","SA-DAI-CNT-TAB-120X42-FRAME","DAISY BASE TABLE (COUNTER HEIGHT) 42 X 120 FRAME","","","0","skipped"
"skip","weldment_no_product_twin","17973459","42062512","SA-DAI-BAR-TAB-96X56-FRAME","DAISY BASE TABLE (BAR HEIGHT) 56 X 96 FRAME","","","0","skipped"
"skip","weldment_no_product_twin","17973458","42062511","SA-DAI-BAR-TAB-96X42-FRAME","DAISY BASE TABLE (BAR HEIGHT) 42 X 96 FRAME","","","0","skipped"
"skip","weldment_no_product_twin","17973457","42062510","SA-DAI-BAR-TAB-72X56-FRAME","DAISY BASE TABLE (BAR HEIGHT) 56 X 72 FRAME","","","0","skipped"
"skip","weldment_no_product_twin","17973456","42062509","SA-DAI-BAR-TAB-72X42-FRAME","DAISY BASE TABLE (BAR HEIGHT) 42 X 72 FRAME","","","0","skipped"
"skip","weldment_no_product_twin","17973455","42062508","SA-DAI-BAR-TAB-56X96-FRAME","DAISY BASE TABLE (BAR HEIGHT) 56"" x 96"" x 42"" FRAME","","","0","skipped"
"skip","weldment_no_product_twin","17973454","42062507","SA-DAI-BAR-TAB-56X72-FRAME","DAISY BASE TABLE (BAR HEIGHT) 56"" x 72"" x 42"" FRAME","","","0","skipped"
"skip","weldment_no_product_twin","17973453","42062506","SA-DAI-BAR-TAB-56X56-FRAME","DAISY BASE TABLE (BAR HEIGHT) 56"" x 56"" x 42"" FRAME","","","0","skipped"
"skip","weldment_no_product_twin","17973452","42062505","SA-DAI-BAR-TAB-56X120-FRAME","DAISY BASE TABLE (BAR HEIGHT) 56"" x 120"" x 42"" FRAME","","","0","skipped"
"skip","weldment_no_product_twin","17973451","42062504","SA-DAI-BAR-TAB-42X96-FRAME","DAISY BASE TABLE (BAR HEIGHT) 42"" x 96"" x 42"" FRAME","","","0","skipped"
"skip","weldment_no_product_twin","17973450","42062503","SA-DAI-BAR-TAB-42X72-FRAME","DAISY BASE TABLE (BAR HEIGHT) 42"" x 72"" x 42"" FRAME","","","0","skipped"
"skip","weldment_no_product_twin","17973449","42062502","SA-DAI-BAR-TAB-42X120-FRAME","DAISY BASE TABLE (BAR HEIGHT) 42"" x 120"" x 42"" FRAME","","","0","skipped"
"skip","weldment_no_product_twin","17973448","42062501","SA-DAI-BAR-TAB-120X56-FRAME","DAISY BASE TABLE (BAR HEIGHT) 56 X 120 FRAME","","","0","skipped"
"skip","weldment_no_product_twin","17973447","42062500","SA-DAI-BAR-TAB-120X42-FRAME","DAISY BASE TABLE (BAR HEIGHT) 42 X 120 FRAME","","","0","skipped"
"skip","weldment_no_product_twin","17973446","42062499","SA-CUS-OTT-82X23-FRAME","CUSTOM STORAGE OTTOMAN 23 X 82 FRAME","","","0","skipped"
"skip","weldment_no_product_twin","17973445","42062498","SA-CUS-OTT-82X23-CUSH","CUSTOM STORAGE OTTOMAN 23 X 82 CUSH","","","0","skipped"
"skip","weldment_no_product_twin","17973444","42062497","SA-CUS-OTT-72X22-FRAME","CUSTOM STORAGE OTTOMAN 22 X 72 FRAME","","","0","skipped"
"skip","weldment_no_product_twin","17973443","42062496","SA-CUS-OTT-72X22-CUSH","CUSTOM STORAGE OTTOMAN 22 X 72 CUSH","","","0","skipped"
"skip","weldment_no_product_twin","17973442","42062495","SA-CUS-OTT-23X82-FRAME","CUSTOM STORAGE OTTOMAN 23"" x 82"" FRAME","","","0","skipped"
"skip","weldment_no_product_twin","17973441","42062494","SA-CUS-OTT-23X82-CUSH","CUSTOM STORAGE OTTOMAN 23"" x 82"" CUSH","","","0","skipped"
"skip","weldment_no_product_twin","17973440","42062493","SA-CUS-OTT-22X72-FRAME","CUSTOM STORAGE OTTOMAN 22"" x 72"" x 23"" FRAME","","","0","skipped"
"skip","weldment_no_product_twin","17973439","42062492","SA-CUS-OTT-22X72-CUSH","CUSTOM STORAGE OTTOMAN 22"" x 72"" x 23"" CUSH","","","0","skipped"
"skip","weldment_no_product_twin","17973438","42062491","SA-CAB-MIS-10X10-FRAME","CABANA 10' X 10' X 9' w/Sunbrella Top & Curtains FRAME","","","0","skipped"
"skip","weldment_no_product_twin","17973437","42062490","SA-CAB-MIS-10X10-CUSH","CABANA 10' X 10' X 9' w/Sunbrella Top & Curtains CUSH","","","0","skipped"
"skip","weldment_no_product_twin","17973436","42062489","SA-CAB-DYB-84X84-FRAME","CABANA DAYBED 84"" x 84"" x 78"" FRAME","","","0","skipped"
"skip","weldment_no_product_twin","17973435","42062488","SA-CAB-DYB-84X84-CUSH","CABANA DAYBED 84"" x 84"" x 78"" CUSH","","","0","skipped"
"skip","weldment_no_product_twin","17973434","42062487","SA-BRA-SC-FRAME","Bravada Swivel Chair Frame","","","0","skipped"
"skip","weldment_no_product_twin","17973433","42062486","SA-BRA-SC-CUSH","Bravada Swivel Chair Cushion","","","0","skipped"
"skip","weldment_no_product_twin","17973432","42062485","SA-BRV-SWV-CHA-FRAME","BRAVADA SWIVEL CHAIR W/DEKTON SIDEARM FRAME","","","0","skipped"
"skip","weldment_no_product_twin","17973431","42062484","SA-BRV-SWV-CHA-CUSH","BRAVADA SWIVEL CHAIR W/DEKTON SIDEARM CUSH","","","0","skipped"
"skip","weldment_no_product_twin","17973430","42062483","SA-BRA-S-96-FRAME","Bravada Sofa 96 Frame","","","0","skipped"
"skip","weldment_no_product_twin","17973429","42062482","SA-BRA-S-96-CUSH","Bravada Sofa 96 Cushion","","","0","skipped"
"skip","weldment_no_product_twin","17973428","42062481","SA-BRA-S-84-FRAME","Bravada Sofa 84 Frame","","","0","skipped"
"skip","weldment_no_product_twin","17973427","42062480","SA-BRA-S-84-CUSH","Bravada Sofa 84 Cushion","","","0","skipped"
"skip","weldment_no_product_twin","17973426","42062479","SA-BRA-S-72-FRAME","Bravada Sofa 72 Frame","","","0","skipped"
"skip","weldment_no_product_twin","17973425","42062478","SA-BRA-S-72-CUSH","Bravada Sofa 72 Cushion","","","0","skipped"
"skip","weldment_no_product_twin","17973424","42062477","SA-BRA-ST-20X20-FRAME","Bravada Side Table 20 x 20 Frame","","","0","skipped"
"skip","weldment_no_product_twin","17973423","42062475","SA-BRA-CL-S-FRAME","Bravada Chaise Lounge Single Frame","","","0","skipped"
"skip","weldment_no_product_twin","17973423","42062476","SA-BRA-CL-S-A-FRAME","Bravada Chaise Lounge Single Frame","","","0","skipped"
"skip","weldment_no_product_twin","17973422","42062473","SA-BRA-CL-S-CUSH","Bravada Chaise Lounge Single Cushion","","","0","skipped"
"skip","weldment_no_product_twin","17973422","42062474","SA-BRA-CL-S-A-CUSH","Bravada Chaise Lounge Single Cushion","","","0","skipped"
"skip","weldment_no_product_twin","17973421","42062472","SA-BRV-OVS-CHS-84X42-FRAME","BRAVADA OVERSIZED CHAISE 84"" x 42"" x 31"" BH FRAME","","","0","skipped"
"skip","weldment_no_product_twin","17973420","42062471","SA-BRV-OVS-CHS-84X42-CUSH","BRAVADA OVERSIZED CHAISE 84"" x 42"" x 31"" BH CUSH","","","0","skipped"
"skip","weldment_no_product_twin","17973419","42062470","SA-BRV-OVS-CHS-72X42-FRAME","BRAVADA OVERSIZED CHAISE 72"" x 42"" x 31"" BH FRAME","","","0","skipped"
"skip","weldment_no_product_twin","17973418","42062469","SA-BRV-OVS-CHS-72X42-CUSH","BRAVADA OVERSIZED CHAISE 72"" x 42"" x 31"" BH CUSH","","","0","skipped"
"skip","weldment_no_product_twin","17973417","42062467","SA-BRA-O-72X34-FRAME","Bravada Ottoman 72 x 34 Frame","","","0","skipped"
"skip","weldment_no_product_twin","17973417","42062468","SA-BRA-ODT-72X34-FRAME","Bravada Ottoman 72 x 34 Frame","","","0","skipped"
"skip","weldment_no_product_twin","17973416","42062465","SA-BRA-O-72X34-CUSH","Bravada Ottoman 72 x 34 Cushion","","","0","skipped"
"skip","weldment_no_product_twin","17973416","42062466","SA-BRA-ODT-72X34-CUSH","Bravada Ottoman 72 x 34 Cushion","","","0","skipped"
"skip","weldment_no_product_twin","17973415","42062464","SA-BRA-O-72X22-FRAME","Bravada Ottoman 72X22 Frame","","","0","skipped"
"skip","weldment_no_product_twin","17973414","42062463","SA-BRA-O-72X22-CUSH","Bravada Ottoman 72X22 Cushion","","","0","skipped"
"skip","weldment_no_product_twin","17973413","42062461","SA-BRA-O-60X34-FRAME","Bravada Ottoman 60 x 34 Frame","","","0","skipped"
"skip","weldment_no_product_twin","17973413","42062462","SA-BRA-ODT-60X34-FRAME","Bravada Ottoman 60 x 34 Frame","","","0","skipped"
"skip","weldment_no_product_twin","17973412","42062459","SA-BRA-O-60X34-CUSH","Bravada Ottoman 60 x 34 Cushion","","","0","skipped"
"skip","weldment_no_product_twin","17973412","42062460","SA-BRA-ODT-60X34-CUSH","Bravada Ottoman 60 x 34 Cushion","","","0","skipped"
"skip","weldment_no_product_twin","17973411","42062458","SA-BRA-O-60X22-FRAME","Bravada Ottoman 60X22 Frame","","","0","skipped"
"skip","weldment_no_product_twin","17973410","42062457","SA-BRA-O-60X22-CUSH","Bravada Ottoman 60X22 Cushion","","","0","skipped"
"skip","weldment_no_product_twin","17973409","42062456","SA-BRA-O-42X34-FRAME","Bravada Ottoman 42X34 Frame","","","0","skipped"
"skip","weldment_no_product_twin","17973408","42062455","SA-BRA-O-42X34-CUSH","Bravada Ottoman 42X34 Cushion","","","0","skipped"
"skip","weldment_no_product_twin","17973407","42062454","SA-BRA-O-42X22-FRAME","Bravada Ottoman 42X22 Frame","","","0","skipped"
"skip","weldment_no_product_twin","17973406","42062453","SA-BRA-O-42X22-CUSH","Bravada Ottoman 42X22 Cushion","","","0","skipped"
"skip","weldment_no_product_twin","17973405","42062452","SA-BRV-OTT-34X72-FRAME","BRAVADA OTTOMAN 34"" x 72"" x 16"" FRAME","","","0","skipped"
"skip","weldment_no_product_twin","17973404","42062451","SA-BRV-OTT-34X72-CUSH","BRAVADA OTTOMAN 34"" x 72"" x 16"" CUSH","","","0","skipped"
"skip","weldment_no_product_twin","17973403","42062450","SA-BRV-OTT-34X60-FRAME","BRAVADA OTTOMAN 34"" x 60"" x 16"" FRAME","","","0","skipped"
"skip","weldment_no_product_twin","17973402","42062449","SA-BRV-OTT-34X60-CUSH","BRAVADA OTTOMAN 34"" x 60"" x 16"" CUSH","","","0","skipped"
"skip","weldment_no_product_twin","17973401","42062448","SA-BRV-OTT-34X42-FRAME","BRAVADA OTTOMAN 34"" x 42"" x 16"" FRAME","","","0","skipped"
"skip","weldment_no_product_twin","17973400","42062447","SA-BRV-OTT-34X42-CUSH","BRAVADA OTTOMAN 34"" x 42"" x 16"" CUSH","","","0","skipped"
"skip","weldment_no_product_twin","17973399","42062446","SA-BRA-O-34X34-FRAME","Bravada Ottoman 34X34 Frame","","","0","skipped"
"skip","weldment_no_product_twin","17973398","42062445","SA-BRA-O-34X34-CUSH","Bravada Ottoman 34X34 Cushion","","","0","skipped"
"skip","weldment_no_product_twin","17973397","42062444","SA-BRA-O-30X22-FRAME","Bravada Ottoman 30X22 Frame","","","0","skipped"
"skip","weldment_no_product_twin","17973396","42062443","SA-BRA-O-30X22-CUSH","Bravada Ottoman 30X22 Cushion","","","0","skipped"
"skip","weldment_no_product_twin","17973395","42062442","SA-BRV-OTT-22X72-FRAME","BRAVADA OTTOMAN 22"" x 72"" x 16"" FRAME","","","0","skipped"
"skip","weldment_no_product_twin","17973394","42062441","SA-BRV-OTT-22X72-CUSH","BRAVADA OTTOMAN 22"" x 72"" x 16"" CUSH","","","0","skipped"
"skip","weldment_no_product_twin","17973393","42062440","SA-BRV-OTT-22X60-FRAME","BRAVADA OTTOMAN 22"" x 60"" x 16"" FRAME","","","0","skipped"
"skip","weldment_no_product_twin","17973392","42062439","SA-BRV-OTT-22X60-CUSH","BRAVADA OTTOMAN 22"" x 60"" x 16"" CUSH","","","0","skipped"
"skip","weldment_no_product_twin","17973391","42062438","SA-BRV-OTT-22X42-FRAME","BRAVADA OTTOMAN 22"" x 42"" x 16"" FRAME","","","0","skipped"
"skip","weldment_no_product_twin","17973390","42062437","SA-BRV-OTT-22X42-CUSH","BRAVADA OTTOMAN 22"" x 42"" x 16"" CUSH","","","0","skipped"
"skip","weldment_no_product_twin","17973389","42062436","SA-BRV-OTT-22X30-FRAME","BRAVADA OTTOMAN 22"" x 30"" x 16"" FRAME","","","0","skipped"
"skip","weldment_no_product_twin","17973388","42062435","SA-BRV-OTT-22X30-CUSH","BRAVADA OTTOMAN 22"" x 30"" x 16"" CUSH","","","0","skipped"
"skip","weldment_no_product_twin","17973387","42062434","SA-BRA-ML-FRAME","Bravada Mini Loveseat Frame","","","0","skipped"
"skip","weldment_no_product_twin","17973386","42062433","SA-BRA-ML-CUSH","Bravada Mini Loveseat Cushion","","","0","skipped"
"skip","weldment_no_product_twin","17973385","42062432","SA-BRA-L-FRAME","Bravada Loveseat Frame","","","0","skipped"
"skip","weldment_no_product_twin","17973384","42062431","SA-BRA-L-CUSH","Bravada Loveseat Cushion","","","0","skipped"
"skip","weldment_no_product_twin","17973383","42062430","SA-BRV-DYB-84X84-FRAME","BRAVADA ROUND DAYBED 84"" DIAMETER FRAME","","","0","skipped"
"skip","weldment_no_product_twin","17973382","42062429","SA-BRV-DYB-84X84-CUSH","BRAVADA ROUND DAYBED 84"" DIAMETER CUSH","","","0","skipped"
"skip","weldment_no_product_twin","17973381","42062428","SA-BRV-DYB-84X72-FRAME","BRAVADA DAYBED 84"" x 72"" x 27"" BH FRAME","","","0","skipped"
"skip","weldment_no_product_twin","17973380","42062427","SA-BRV-DYB-84X72-CUSH","BRAVADA DAYBED 84"" x 72"" x 27"" BH CUSH","","","0","skipped"
"skip","weldment_no_product_twin","17973379","42062426","SA-BRA-CADA-72X78-FRAME","Bravada Cabana Daybed 72 Frame","","","0","skipped"
"skip","weldment_no_product_twin","17973378","42062425","SA-BRA-CADA-72X78-CUSH","Bravada Cabana Daybed 72 Cushion","","","0","skipped"
"skip","weldment_no_product_twin","17973377","42062424","SA-BRA-D-7272-FRAME","Bravada Daybed 72 Frame","","","0","skipped"
"skip","weldment_no_product_twin","17973376","42062423","SA-BRA-D-7272-CUSH","Bravada Daybed 72 Cushion","","","0","skipped"
"skip","weldment_no_product_twin","17973375","42062421","SA-BRA-CL-D-FRAME","Bravada Chaise Lounge Double Frame","","","0","skipped"
"skip","weldment_no_product_twin","17973375","42062422","SA-BRA-CL-D-A-FRAME","Bravada Chaise Lounge Double Frame","","","0","skipped"
"skip","weldment_no_product_twin","17973374","42062419","SA-BRA-CL-D-CUSH","Bravada Chaise Lounge Double Cushion","","","0","skipped"
"skip","weldment_no_product_twin","17973374","42062420","SA-BRA-CL-D-A-CUSH","Bravada Chaise Lounge Double Cushion","","","0","skipped"
"skip","weldment_no_product_twin","17973372","42062417","SA-BRA-CS-96-RS-CUSH","Bravada Corner Sofa 96 Cushion","","","0","skipped"
"skip","weldment_no_product_twin","17973370","42062415","SA-BRA-CS-84-RS-CUSH","Bravada Corner Sofa 84 Cushion","","","0","skipped"
"skip","weldment_no_product_twin","17973368","42062413","SA-BRA-CS-72-RS-CUSH","Bravada Corner Sofa 72 Cushion","","","0","skipped"
"skip","weldment_no_product_twin","17973367","42062412","SA-BRV-COR-CHS-84X34-FRAME","BRAVADA CORNER CHAISE 84"" x 34"" x 31"" BH FRAME","","","0","skipped"
"skip","weldment_no_product_twin","17973366","42062411","SA-BRV-COR-CHS-84X34-CUSH","BRAVADA CORNER CHAISE 84"" x 34"" x 31"" BH CUSH","","","0","skipped"
"skip","weldment_no_product_twin","17973365","42062410","SA-BRV-COR-CHS-72X34-FRAME","BRAVADA CORNER CHAISE 72"" x 34"" x 31"" BH FRAME","","","0","skipped"
"skip","weldment_no_product_twin","17973364","42062409","SA-BRV-COR-CHS-72X34-CUSH","BRAVADA CORNER CHAISE 72"" x 34"" x 31"" BH CUSH","","","0","skipped"
"skip","weldment_no_product_twin","17973363","42062408","SA-BRV-COF-TAB-56X72-FRAME","BRAVADA COFFEE TABLE 56"" x 72"" x 17"" FRAME","","","0","skipped"
"skip","weldment_no_product_twin","17973362","42062407","SA-BRA-CT-56X56-FRAME","Bravada Coffee Table 56 x 56 Frame","","","0","skipped"
"skip","weldment_no_product_twin","17973361","42062406","SA-BRV-COF-TAB-42X72-FRAME","BRAVADA COFFEE TABLE 42"" x 72"" x 17"" FRAME","","","0","skipped"
"skip","weldment_no_product_twin","17973360","42062405","SA-BRV-COF-TAB-42X56-FRAME","BRAVADA COFFEE TABLE 42"" x 56"" x 17"" FRAME","","","0","skipped"
"skip","weldment_no_product_twin","17973359","42062404","SA-BRA-CT-42X42-FRAME","Bravada Coffee Table 42 x 42 Frame","","","0","skipped"
"skip","weldment_no_product_twin","17973358","42062403","SA-BRV-COF-TAB-36X56-FRAME","BRAVADA COFFEE TABLE 36"" x 56"" x 17"" FRAME","","","0","skipped"
"skip","weldment_no_product_twin","17973357","42062402","SA-BRA-CT-36X36-FRAME","Bravada Coffee Table 36 x 36 Frame","","","0","skipped"
"skip","weldment_no_product_twin","17973356","42062401","SA-BRV-COF-TAB-28X42-FRAME","BRAVADA COFFEE TABLE 28"" x 42"" x 17"" FRAME","","","0","skipped"
"skip","weldment_no_product_twin","17973355","42062400","SA-BRV-CLB-CHA-34X34-SEAT","Bravada Club Chair Seat Frame","","","0","skipped"
"skip","weldment_no_product_twin","17973354","42062399","SA-BRV-CLB-CHA-34X34-CUSH","BRAVADA CLUB CHAIR 34"" x 34"" x 31"" BH CUSH","","","0","skipped"
"skip","weldment_no_product_twin","17973353","42062398","SA-BRV-CLB-CHA-34X34-BACK","Bravada Club Chair Back","","","0","skipped"
"skip","weldment_no_product_twin","17973352","42062397","SA-BRV-ARM","Bravada Arm Assembly (shared, not handed)","","","0","skipped"
"skip","weldment_no_product_twin","17973350","42062395","SA-BRA-C-42X84-RS-CUSH","Bravada Chaise 42 X 84 Cushion","","","0","skipped"
"skip","weldment_no_product_twin","17973348","42062393","SA-BRA-C-42X72-RS-CUSH","Bravada Chaise 42X72 Cushion","","","0","skipped"
"skip","weldment_no_product_twin","17973346","42062391","SA-BRA-C-34X84-RS-CUSH","Bravada Chaise 34 X 84 Cushion","","","0","skipped"
"skip","weldment_no_product_twin","17973344","42062389","SA-BRA-C-34X72-RS-CUSH","Bravada Chaise 34 X 72 Cushion","","","0","skipped"
"skip","weldment_no_product_twin","17973343","42062388","SA-BRV-BCH-96X34-FRAME","BRAVADA ROUNDED BENCH 96"" X 34"" X 18"" SH FRAME","","","0","skipped"
"skip","weldment_no_product_twin","17973342","42062387","SA-BRV-BCH-96X34-CUSH","BRAVADA ROUNDED BENCH 96"" X 34"" X 18"" SH CUSH","","","0","skipped"
"skip","weldment_no_product_twin","17973341","42062386","SA-BRV-ARM-SOF-96X34-FRAME","BRAVADA ARMLESS SOFA 96"" x 34"" x 31"" BH FRAME","","","0","skipped"
"skip","weldment_no_product_twin","17973340","42062385","SA-BRV-ARM-SOF-96X34-CUSH","BRAVADA ARMLESS SOFA 96"" x 34"" x 31"" BH CUSH","","","0","skipped"
"skip","weldment_no_product_twin","17973339","42062384","SA-BRV-ARM-SOF-84X34-FRAME","BRAVADA ARMLESS SOFA 84"" x 34"" x 31"" BH FRAME","","","0","skipped"
"skip","weldment_no_product_twin","17973338","42062383","SA-BRV-ARM-SOF-84X34-CUSH","BRAVADA ARMLESS SOFA 84"" x 34"" x 31"" BH CUSH","","","0","skipped"
"skip","weldment_no_product_twin","17973337","42062382","SA-BRV-ARM-SOF-72X34-FRAME","BRAVADA ARMLESS SOFA 72"" x 34"" x 31"" BH FRAME","","","0","skipped"
"skip","weldment_no_product_twin","17973336","42062381","SA-BRV-ARM-SOF-72X34-CUSH","BRAVADA ARMLESS SOFA 72"" x 34"" x 31"" BH CUSH","","","0","skipped"
"skip","weldment_no_product_twin","17973335","42062380","SA-BRV-ARM-SOF-34X34-FRAME","BRAVADA ARMLESS SOFA 34"" x 34"" x 31"" BH FRAME","","","0","skipped"
"skip","weldment_no_product_twin","17973334","42062379","SA-BRV-ARM-SOF-34X34-CUSH","BRAVADA ARMLESS SOFA 34"" x 34"" x 31"" BH CUSH","","","0","skipped"
"skip","weldment_no_product_twin","17973333","42062378","SA-BRA-AL-60-FRAME","Bravada Armless Loveseat Frame","","","0","skipped"
"skip","weldment_no_product_twin","17973332","42062377","SA-BRA-AL-60-CUSH","Bravada Armless Loveseat Cushion","","","0","skipped"
"skip","weldment_no_product_twin","17973331","42062376","SA-BRO-TC-S-FRAME","Brooklyn Transitional Chaise Single Frame","","","0","skipped"
"skip","weldment_no_product_twin","17973330","42062375","SA-BRO-TC-S-CUSH","Brooklyn Transitional Chaise Single Cushion","","","0","skipped"
"skip","weldment_no_product_twin","17973329","42062374","SA-BRO-TC-D-FRAME","Brooklyn Transitional Chaise Double Frame","","","0","skipped"
"skip","weldment_no_product_twin","17973328","42062373","SA-BRO-TC-D-CUSH","Brooklyn Transitional Chaise Double Cushion","","","0","skipped"
"skip","weldment_no_product_twin","17973327","42062372","SA-BRO-S-96-FRAME","Brooklyn Sofa 96 Frame","","","0","skipped"
"skip","weldment_no_product_twin","17973326","42062371","SA-BRO-S-96-CUSH","Brooklyn Sofa 96 Cushion","","","0","skipped"
"skip","weldment_no_product_twin","17973325","42062370","SA-BRO-S-84-FRAME","Brooklyn Sofa 84 Frame","","","0","skipped"
"skip","weldment_no_product_twin","17973324","42062369","SA-BRO-S-84-CUSH","Brooklyn Sofa 84 Cushion","","","0","skipped"
"skip","weldment_no_product_twin","17973323","42062368","SA-BRO-S-72-FRAME","Brooklyn Sofa 72 Frame","","","0","skipped"
"skip","weldment_no_product_twin","17973322","42062367","SA-BRO-S-72-CUSH","Brooklyn Sofa 72 Cushion","","","0","skipped"
"skip","weldment_no_product_twin","17973321","42062366","SA-BRK-SOF-60X34-FRAME","BROOKLYN SOFA 60"" x 34"" x 30"" BH FRAME","","","0","skipped"
"skip","weldment_no_product_twin","17973320","42062365","SA-BRK-SOF-60X34-CUSH","BROOKLYN SOFA 60"" x 34"" x 30"" BH CUSH","","","0","skipped"
"skip","weldment_no_product_twin","17973319","42062364","SA-BRO-CL-S-FRAME","Brooklyn Chaise Lounge Single Frame","","","0","skipped"
"skip","weldment_no_product_twin","17973318","42062363","SA-BRO-CL-S-CUSH","Brooklyn Chaise Lounge Single Cushion","","","0","skipped"
"skip","weldment_no_product_twin","17973317","42062362","SA-BRK-OTT-72X34-FRAME","BROOKLYN OTTOMAN 34 X 72 FRAME","","","0","skipped"
"skip","weldment_no_product_twin","17973316","42062361","SA-BRK-OTT-72X34-CUSH","BROOKLYN OTTOMAN 34 X 72 CUSH","","","0","skipped"
"skip","weldment_no_product_twin","17973315","42062360","SA-BRK-OTT-72X22-FRAME","BROOKLYN OTTOMAN 22 X 72 FRAME","","","0","skipped"
"skip","weldment_no_product_twin","17973314","42062359","SA-BRK-OTT-72X22-CUSH","BROOKLYN OTTOMAN 22 X 72 CUSH","","","0","skipped"
"skip","weldment_no_product_twin","17973313","42062358","SA-BRK-OTT-60X34-FRAME","BROOKLYN OTTOMAN 34 X 60 FRAME","","","0","skipped"
"skip","weldment_no_product_twin","17973312","42062357","SA-BRK-OTT-60X34-CUSH","BROOKLYN OTTOMAN 34 X 60 CUSH","","","0","skipped"
"skip","weldment_no_product_twin","17973311","42062356","SA-BRK-OTT-60X22-FRAME","BROOKLYN OTTOMAN 22 X 60 FRAME","","","0","skipped"
"skip","weldment_no_product_twin","17973310","42062355","SA-BRK-OTT-60X22-CUSH","BROOKLYN OTTOMAN 22 X 60 CUSH","","","0","skipped"
"skip","weldment_no_product_twin","17973309","42062354","SA-BRK-OTT-56X42-FRAME","BROOKLYN OTTOMAN 56"" x 42"" x 17"" FRAME","","","0","skipped"
"skip","weldment_no_product_twin","17973308","42062353","SA-BRK-OTT-56X42-CUSH","BROOKLYN OTTOMAN 56"" x 42"" x 17"" CUSH","","","0","skipped"
"skip","weldment_no_product_twin","17973307","42062352","SA-BRK-OTT-42X34-FRAME","BROOKLYN OTTOMAN 34 X 42 FRAME","","","0","skipped"
"skip","weldment_no_product_twin","17973306","42062351","SA-BRK-OTT-42X34-CUSH","BROOKLYN OTTOMAN 34 X 42 CUSH","","","0","skipped"
"skip","weldment_no_product_twin","17973305","42062350","SA-BRK-OTT-42X22-FRAME","BROOKLYN OTTOMAN 22 X 42 FRAME","","","0","skipped"
"skip","weldment_no_product_twin","17973304","42062349","SA-BRK-OTT-42X22-CUSH","BROOKLYN OTTOMAN 22 X 42 CUSH","","","0","skipped"
"skip","weldment_no_product_twin","17973303","42062348","SA-BRK-OTT-34X72-FRAME","BROOKLYN OTTOMAN 34"" x 72"" x 17"" FRAME","","","0","skipped"
"skip","weldment_no_product_twin","17973302","42062347","SA-BRK-OTT-34X72-CUSH","BROOKLYN OTTOMAN 34"" x 72"" x 17"" CUSH","","","0","skipped"
"skip","weldment_no_product_twin","17973301","42062346","SA-BRK-OTT-34X60-FRAME","BROOKLYN OTTOMAN 34"" x 60"" x 17"" FRAME","","","0","skipped"
"skip","weldment_no_product_twin","17973300","42062345","SA-BRK-OTT-34X60-CUSH","BROOKLYN OTTOMAN 34"" x 60"" x 17"" CUSH","","","0","skipped"
"skip","weldment_no_product_twin","17973299","42062344","SA-BRK-OTT-34X42-FRAME","BROOKLYN OTTOMAN 34"" x 42"" x 17"" FRAME","","","0","skipped"
"skip","weldment_no_product_twin","17973298","42062343","SA-BRK-OTT-34X42-CUSH","BROOKLYN OTTOMAN 34"" x 42"" x 17"" CUSH","","","0","skipped"
"skip","weldment_no_product_twin","17973297","42062342","SA-BRK-OTT-34X34-FRAME","BROOKLYN OTTOMAN 34"" x 34"" x 17"" FRAME","","","0","skipped"
"skip","weldment_no_product_twin","17973296","42062341","SA-BRK-OTT-34X34-CUSH","BROOKLYN OTTOMAN 34"" x 34"" x 17"" CUSH","","","0","skipped"
"skip","weldment_no_product_twin","17973295","42062340","SA-BRK-OTT-22X72-FRAME","BROOKLYN OTTOMAN 22"" x 72"" x 17"" FRAME","","","0","skipped"
"skip","weldment_no_product_twin","17973294","42062339","SA-BRK-OTT-22X72-CUSH","BROOKLYN OTTOMAN 22"" x 72"" x 17"" CUSH","","","0","skipped"
"skip","weldment_no_product_twin","17973293","42062338","SA-BRK-OTT-22X60-FRAME","BROOKLYN OTTOMAN 22"" x 60"" x 17"" FRAME","","","0","skipped"
"skip","weldment_no_product_twin","17973292","42062337","SA-BRK-OTT-22X60-CUSH","BROOKLYN OTTOMAN 22"" x 60"" x 17"" CUSH","","","0","skipped"
"skip","weldment_no_product_twin","17973291","42062336","SA-BRK-OTT-22X42-FRAME","BROOKLYN OTTOMAN 22"" x 42"" x 17"" FRAME","","","0","skipped"
"skip","weldment_no_product_twin","17973290","42062335","SA-BRK-OTT-22X42-CUSH","BROOKLYN OTTOMAN 22"" x 42"" x 17"" CUSH","","","0","skipped"
"skip","weldment_no_product_twin","17973289","42062334","SA-BRO-L-FRAME","Brooklyn Loveseat Frame","","","0","skipped"
"skip","weldment_no_product_twin","17973288","42062333","SA-BRO-L-CUSH","Brooklyn Loveseat Cushion","","","0","skipped"
"skip","weldment_no_product_twin","17973287","42062332","SA-BRO-CL-D-FRAME","Brooklyn Chaise Lounge Double Frame","","","0","skipped"
"skip","weldment_no_product_twin","17973286","42062331","SA-BRO-CL-D-CUSH","Brooklyn Chaise Lounge Double Cushion","","","0","skipped"
"skip","weldment_no_product_twin","17973285","42062330","SA-BRK-DIN-TAB-96X36-FRAME","BROOKLYN TABLE (DINING HEIGHT) 36 X 96 FRAME","","","0","skipped"
"skip","weldment_no_product_twin","17973284","42062329","SA-BRK-DIN-TAB-96X28-FRAME","BROOKLYN TABLE (DINING HEIGHT) 28 X 96 FRAME","","","0","skipped"
"skip","weldment_no_product_twin","17973283","42062328","SA-BRK-DIN-TAB-72X36-FRAME","BROOKLYN TABLE (DINING HEIGHT) 36 X 72 FRAME","","","0","skipped"
"skip","weldment_no_product_twin","17973282","42062327","SA-BRK-DIN-TAB-72X28-FRAME","BROOKLYN TABLE (DINING HEIGHT) 28 X 72 FRAME","","","0","skipped"
"skip","weldment_no_product_twin","17973281","42062326","SA-BRK-DIN-TAB-42X42-FRAME","STAR LEG TABLE (DINING HEIGHT) 42"" x 42"" x 30"" FRAME","","","0","skipped"
"skip","weldment_no_product_twin","17973280","42062325","SA-BRK-DIN-TAB-36X96-FRAME","BROOKLYN TABLE (DINING HEIGHT) 36"" x 96"" x 30"" FRAME","","","0","skipped"
"skip","weldment_no_product_twin","17973279","42062324","SA-BRK-DIN-TAB-36X72-FRAME","BROOKLYN TABLE (DINING HEIGHT) 36"" x 72"" x 30"" FRAME","","","0","skipped"
"skip","weldment_no_product_twin","17973278","42062323","SA-BRK-DIN-TAB-36X36-FRAME","STAR LEG TABLE (DINING HEIGHT) 36"" x 36"" x 30"" FRAME","","","0","skipped"
"skip","weldment_no_product_twin","17973277","42062322","SA-BRK-DIN-TAB-36X120-FRAME","BROOKLYN TABLE (DINING HEIGHT) 36"" x 120"" x 30"" FRAME","","","0","skipped"
"skip","weldment_no_product_twin","17973276","42062321","SA-BRK-DIN-TAB-28X96-FRAME","BROOKLYN TABLE (DINING HEIGHT) 28"" x 96"" x 30"" FRAME","","","0","skipped"
"skip","weldment_no_product_twin","17973275","42062320","SA-BRK-DIN-TAB-28X72-FRAME","BROOKLYN TABLE (DINING HEIGHT) 28"" x 72"" x 30"" FRAME","","","0","skipped"
"skip","weldment_no_product_twin","17973274","42062319","SA-BRK-DIN-TAB-28X120-FRAME","BROOKLYN TABLE (DINING HEIGHT) 28"" x 120"" x 30"" FRAME","","","0","skipped"
"skip","weldment_no_product_twin","17973273","42062318","SA-BRK-DIN-TAB-120X36-FRAME","BROOKLYN TABLE (DINING HEIGHT) 36 X 120 FRAME","","","0","skipped"
"skip","weldment_no_product_twin","17973272","42062317","SA-BRK-DIN-TAB-120X28-FRAME","BROOKLYN TABLE (DINING HEIGHT) 28 X 120 FRAME","","","0","skipped"
"skip","weldment_no_product_twin","17973271","42062315","SA-BRO-CS-96-LS-FRAME","Brooklyn Corner Sofa 96 Frame","","","0","skipped"
"skip","weldment_no_product_twin","17973271","42062316","SA-BRO-CS-96-RS-FRAME","Brooklyn Corner Sofa 96 Frame","","","0","skipped"
"skip","weldment_no_product_twin","17973270","42062313","SA-BRO-CS-96-LS-CUSH","Brooklyn Corner Sofa 96 Cushion","","","0","skipped"
"skip","weldment_no_product_twin","17973270","42062314","SA-BRO-CS-96-RS-CUSH","Brooklyn Corner Sofa 96 Cushion","","","0","skipped"
"skip","weldment_no_product_twin","17973269","42062311","SA-BRO-CS-84-LS-FRAME","Brooklyn Corner Sofa 84 Frame","","","0","skipped"
"skip","weldment_no_product_twin","17973269","42062312","SA-BRO-CS-84-RS-FRAME","Brooklyn Corner Sofa 84 Frame","","","0","skipped"
"skip","weldment_no_product_twin","17973268","42062309","SA-BRO-CS-84-LS-CUSH","Brooklyn Corner Sofa 84 Cushion","","","0","skipped"
"skip","weldment_no_product_twin","17973268","42062310","SA-BRO-CS-84-RS-CUSH","Brooklyn Corner Sofa 84 Cushion","","","0","skipped"
"skip","weldment_no_product_twin","17973267","42062307","SA-BRO-CS-72-LS-FRAME","Brooklyn Corner Sofa 72 Frame","","","0","skipped"
"skip","weldment_no_product_twin","17973267","42062308","SA-BRO-CS-72-RS-FRAME","Brooklyn Corner Sofa 72 Frame","","","0","skipped"
"skip","weldment_no_product_twin","17973266","42062305","SA-BRO-CS-72-LS-CUSH","Brooklyn Corner Sofa 72 Cushion","","","0","skipped"
"skip","weldment_no_product_twin","17973266","42062306","SA-BRO-CS-72-RS-CUSH","Brooklyn Corner Sofa 72 Cushion","","","0","skipped"
"skip","weldment_no_product_twin","17973265","42062304","SA-BRK-COR-CHS-84X42-FRAME","BROOKLYN CORNER CHAISE 84"" x 42"" x 30"" BH FRAME","","","0","skipped"
"skip","weldment_no_product_twin","17973264","42062303","SA-BRK-COR-CHS-84X42-CUSH","BROOKLYN CORNER CHAISE 84"" x 42"" x 30"" BH CUSH","","","0","skipped"
"skip","weldment_no_product_twin","17973263","42062302","SA-BRK-CNT-TAB-96X36-FRAME","BROOKLYN TABLE (COUNTER HEIGHT) 36 X 96 FRAME","","","0","skipped"
"skip","weldment_no_product_twin","17973262","42062301","SA-BRK-CNT-TAB-96X28-FRAME","BROOKLYN TABLE (COUNTER HEIGHT) 28 X 96 FRAME","","","0","skipped"
"skip","weldment_no_product_twin","17973261","42062300","SA-BRK-CNT-TAB-72X36-FRAME","BROOKLYN TABLE (COUNTER HEIGHT) 36 X 72 FRAME","","","0","skipped"
"skip","weldment_no_product_twin","17973260","42062299","SA-BRK-CNT-TAB-72X28-FRAME","BROOKLYN TABLE (COUNTER HEIGHT) 28 X 72 FRAME","","","0","skipped"
"skip","weldment_no_product_twin","17973259","42062298","SA-BRK-CNT-TAB-72X18-FRAME","BROOKLYN TABLE (COUNTER HEIGHT) 18 X 72 FRAME","","","0","skipped"
"skip","weldment_no_product_twin","17973258","42062297","SA-BRK-CNT-TAB-42X42-FRAME","STAR LEG TABLE (COUNTER HEIGHT) 42"" x 42"" x 36"" FRAME","","","0","skipped"
"skip","weldment_no_product_twin","17973257","42062296","SA-BRK-CNT-TAB-36X96-FRAME","BROOKLYN TABLE (COUNTER HEIGHT) 36"" x 96"" x 36"" FRAME","","","0","skipped"
"skip","weldment_no_product_twin","17973256","42062295","SA-BRK-CNT-TAB-36X72-FRAME","BROOKLYN TABLE (COUNTER HEIGHT) 36"" x 72"" x 36"" FRAME","","","0","skipped"
"skip","weldment_no_product_twin","17973255","42062294","SA-BRK-CNT-TAB-36X36-FRAME","STAR LEG TABLE (COUNTER HEIGHT) 36"" x 36"" x 36"" FRAME","","","0","skipped"
"skip","weldment_no_product_twin","17973254","42062293","SA-BRK-CNT-TAB-36X120-FRAME","BROOKLYN TABLE (COUNTER HEIGHT) 36"" x 120"" x 36"" FRAME","","","0","skipped"
"skip","weldment_no_product_twin","17973253","42062292","SA-BRK-CNT-TAB-28X96-FRAME","BROOKLYN TABLE (COUNTER HEIGHT) 28"" x 96"" x 36"" FRAME","","","0","skipped"
"skip","weldment_no_product_twin","17973252","42062291","SA-BRK-CNT-TAB-28X72-FRAME","BROOKLYN TABLE (COUNTER HEIGHT) 28"" x 72"" x 36"" FRAME","","","0","skipped"
"skip","weldment_no_product_twin","17973251","42062290","SA-BRK-CNT-TAB-28X120-FRAME","BROOKLYN TABLE (COUNTER HEIGHT) 28"" x 120"" x 36"" FRAME","","","0","skipped"
"skip","weldment_no_product_twin","17973250","42062289","SA-BRK-CNT-TAB-120X36-FRAME","BROOKLYN TABLE (COUNTER HEIGHT) 36 X 120 FRAME","","","0","skipped"
"skip","weldment_no_product_twin","17973249","42062288","SA-BRK-CNT-TAB-120X28-FRAME","BROOKLYN TABLE (COUNTER HEIGHT) 28 X 120 FRAME","","","0","skipped"
"skip","weldment_no_product_twin","17973248","42062286","SA-BRO-C-84X42-LS-FRAME","Brooklyn Chaise 84 x 42 Frame","","","0","skipped"
"skip","weldment_no_product_twin","17973248","42062287","SA-BRO-C-84X42-RS-FRAME","Brooklyn Chaise 84 x 42 Frame","","","0","skipped"
"skip","weldment_no_product_twin","17973247","42062284","SA-BRO-C-84X42-LS-CUSH","Brooklyn Chaise 84 x 42 Cushion","","","0","skipped"
"skip","weldment_no_product_twin","17973247","42062285","SA-BRO-C-84X42-RS-CUSH","Brooklyn Chaise 84 x 42 Cushion","","","0","skipped"
"skip","weldment_no_product_twin","17973246","42062282","SA-BRO-C-84X34-LS-FRAME","Brooklyn Chaise 84 x 34 Frame","","","0","skipped"
"skip","weldment_no_product_twin","17973246","42062283","SA-BRO-C-84X34-RS-FRAME","Brooklyn Chaise 84 x 34 Frame","","","0","skipped"
"skip","weldment_no_product_twin","17973245","42062280","SA-BRO-C-84X34-LS-CUSH","Brooklyn Chaise 84 x 34 Cushion","","","0","skipped"
"skip","weldment_no_product_twin","17973245","42062281","SA-BRO-C-84X34-RS-CUSH","Brooklyn Chaise 84 x 34 Cushion","","","0","skipped"
"skip","weldment_no_product_twin","17973244","42062278","SA-BRO-C-72X42-LS-FRAME","Brooklyn Chaise 72 x 42 Frame","","","0","skipped"
"skip","weldment_no_product_twin","17973244","42062279","SA-BRO-C-72X42-RS-FRAME","Brooklyn Chaise 72 x 42 Frame","","","0","skipped"
"skip","weldment_no_product_twin","17973243","42062276","SA-BRO-C-72X42-LS-CUSH","Brooklyn Chaise 72 x 42 Cushion","","","0","skipped"
"skip","weldment_no_product_twin","17973243","42062277","SA-BRO-C-72X42-RS-CUSH","Brooklyn Chaise 72 x 42 Cushion","","","0","skipped"
"skip","weldment_no_product_twin","17973242","42062274","SA-BRO-C-72X34-LS-FRAME","Brooklyn Chaise 72 x 34 Frame","","","0","skipped"
"skip","weldment_no_product_twin","17973242","42062275","SA-BRO-C-72X34-RS-FRAME","Brooklyn Chaise 72 x 34 Frame","","","0","skipped"
"skip","weldment_no_product_twin","17973241","42062272","SA-BRO-C-72X34-LS-CUSH","Brooklyn Chaise 72 x 34 Cushion","","","0","skipped"
"skip","weldment_no_product_twin","17973241","42062273","SA-BRO-C-72X34-RS-CUSH","Brooklyn Chaise 72 x 34 Cushion","","","0","skipped"
"skip","weldment_no_product_twin","17973240","42062271","SA-BRK-BAR-TAB-98X28-FRAME","BROOKLYN TABLE (BAR HEIGHT) 28 X 96 FRAME","","","0","skipped"
"skip","weldment_no_product_twin","17973239","42062270","SA-BRK-BAR-TAB-96X36-FRAME","BROOKLYN TABLE (BAR HEIGHT) 36 X 96 FRAME","","","0","skipped"
"skip","weldment_no_product_twin","17973238","42062269","SA-BRK-BAR-TAB-72X36-FRAME","BROOKLYN TABLE (BAR HEIGHT) 36 X 72 FRAME","","","0","skipped"
"skip","weldment_no_product_twin","17973237","42062268","SA-BRK-BAR-TAB-72X28-FRAME","BROOKLYN TABLE (BAR HEIGHT) 28 X 72 FRAME","","","0","skipped"
"skip","weldment_no_product_twin","17973236","42062267","SA-BRK-BAR-TAB-42X42-FRAME","STAR LEG TABLE (BAR HEIGHT) 42"" x 42"" x 42"" FRAME","","","0","skipped"
"skip","weldment_no_product_twin","17973235","42062266","SA-BRK-BAR-TAB-36X96-FRAME","BROOKLYN TABLE (BAR HEIGHT) 36"" x 96"" x 42"" FRAME","","","0","skipped"
"skip","weldment_no_product_twin","17973234","42062265","SA-BRK-BAR-TAB-36X72-FRAME","BROOKLYN TABLE (BAR HEIGHT) 36"" x 72"" x 42"" FRAME","","","0","skipped"
"skip","weldment_no_product_twin","17973233","42062264","SA-BRK-BAR-TAB-36X36-FRAME","STAR LEG TABLE (BAR HEIGHT) 36"" x 36"" x 42"" FRAME","","","0","skipped"
"skip","weldment_no_product_twin","17973232","42062263","SA-BRK-BAR-TAB-36X120-FRAME","BROOKLYN TABLE (BAR HEIGHT) 36"" x 120"" x 42"" FRAME","","","0","skipped"
"skip","weldment_no_product_twin","17973231","42062262","SA-BRK-BAR-TAB-28X96-FRAME","BROOKLYN TABLE (BAR HEIGHT) 28"" x 96"" x 42"" FRAME","","","0","skipped"
"skip","weldment_no_product_twin","17973230","42062261","SA-BRK-BAR-TAB-28X72-FRAME","BROOKLYN TABLE (BAR HEIGHT) 28"" x 72"" x 42"" FRAME","","","0","skipped"
"skip","weldment_no_product_twin","17973229","42062260","SA-BRK-BAR-TAB-28X120-FRAME","BROOKLYN TABLE (BAR HEIGHT) 28"" x 120"" x 42"" FRAME","","","0","skipped"
"skip","weldment_no_product_twin","17973228","42062259","SA-BRK-BAR-TAB-120X36-FRAME","BROOKLYN TABLE (BAR HEIGHT) 36 X 120 FRAME","","","0","skipped"
"skip","weldment_no_product_twin","17973227","42062258","SA-BRK-BAR-TAB-120X28-FRAME","BROOKLYN TABLE (BAR HEIGHT) 28 X 120 FRAME","","","0","skipped"
"skip","blank_hub_remint_target","17594967","41339591","","Umbrella Holder","","","0","protected_for_phase_b_remint"
"skip","blank_hub_remint_target","17465332","41147406","","Spacers","","","179","protected_for_phase_b_remint"
"skip","weldment_on_bom","10609927","23178678","","Dekton","","","50","skipped"
"skip","weldment_on_bom","10609851","23178514","","Fabric","","","96","skipped"
"skip","blank_hub_remint_target","10609849","23178511","","Foam","","","188","protected_for_phase_b_remint"
"skip","blank_hub_remint_target","10592711","23143516","","2x3/4 Tubing","","","20","protected_for_phase_b_remint"
"skip","blank_unknown","10592707","23143509","","2x1 Tubing","","","60","skipped"
"skip","blank_hub_remint_target","10592547","23143214","","Iron Wood","","","118","protected_for_phase_b_remint"
"skip","blank_hub_remint_target","10592493","23143136","","Flatbar","","","188","protected_for_phase_b_remint"
"skip","weldment_on_bom","10592490","23143128","","1.5x3/4 Tubing","","","168","skipped"
"skip","weldment_on_bom","10592485","23143123","","2x2 Tubing","","","136","skipped"
