fin_sku,ingredient_sku,role,quantity,status
"FIN-BRK-BAR-TAB-120X28","ASM-BRK-BAR-TAB-120X28-FRAME","FRAME","1","export"
"FIN-BRK-BAR-TAB-120X36","ASM-BRK-BAR-TAB-120X36-FRAME","FRAME","1","export"
"FIN-BRK-BAR-TAB-28X120","ASM-BRK-BAR-TAB-28X120-FRAME","FRAME","1","export"
"FIN-BRK-BAR-TAB-28X72","ASM-BRK-BAR-TAB-28X72-FRAME","FRAME","1","export"
"FIN-BRK-BAR-TAB-28X96","ASM-BRK-BAR-TAB-28X96-FRAME","FRAME","1","export"
"FIN-BRK-BAR-TAB-36X120","ASM-BRK-BAR-TAB-36X120-FRAME","FRAME","1","export"
"FIN-BRK-BAR-TAB-36X36","ASM-BRK-BAR-TAB-36X36-FRAME","FRAME","1","export"
"FIN-BRK-BAR-TAB-36X72","ASM-BRK-BAR-TAB-36X72-FRAME","FRAME","1","export"
"FIN-BRK-BAR-TAB-36X72-STARLEG","","","","no_live_children"
"FIN-BRK-BAR-TAB-36X96","ASM-BRK-BAR-TAB-36X96-FRAME","FRAME","1","export"
"FIN-BRK-BAR-TAB-42X42","ASM-BRK-BAR-TAB-42X42-FRAME","FRAME","1","export"
"FIN-BRK-BAR-TAB-72X28","ASM-BRK-BAR-TAB-72X28-FRAME","FRAME","1","export"
"FIN-BRK-BAR-TAB-72X36","ASM-BRK-BAR-TAB-72X36-FRAME","FRAME","1","export"
"FIN-BRK-BAR-TAB-96X36","ASM-BRK-BAR-TAB-96X36-FRAME","FRAME","1","export"
"FIN-BRK-BAR-TAB-98X28","ASM-BRK-BAR-TAB-98X28-FRAME","FRAME","1","export"
"FIN-BRK-CHS-72X34-LS","","","","no_live_children"
"FIN-BRK-CHS-72X34-LS-BE","","","","no_live_children"
"FIN-BRK-CHS-72X34-LS-BO","","","","no_live_children"
"FIN-BRK-CHS-72X34-LS-BR","","","","no_live_children"
"FIN-BRK-CHS-72X34-LS-GR","","","","no_live_children"
"FIN-BRK-CHS-72X34-LS-WH","","","","no_live_children"
"FIN-BRK-CHS-72X34-RS","","","","no_live_children"
"FIN-BRK-CHS-72X34-RS-BE","","","","no_live_children"
"FIN-BRK-CHS-72X34-RS-BO","","","","no_live_children"
"FIN-BRK-CHS-72X34-RS-BR","","","","no_live_children"
"FIN-BRK-CHS-72X34-RS-GR","","","","no_live_children"
"FIN-BRK-CHS-72X34-RS-WH","","","","no_live_children"
"FIN-BRK-CHS-72X42-LS","","","","no_live_children"
"FIN-BRK-CHS-72X42-LS-BE","","","","no_live_children"
"FIN-BRK-CHS-72X42-LS-BO","","","","no_live_children"
"FIN-BRK-CHS-72X42-LS-BR","","","","no_live_children"
"FIN-BRK-CHS-72X42-LS-GR","","","","no_live_children"
"FIN-BRK-CHS-72X42-LS-WH","","","","no_live_children"
"FIN-BRK-CHS-72X42-RS","","","","no_live_children"
"FIN-BRK-CHS-72X42-RS-BE","","","","no_live_children"
"FIN-BRK-CHS-72X42-RS-BO","","","","no_live_children"
"FIN-BRK-CHS-72X42-RS-BR","","","","no_live_children"
"FIN-BRK-CHS-72X42-RS-GR","","","","no_live_children"
"FIN-BRK-CHS-72X42-RS-WH","","","","no_live_children"
"FIN-BRK-CHS-84X34-LS","","","","no_live_children"
"FIN-BRK-CHS-84X34-LS-BE","","","","no_live_children"
"FIN-BRK-CHS-84X34-LS-BO","","","","no_live_children"
"FIN-BRK-CHS-84X34-LS-BR","","","","no_live_children"
"FIN-BRK-CHS-84X34-LS-GR","","","","no_live_children"
"FIN-BRK-CHS-84X34-LS-WH","","","","no_live_children"
"FIN-BRK-CHS-84X34-RS","","","","no_live_children"
"FIN-BRK-CHS-84X34-RS-BE","","","","no_live_children"
"FIN-BRK-CHS-84X34-RS-BO","","","","no_live_children"
"FIN-BRK-CHS-84X34-RS-BR","","","","no_live_children"
"FIN-BRK-CHS-84X34-RS-GR","","","","no_live_children"
"FIN-BRK-CHS-84X34-RS-WH","","","","no_live_children"
"FIN-BRK-CHS-84X42-LS","","","","no_live_children"
"FIN-BRK-CHS-84X42-LS-BE","","","","no_live_children"
"FIN-BRK-CHS-84X42-LS-BO","","","","no_live_children"
"FIN-BRK-CHS-84X42-LS-BR","","","","no_live_children"
"FIN-BRK-CHS-84X42-LS-GR","","","","no_live_children"
"FIN-BRK-CHS-84X42-LS-WH","","","","no_live_children"
"FIN-BRK-CHS-84X42-RS","","","","no_live_children"
"FIN-BRK-CHS-84X42-RS-BE","","","","no_live_children"
"FIN-BRK-CHS-84X42-RS-BO","","","","no_live_children"
"FIN-BRK-CHS-84X42-RS-BR","","","","no_live_children"
"FIN-BRK-CHS-84X42-RS-GR","","","","no_live_children"
"FIN-BRK-CHS-84X42-RS-WH","","","","no_live_children"
"FIN-BRK-CNT-TAB-120X28","ASM-BRK-CNT-TAB-120X28-FRAME","FRAME","1","export"
"FIN-BRK-CNT-TAB-120X36","ASM-BRK-CNT-TAB-120X36-FRAME","FRAME","1","export"
"FIN-BRK-CNT-TAB-28X120","ASM-BRK-CNT-TAB-28X120-FRAME","FRAME","1","export"
"FIN-BRK-CNT-TAB-28X72","ASM-BRK-CNT-TAB-28X72-FRAME","FRAME","1","export"
"FIN-BRK-CNT-TAB-28X72-TABLECOUNTER","","","","no_live_children"
"FIN-BRK-CNT-TAB-28X96","ASM-BRK-CNT-TAB-28X96-FRAME","FRAME","1","export"
"FIN-BRK-CNT-TAB-36X120","ASM-BRK-CNT-TAB-36X120-FRAME","FRAME","1","export"
"FIN-BRK-CNT-TAB-36X36","ASM-BRK-CNT-TAB-36X36-FRAME","FRAME","1","export"
"FIN-BRK-CNT-TAB-36X72","ASM-BRK-CNT-TAB-36X72-FRAME","FRAME","1","export"
"FIN-BRK-CNT-TAB-36X72-STARLEG","","","","no_live_children"
"FIN-BRK-CNT-TAB-36X96","ASM-BRK-CNT-TAB-36X96-FRAME","FRAME","1","export"
"FIN-BRK-CNT-TAB-42X42","ASM-BRK-CNT-TAB-42X42-FRAME","FRAME","1","export"
"FIN-BRK-CNT-TAB-72X18","ASM-BRK-CNT-TAB-72X18-FRAME","FRAME","1","export"
"FIN-BRK-CNT-TAB-72X28","ASM-BRK-CNT-TAB-72X28-FRAME","FRAME","1","export"
"FIN-BRK-CNT-TAB-72X36","ASM-BRK-CNT-TAB-72X36-FRAME","FRAME","1","export"
"FIN-BRK-CNT-TAB-96X28","ASM-BRK-CNT-TAB-96X28-FRAME","FRAME","1","export"
"FIN-BRK-CNT-TAB-96X36","ASM-BRK-CNT-TAB-96X36-FRAME","FRAME","1","export"
"FIN-BRK-COR-CHS-84X42","ASM-BRK-COR-CHS-84X42-FRAME","FRAME","1","export"
"FIN-BRK-COR-CHS-84X42","ASM-BRK-COR-CHS-84X42-CUSH","CUSH","1","export"
"FIN-BRK-COR-SOF-72X34","","","","no_live_children"
"FIN-BRK-COR-SOF-72X34-LS","","","","no_live_children"
"FIN-BRK-COR-SOF-72X34-LS-BE","","","","no_live_children"
"FIN-BRK-COR-SOF-72X34-LS-BO","","","","no_live_children"
"FIN-BRK-COR-SOF-72X34-LS-BR","","","","no_live_children"
"FIN-BRK-COR-SOF-72X34-LS-GR","","","","no_live_children"
"FIN-BRK-COR-SOF-72X34-LS-WH","","","","no_live_children"
"FIN-BRK-COR-SOF-72X34-RS","","","","no_live_children"
"FIN-BRK-COR-SOF-72X34-RS-BE","","","","no_live_children"
"FIN-BRK-COR-SOF-72X34-RS-BO","","","","no_live_children"
"FIN-BRK-COR-SOF-72X34-RS-BR","","","","no_live_children"
"FIN-BRK-COR-SOF-72X34-RS-GR","","","","no_live_children"
"FIN-BRK-COR-SOF-72X34-RS-WH","","","","no_live_children"
"FIN-BRK-COR-SOF-84X34","","","","no_live_children"
"FIN-BRK-COR-SOF-84X34-LS","","","","no_live_children"
"FIN-BRK-COR-SOF-84X34-LS-BE","","","","no_live_children"
"FIN-BRK-COR-SOF-84X34-LS-BO","","","","no_live_children"
"FIN-BRK-COR-SOF-84X34-LS-BR","","","","no_live_children"
"FIN-BRK-COR-SOF-84X34-LS-GR","","","","no_live_children"
"FIN-BRK-COR-SOF-84X34-LS-WH","","","","no_live_children"
"FIN-BRK-COR-SOF-84X34-RS","","","","no_live_children"
"FIN-BRK-COR-SOF-84X34-RS-BE","","","","no_live_children"
"FIN-BRK-COR-SOF-84X34-RS-BO","","","","no_live_children"
"FIN-BRK-COR-SOF-84X34-RS-BR","","","","no_live_children"
"FIN-BRK-COR-SOF-84X34-RS-GR","","","","no_live_children"
"FIN-BRK-COR-SOF-84X34-RS-WH","","","","no_live_children"
"FIN-BRK-COR-SOF-96X34","","","","no_live_children"
"FIN-BRK-COR-SOF-96X34-LS","","","","no_live_children"
"FIN-BRK-COR-SOF-96X34-LS-BE","","","","no_live_children"
"FIN-BRK-COR-SOF-96X34-LS-BO","","","","no_live_children"
"FIN-BRK-COR-SOF-96X34-LS-BR","","","","no_live_children"
"FIN-BRK-COR-SOF-96X34-LS-GR","","","","no_live_children"
"FIN-BRK-COR-SOF-96X34-LS-WH","","","","no_live_children"
"FIN-BRK-COR-SOF-96X34-RS","","","","no_live_children"
"FIN-BRK-COR-SOF-96X34-RS-BE","","","","no_live_children"
"FIN-BRK-COR-SOF-96X34-RS-BO","","","","no_live_children"
"FIN-BRK-COR-SOF-96X34-RS-BR","","","","no_live_children"
"FIN-BRK-COR-SOF-96X34-RS-GR","","","","no_live_children"
"FIN-BRK-COR-SOF-96X34-RS-WH","","","","no_live_children"
"FIN-BRK-DIN-TAB-120X28","ASM-BRK-DIN-TAB-120X28-FRAME","FRAME","1","export"
"FIN-BRK-DIN-TAB-120X36","ASM-BRK-DIN-TAB-120X36-FRAME","FRAME","1","export"
"FIN-BRK-DIN-TAB-28X120","ASM-BRK-DIN-TAB-28X120-FRAME","FRAME","1","export"
"FIN-BRK-DIN-TAB-28X72","ASM-BRK-DIN-TAB-28X72-FRAME","FRAME","1","export"
"FIN-BRK-DIN-TAB-28X96","ASM-BRK-DIN-TAB-28X96-FRAME","FRAME","1","export"
"FIN-BRK-DIN-TAB-36X120","ASM-BRK-DIN-TAB-36X120-FRAME","FRAME","1","export"
"FIN-BRK-DIN-TAB-36X36","ASM-BRK-DIN-TAB-36X36-FRAME","FRAME","1","export"
"FIN-BRK-DIN-TAB-36X72","ASM-BRK-DIN-TAB-36X72-FRAME","FRAME","1","export"
"FIN-BRK-DIN-TAB-36X72-STARLEG","","","","no_live_children"
"FIN-BRK-DIN-TAB-36X96","ASM-BRK-DIN-TAB-36X96-FRAME","FRAME","1","export"
"FIN-BRK-DIN-TAB-42X42","ASM-BRK-DIN-TAB-42X42-FRAME","FRAME","1","export"
"FIN-BRK-DIN-TAB-72X28","ASM-BRK-DIN-TAB-72X28-FRAME","FRAME","1","export"
"FIN-BRK-DIN-TAB-72X36","ASM-BRK-DIN-TAB-72X36-FRAME","FRAME","1","export"
"FIN-BRK-DIN-TAB-96X28","ASM-BRK-DIN-TAB-96X28-FRAME","FRAME","1","export"
"FIN-BRK-DIN-TAB-96X36","ASM-BRK-DIN-TAB-96X36-FRAME","FRAME","1","export"
"FIN-BRK-DOU-CHS-58X79","","","","no_live_children"
"FIN-BRK-DOU-CHS-58X79-BE","","","","no_live_children"
"FIN-BRK-DOU-CHS-58X79-BO","","","","no_live_children"
"FIN-BRK-DOU-CHS-58X79-BR","","","","no_live_children"
"FIN-BRK-DOU-CHS-58X79-GR","","","","no_live_children"
"FIN-BRK-DOU-CHS-58X79-WH","","","","no_live_children"
"FIN-BRK-LOV-SOF","","","","no_live_children"
"FIN-BRK-LOV-SOF-BE","","","","no_live_children"
"FIN-BRK-LOV-SOF-BO","","","","no_live_children"
"FIN-BRK-LOV-SOF-BR","","","","no_live_children"
"FIN-BRK-LOV-SOF-GR","","","","no_live_children"
"FIN-BRK-LOV-SOF-WH","","","","no_live_children"
"FIN-BRK-OTT-22X42","ASM-BRK-OTT-22X42-FRAME","FRAME","1","export"
"FIN-BRK-OTT-22X42","ASM-BRK-OTT-22X42-CUSH","CUSH","1","export"
"FIN-BRK-OTT-22X60","ASM-BRK-OTT-22X60-FRAME","FRAME","1","export"
"FIN-BRK-OTT-22X60","ASM-BRK-OTT-22X60-CUSH","CUSH","1","export"
"FIN-BRK-OTT-22X72","ASM-BRK-OTT-22X72-FRAME","FRAME","1","export"
"FIN-BRK-OTT-22X72","ASM-BRK-OTT-22X72-CUSH","CUSH","1","export"
"FIN-BRK-OTT-34X34","ASM-BRK-OTT-34X34-FRAME","FRAME","1","export"
"FIN-BRK-OTT-34X34","ASM-BRK-OTT-34X34-CUSH","CUSH","1","export"
"FIN-BRK-OTT-34X42","ASM-BRK-OTT-34X42-FRAME","FRAME","1","export"
"FIN-BRK-OTT-34X42","ASM-BRK-OTT-34X42-CUSH","CUSH","1","export"
"FIN-BRK-OTT-34X60","ASM-BRK-OTT-34X60-FRAME","FRAME","1","export"
"FIN-BRK-OTT-34X60","ASM-BRK-OTT-34X60-CUSH","CUSH","1","export"
"FIN-BRK-OTT-34X72","ASM-BRK-OTT-34X72-FRAME","FRAME","1","export"
"FIN-BRK-OTT-34X72","ASM-BRK-OTT-34X72-CUSH","CUSH","1","export"
"FIN-BRK-OTT-42X22","ASM-BRK-OTT-42X22-FRAME","FRAME","1","export"
"FIN-BRK-OTT-42X22","ASM-BRK-OTT-42X22-CUSH","CUSH","1","export"
"FIN-BRK-OTT-42X34","ASM-BRK-OTT-42X34-FRAME","FRAME","1","export"
"FIN-BRK-OTT-42X34","ASM-BRK-OTT-42X34-CUSH","CUSH","1","export"
"FIN-BRK-OTT-56X42","ASM-BRK-OTT-56X42-FRAME","FRAME","1","export"
"FIN-BRK-OTT-56X42","ASM-BRK-OTT-56X42-CUSH","CUSH","1","export"
"FIN-BRK-OTT-60X22","ASM-BRK-OTT-60X22-FRAME","FRAME","1","export"
"FIN-BRK-OTT-60X22","ASM-BRK-OTT-60X22-CUSH","CUSH","1","export"
"FIN-BRK-OTT-60X34","ASM-BRK-OTT-60X34-FRAME","FRAME","1","export"
"FIN-BRK-OTT-60X34","ASM-BRK-OTT-60X34-CUSH","CUSH","1","export"
"FIN-BRK-OTT-72X22","ASM-BRK-OTT-72X22-FRAME","FRAME","1","export"
"FIN-BRK-OTT-72X22","ASM-BRK-OTT-72X22-CUSH","CUSH","1","export"
"FIN-BRK-OTT-72X34","ASM-BRK-OTT-72X34-FRAME","FRAME","1","export"
"FIN-BRK-OTT-72X34","ASM-BRK-OTT-72X34-CUSH","CUSH","1","export"
"FIN-BRK-SGL-CHS-38X79","","","","no_live_children"
"FIN-BRK-SGL-CHS-38X79-BE","","","","no_live_children"
"FIN-BRK-SGL-CHS-38X79-BO","","","","no_live_children"
"FIN-BRK-SGL-CHS-38X79-BR","","","","no_live_children"
"FIN-BRK-SGL-CHS-38X79-GR","","","","no_live_children"
"FIN-BRK-SGL-CHS-38X79-WH","","","","no_live_children"
"FIN-BRK-SOF-60X34","ASM-BRK-SOF-60X34-FRAME","FRAME","1","export"
"FIN-BRK-SOF-60X34","ASM-BRK-SOF-60X34-CUSH","CUSH","1","export"
"FIN-BRK-SOF-72X34","","","","no_live_children"
"FIN-BRK-SOF-72X34-BE","","","","no_live_children"
"FIN-BRK-SOF-72X34-BO","","","","no_live_children"
"FIN-BRK-SOF-72X34-BR","","","","no_live_children"
"FIN-BRK-SOF-72X34-GR","","","","no_live_children"
"FIN-BRK-SOF-72X34-WH","","","","no_live_children"
"FIN-BRK-SOF-84X34","","","","no_live_children"
"FIN-BRK-SOF-84X34-BE","","","","no_live_children"
"FIN-BRK-SOF-84X34-BO","","","","no_live_children"
"FIN-BRK-SOF-84X34-BR","","","","no_live_children"
"FIN-BRK-SOF-84X34-GR","","","","no_live_children"
"FIN-BRK-SOF-84X34-WH","","","","no_live_children"
"FIN-BRK-SOF-96X34","","","","no_live_children"
"FIN-BRK-SOF-96X34-BE","","","","no_live_children"
"FIN-BRK-SOF-96X34-BO","","","","no_live_children"
"FIN-BRK-SOF-96X34-BR","","","","no_live_children"
"FIN-BRK-SOF-96X34-GR","","","","no_live_children"
"FIN-BRK-SOF-96X34-WH","","","","no_live_children"
"FIN-BRK-TRA-DOU-CHS-48X72","","","","no_live_children"
"FIN-BRK-TRA-DOU-CHS-48X72-BE","","","","no_live_children"
"FIN-BRK-TRA-DOU-CHS-48X72-BO","","","","no_live_children"
"FIN-BRK-TRA-DOU-CHS-48X72-BR","","","","no_live_children"
"FIN-BRK-TRA-DOU-CHS-48X72-GR","","","","no_live_children"
"FIN-BRK-TRA-DOU-CHS-48X72-WH","","","","no_live_children"
"FIN-BRK-TRA-SGL-CHS-36X72","","","","no_live_children"
"FIN-BRK-TRA-SGL-CHS-36X72-BE","","","","no_live_children"
"FIN-BRK-TRA-SGL-CHS-36X72-BO","","","","no_live_children"
"FIN-BRK-TRA-SGL-CHS-36X72-BR","","","","no_live_children"
"FIN-BRK-TRA-SGL-CHS-36X72-GR","","","","no_live_children"
"FIN-BRK-TRA-SGL-CHS-36X72-WH","","","","no_live_children"
"FIN-BRV-ARM-LOV-60","","","","no_live_children"
"FIN-BRV-ARM-LOV-60-BE","","","","no_live_children"
"FIN-BRV-ARM-LOV-60-BO","","","","no_live_children"
"FIN-BRV-ARM-LOV-60-BR","","","","no_live_children"
"FIN-BRV-ARM-LOV-60-GR","","","","no_live_children"
"FIN-BRV-ARM-LOV-60-WH","","","","no_live_children"
"FIN-BRV-ARM-SOF-34X34","ASM-BRV-ARM-SOF-34X34-FRAME","FRAME","1","export"
"FIN-BRV-ARM-SOF-34X34","ASM-BRV-ARM-SOF-34X34-CUSH","CUSH","1","export"
"FIN-BRV-ARM-SOF-72","","","","no_live_children"
"FIN-BRV-ARM-SOF-72-BE","","","","no_live_children"
"FIN-BRV-ARM-SOF-72-BO","","","","no_live_children"
"FIN-BRV-ARM-SOF-72-BR","","","","no_live_children"
"FIN-BRV-ARM-SOF-72-GR","","","","no_live_children"
"FIN-BRV-ARM-SOF-72-WH","","","","no_live_children"
"FIN-BRV-ARM-SOF-72X34","ASM-BRV-ARM-SOF-72X34-FRAME","FRAME","1","export"
"FIN-BRV-ARM-SOF-72X34","ASM-BRV-ARM-SOF-72X34-CUSH","CUSH","1","export"
"FIN-BRV-ARM-SOF-72X34-ARMLESSSOFA","","","","no_live_children"
"FIN-BRV-ARM-SOF-84","","","","no_live_children"
"FIN-BRV-ARM-SOF-84-BE","","","","no_live_children"
"FIN-BRV-ARM-SOF-84-BO","","","","no_live_children"
"FIN-BRV-ARM-SOF-84-BR","","","","no_live_children"
"FIN-BRV-ARM-SOF-84-GR","","","","no_live_children"
"FIN-BRV-ARM-SOF-84-WH","","","","no_live_children"
"FIN-BRV-ARM-SOF-84X34","ASM-BRV-ARM-SOF-84X34-FRAME","FRAME","1","export"
"FIN-BRV-ARM-SOF-84X34","ASM-BRV-ARM-SOF-84X34-CUSH","CUSH","1","export"
"FIN-BRV-ARM-SOF-96","","","","no_live_children"
"FIN-BRV-ARM-SOF-96-BE","","","","no_live_children"
"FIN-BRV-ARM-SOF-96-BO","","","","no_live_children"
"FIN-BRV-ARM-SOF-96-BR","","","","no_live_children"
"FIN-BRV-ARM-SOF-96-GR","","","","no_live_children"
"FIN-BRV-ARM-SOF-96-WH","","","","no_live_children"
"FIN-BRV-ARM-SOF-96X34","ASM-BRV-ARM-SOF-96X34-FRAME","FRAME","1","export"
"FIN-BRV-ARM-SOF-96X34","ASM-BRV-ARM-SOF-96X34-CUSH","CUSH","1","export"
"FIN-BRV-BCH-96X34","ASM-BRV-BCH-96X34-FRAME","FRAME","1","export"
"FIN-BRV-BCH-96X34","ASM-BRV-BCH-96X34-CUSH","CUSH","1","export"
"FIN-BRV-BCH-96X34-ROUNDEDBACKED","","","","no_live_children"
"FIN-BRV-CHS-34X72-LS","","","","no_live_children"
"FIN-BRV-CHS-34X72-LS-BE","","","","no_live_children"
"FIN-BRV-CHS-34X72-LS-BO","","","","no_live_children"
"FIN-BRV-CHS-34X72-LS-BR","","","","no_live_children"
"FIN-BRV-CHS-34X72-LS-GR","","","","no_live_children"
"FIN-BRV-CHS-34X72-LS-WH","","","","no_live_children"
"FIN-BRV-CHS-34X72-RS","","","","no_live_children"
"FIN-BRV-CHS-34X72-RS-BE","","","","no_live_children"
"FIN-BRV-CHS-34X72-RS-BO","","","","no_live_children"
"FIN-BRV-CHS-34X72-RS-BR","","","","no_live_children"
"FIN-BRV-CHS-34X72-RS-GR","","","","no_live_children"
"FIN-BRV-CHS-34X72-RS-WH","","","","no_live_children"
"FIN-BRV-CHS-34X84-LS","","","","no_live_children"
"FIN-BRV-CHS-34X84-LS-BE","","","","no_live_children"
"FIN-BRV-CHS-34X84-LS-BO","","","","no_live_children"
"FIN-BRV-CHS-34X84-LS-BR","","","","no_live_children"
"FIN-BRV-CHS-34X84-LS-GR","","","","no_live_children"
"FIN-BRV-CHS-34X84-LS-WH","","","","no_live_children"
"FIN-BRV-CHS-34X84-RS","","","","no_live_children"
"FIN-BRV-CHS-34X84-RS-BE","","","","no_live_children"
"FIN-BRV-CHS-34X84-RS-BO","","","","no_live_children"
"FIN-BRV-CHS-34X84-RS-BR","","","","no_live_children"
"FIN-BRV-CHS-34X84-RS-GR","","","","no_live_children"
"FIN-BRV-CHS-34X84-RS-WH","","","","no_live_children"
"FIN-BRV-CHS-42X72-LS","","","","no_live_children"
"FIN-BRV-CHS-42X72-LS-BE","","","","no_live_children"
"FIN-BRV-CHS-42X72-LS-BO","","","","no_live_children"
"FIN-BRV-CHS-42X72-LS-BR","","","","no_live_children"
"FIN-BRV-CHS-42X72-LS-GR","","","","no_live_children"
"FIN-BRV-CHS-42X72-LS-WH","","","","no_live_children"
"FIN-BRV-CHS-42X72-RS","","","","no_live_children"
"FIN-BRV-CHS-42X72-RS-BE","","","","no_live_children"
"FIN-BRV-CHS-42X72-RS-BO","","","","no_live_children"
"FIN-BRV-CHS-42X72-RS-BR","","","","no_live_children"
"FIN-BRV-CHS-42X72-RS-GR","","","","no_live_children"
"FIN-BRV-CHS-42X72-RS-WH","","","","no_live_children"
"FIN-BRV-CHS-42X84-LS","","","","no_live_children"
"FIN-BRV-CHS-42X84-LS-BE","","","","no_live_children"
"FIN-BRV-CHS-42X84-LS-BO","","","","no_live_children"
"FIN-BRV-CHS-42X84-LS-BR","","","","no_live_children"
"FIN-BRV-CHS-42X84-LS-GR","","","","no_live_children"
"FIN-BRV-CHS-42X84-LS-WH","","","","no_live_children"
"FIN-BRV-CHS-42X84-RS","","","","no_live_children"
"FIN-BRV-CHS-42X84-RS-BE","","","","no_live_children"
"FIN-BRV-CHS-42X84-RS-BO","","","","no_live_children"
"FIN-BRV-CHS-42X84-RS-BR","","","","no_live_children"
"FIN-BRV-CHS-42X84-RS-GR","","","","no_live_children"
"FIN-BRV-CHS-42X84-RS-WH","","","","no_live_children"
"FIN-BRV-CLB-CHA","","","","no_live_children"
"FIN-BRV-CLB-CHA-34X34","SA-BRV-CLB-CHA-34X34-CUSH","CUSH","1","export"
"FIN-BRV-CLB-CHA-BE","","","","no_live_children"
"FIN-BRV-CLB-CHA-BO","","","","no_live_children"
"FIN-BRV-CLB-CHA-BR","","","","no_live_children"
"FIN-BRV-CLB-CHA-GR","","","","no_live_children"
"FIN-BRV-CLB-CHA-WH","","","","no_live_children"
"FIN-BRV-COF-TAB","","","","no_live_children"
"FIN-BRV-COF-TAB-28X42","ASM-BRV-COF-TAB-28X42-FRAME","FRAME","1","export"
"FIN-BRV-COF-TAB-36X36","","","","no_live_children"
"FIN-BRV-COF-TAB-36X36-BE","","","","no_live_children"
"FIN-BRV-COF-TAB-36X36-BO","","","","no_live_children"
"FIN-BRV-COF-TAB-36X36-BR","","","","no_live_children"
"FIN-BRV-COF-TAB-36X36-GR","","","","no_live_children"
"FIN-BRV-COF-TAB-36X36-WT","","","","no_live_children"
"FIN-BRV-COF-TAB-36X56","ASM-BRV-COF-TAB-36X56-FRAME","FRAME","1","export"
"FIN-BRV-COF-TAB-42X28","","","","no_live_children"
"FIN-BRV-COF-TAB-42X28-BE","","","","no_live_children"
"FIN-BRV-COF-TAB-42X28-BO","","","","no_live_children"
"FIN-BRV-COF-TAB-42X28-BR","","","","no_live_children"
"FIN-BRV-COF-TAB-42X28-GR","","","","no_live_children"
"FIN-BRV-COF-TAB-42X28-WH","","","","no_live_children"
"FIN-BRV-COF-TAB-42X42","","","","no_live_children"
"FIN-BRV-COF-TAB-42X42-BE","","","","no_live_children"
"FIN-BRV-COF-TAB-42X42-BO","","","","no_live_children"
"FIN-BRV-COF-TAB-42X42-BR","","","","no_live_children"
"FIN-BRV-COF-TAB-42X42-GR","","","","no_live_children"
"FIN-BRV-COF-TAB-42X42-WH","","","","no_live_children"
"FIN-BRV-COF-TAB-42X56","ASM-BRV-COF-TAB-42X56-FRAME","FRAME","1","export"
"FIN-BRV-COF-TAB-42X72","ASM-BRV-COF-TAB-42X72-FRAME","FRAME","1","export"
"FIN-BRV-COF-TAB-56X28","","","","no_live_children"
"FIN-BRV-COF-TAB-56X28-BE","","","","no_live_children"
"FIN-BRV-COF-TAB-56X28-BO","","","","no_live_children"
"FIN-BRV-COF-TAB-56X28-BR","","","","no_live_children"
"FIN-BRV-COF-TAB-56X28-GR","","","","no_live_children"
"FIN-BRV-COF-TAB-56X28-WH","","","","no_live_children"
"FIN-BRV-COF-TAB-56X36","","","","no_live_children"
"FIN-BRV-COF-TAB-56X36-BE","","","","no_live_children"
"FIN-BRV-COF-TAB-56X36-BO","","","","no_live_children"
"FIN-BRV-COF-TAB-56X36-BR","","","","no_live_children"
"FIN-BRV-COF-TAB-56X36-GR","","","","no_live_children"
"FIN-BRV-COF-TAB-56X36-WH","","","","no_live_children"
"FIN-BRV-COF-TAB-56X42","","","","no_live_children"
"FIN-BRV-COF-TAB-56X42-BE","","","","no_live_children"
"FIN-BRV-COF-TAB-56X42-BO","","","","no_live_children"
"FIN-BRV-COF-TAB-56X42-BR","","","","no_live_children"
"FIN-BRV-COF-TAB-56X42-GR","","","","no_live_children"
"FIN-BRV-COF-TAB-56X42-WH","","","","no_live_children"
"FIN-BRV-COF-TAB-56X56","","","","no_live_children"
"FIN-BRV-COF-TAB-56X56-BE","","","","no_live_children"
"FIN-BRV-COF-TAB-56X56-BO","","","","no_live_children"
"FIN-BRV-COF-TAB-56X56-BR","","","","no_live_children"
"FIN-BRV-COF-TAB-56X56-GR","","","","no_live_children"
"FIN-BRV-COF-TAB-56X56-WH","","","","no_live_children"
"FIN-BRV-COF-TAB-56X72","ASM-BRV-COF-TAB-56X72-FRAME","FRAME","1","export"
"FIN-BRV-COF-TAB-72X36","","","","no_live_children"
"FIN-BRV-COF-TAB-72X36-BE","","","","no_live_children"
"FIN-BRV-COF-TAB-72X36-BO","","","","no_live_children"
"FIN-BRV-COF-TAB-72X36-BR","","","","no_live_children"
"FIN-BRV-COF-TAB-72X36-GR","","","","no_live_children"
"FIN-BRV-COF-TAB-72X36-WH","","","","no_live_children"
"FIN-BRV-COF-TAB-72X42","","","","no_live_children"
"FIN-BRV-COF-TAB-72X42-BE","","","","no_live_children"
"FIN-BRV-COF-TAB-72X42-BO","","","","no_live_children"
"FIN-BRV-COF-TAB-72X42-BR","","","","no_live_children"
"FIN-BRV-COF-TAB-72X42-GR","","","","no_live_children"
"FIN-BRV-COF-TAB-72X42-WH","","","","no_live_children"
"FIN-BRV-COF-TAB-72X56","","","","no_live_children"
"FIN-BRV-COF-TAB-72X56-BE","","","","no_live_children"
"FIN-BRV-COF-TAB-72X56-BO","","","","no_live_children"
"FIN-BRV-COF-TAB-72X56-BR","","","","no_live_children"
"FIN-BRV-COF-TAB-72X56-GR","","","","no_live_children"
"FIN-BRV-COF-TAB-72X56-WH","","","","no_live_children"
"FIN-BRV-COR-CHS-72X34","ASM-BRV-COR-CHS-72X34-FRAME","FRAME","1","export"
"FIN-BRV-COR-CHS-72X34","ASM-BRV-COR-CHS-72X34-CUSH","CUSH","1","export"
"FIN-BRV-COR-CHS-84X34","ASM-BRV-COR-CHS-84X34-FRAME","FRAME","1","export"
"FIN-BRV-COR-CHS-84X34","ASM-BRV-COR-CHS-84X34-CUSH","CUSH","1","export"
"FIN-BRV-COR-SOF-72X34","","","","no_live_children"
"FIN-BRV-COR-SOF-72X34-LS","","","","no_live_children"
"FIN-BRV-COR-SOF-72X34-LS-BE","","","","no_live_children"
"FIN-BRV-COR-SOF-72X34-LS-BO","","","","no_live_children"
"FIN-BRV-COR-SOF-72X34-LS-BR","","","","no_live_children"
"FIN-BRV-COR-SOF-72X34-LS-GR","","","","no_live_children"
"FIN-BRV-COR-SOF-72X34-LS-WH","","","","no_live_children"
"FIN-BRV-COR-SOF-72X34-RS","","","","no_live_children"
"FIN-BRV-COR-SOF-72X34-RS-BE","","","","no_live_children"
"FIN-BRV-COR-SOF-72X34-RS-BO","","","","no_live_children"
"FIN-BRV-COR-SOF-72X34-RS-BR","","","","no_live_children"
"FIN-BRV-COR-SOF-72X34-RS-GR","","","","no_live_children"
"FIN-BRV-COR-SOF-72X34-RS-WH","","","","no_live_children"
"FIN-BRV-COR-SOF-84X34","","","","no_live_children"
"FIN-BRV-COR-SOF-84X34-LS","","","","no_live_children"
"FIN-BRV-COR-SOF-84X34-LS-BE","","","","no_live_children"
"FIN-BRV-COR-SOF-84X34-LS-BO","","","","no_live_children"
"FIN-BRV-COR-SOF-84X34-LS-BR","","","","no_live_children"
"FIN-BRV-COR-SOF-84X34-LS-GR","","","","no_live_children"
"FIN-BRV-COR-SOF-84X34-LS-WH","","","","no_live_children"
"FIN-BRV-COR-SOF-84X34-RS","","","","no_live_children"
"FIN-BRV-COR-SOF-84X34-RS-BE","","","","no_live_children"
"FIN-BRV-COR-SOF-84X34-RS-BO","","","","no_live_children"
"FIN-BRV-COR-SOF-84X34-RS-BR","","","","no_live_children"
"FIN-BRV-COR-SOF-84X34-RS-GR","","","","no_live_children"
"FIN-BRV-COR-SOF-84X34-RS-WH","","","","no_live_children"
"FIN-BRV-COR-SOF-96X34","","","","no_live_children"
"FIN-BRV-COR-SOF-96X34-LS","","","","no_live_children"
"FIN-BRV-COR-SOF-96X34-LS-BE","","","","no_live_children"
"FIN-BRV-COR-SOF-96X34-LS-BO","","","","no_live_children"
"FIN-BRV-COR-SOF-96X34-LS-BR","","","","no_live_children"
"FIN-BRV-COR-SOF-96X34-LS-GR","","","","no_live_children"
"FIN-BRV-COR-SOF-96X34-LS-WH","","","","no_live_children"
"FIN-BRV-COR-SOF-96X34-RS","","","","no_live_children"
"FIN-BRV-COR-SOF-96X34-RS-BE","","","","no_live_children"
"FIN-BRV-COR-SOF-96X34-RS-BO","","","","no_live_children"
"FIN-BRV-COR-SOF-96X34-RS-BR","","","","no_live_children"
"FIN-BRV-COR-SOF-96X34-RS-GR","","","","no_live_children"
"FIN-BRV-COR-SOF-96X34-RS-WH","","","","no_live_children"
"FIN-BRV-DOU-CHS-58X79","","","","no_live_children"
"FIN-BRV-DOU-CHS-58X79-BE","","","","no_live_children"
"FIN-BRV-DOU-CHS-58X79-BO","","","","no_live_children"
"FIN-BRV-DOU-CHS-58X79-BR","","","","no_live_children"
"FIN-BRV-DOU-CHS-58X79-GR","","","","no_live_children"
"FIN-BRV-DOU-CHS-58X79-NOARM","","","","no_live_children"
"FIN-BRV-DOU-CHS-58X79-NOARM-BE","","","","no_live_children"
"FIN-BRV-DOU-CHS-58X79-NOARM-BO","","","","no_live_children"
"FIN-BRV-DOU-CHS-58X79-NOARM-BR","","","","no_live_children"
"FIN-BRV-DOU-CHS-58X79-NOARM-GR","","","","no_live_children"
"FIN-BRV-DOU-CHS-58X79-NOARM-WH","","","","no_live_children"
"FIN-BRV-DOU-CHS-58X79-WH","","","","no_live_children"
"FIN-BRV-DYB-72X72","","","","no_live_children"
"FIN-BRV-DYB-72X72-BE","","","","no_live_children"
"FIN-BRV-DYB-72X72-BO","","","","no_live_children"
"FIN-BRV-DYB-72X72-BR","","","","no_live_children"
"FIN-BRV-DYB-72X72-GR","","","","no_live_children"
"FIN-BRV-DYB-72X72-WH","","","","no_live_children"
"FIN-BRV-DYB-72X78","","","","no_live_children"
"FIN-BRV-DYB-72X78-BE","","","","no_live_children"
"FIN-BRV-DYB-72X78-BO","","","","no_live_children"
"FIN-BRV-DYB-72X78-BR","","","","no_live_children"
"FIN-BRV-DYB-72X78-GR","","","","no_live_children"
"FIN-BRV-DYB-72X78-WH","","","","no_live_children"
"FIN-BRV-DYB-78X72","","","","no_live_children"
"FIN-BRV-DYB-78X72-BE","","","","no_live_children"
"FIN-BRV-DYB-78X72-BO","","","","no_live_children"
"FIN-BRV-DYB-78X72-BR","","","","no_live_children"
"FIN-BRV-DYB-78X72-GR","","","","no_live_children"
"FIN-BRV-DYB-78X72-WH","","","","no_live_children"
"FIN-BRV-DYB-78X78","","","","no_live_children"
"FIN-BRV-DYB-78X78-BE","","","","no_live_children"
"FIN-BRV-DYB-78X78-BO","","","","no_live_children"
"FIN-BRV-DYB-78X78-BR","","","","no_live_children"
"FIN-BRV-DYB-78X78-GR","","","","no_live_children"
"FIN-BRV-DYB-78X78-WH","","","","no_live_children"
"FIN-BRV-DYB-84X72","ASM-BRV-DYB-84X72-FRAME","FRAME","1","export"
"FIN-BRV-DYB-84X72","ASM-BRV-DYB-84X72-CUSH","CUSH","1","export"
"FIN-BRV-DYB-84X78","","","","no_live_children"
"FIN-BRV-DYB-84X78-BE","","","","no_live_children"
"FIN-BRV-DYB-84X78-BO","","","","no_live_children"
"FIN-BRV-DYB-84X78-BR","","","","no_live_children"
"FIN-BRV-DYB-84X78-GR","","","","no_live_children"
"FIN-BRV-DYB-84X78-WH","","","","no_live_children"
"FIN-BRV-DYB-84X84","ASM-BRV-DYB-84X84-FRAME","FRAME","1","export"
"FIN-BRV-DYB-84X84","ASM-BRV-DYB-84X84-CUSH","CUSH","1","export"
"FIN-BRV-DYB-84X84-DAYBED","","","","no_live_children"
"FIN-BRV-LOV-SOF-60X34","","","","no_live_children"
"FIN-BRV-LOV-SOF-60X34-BE","","","","no_live_children"
"FIN-BRV-LOV-SOF-60X34-BO","","","","no_live_children"
"FIN-BRV-LOV-SOF-60X34-BR","","","","no_live_children"
"FIN-BRV-LOV-SOF-60X34-GR","","","","no_live_children"
"FIN-BRV-LOV-SOF-60X34-WH","","","","no_live_children"
"FIN-BRV-MIN-LOV-48X34","","","","no_live_children"
"FIN-BRV-MIN-LOV-48X34-ARMLESSMINI","","","","no_live_children"
"FIN-BRV-MIN-LOV-48X34-BE","","","","no_live_children"
"FIN-BRV-MIN-LOV-48X34-BO","","","","no_live_children"
"FIN-BRV-MIN-LOV-48X34-BR","","","","no_live_children"
"FIN-BRV-MIN-LOV-48X34-GR","","","","no_live_children"
"FIN-BRV-MIN-LOV-48X34-MINILOVESEAT","","","","no_live_children"
"FIN-BRV-MIN-LOV-48X34-WH","","","","no_live_children"
"FIN-BRV-OTT-22X30","ASM-BRV-OTT-22X30-FRAME","FRAME","1","export"
"FIN-BRV-OTT-22X30","ASM-BRV-OTT-22X30-CUSH","CUSH","1","export"
"FIN-BRV-OTT-22X42","ASM-BRV-OTT-22X42-FRAME","FRAME","1","export"
"FIN-BRV-OTT-22X42","ASM-BRV-OTT-22X42-CUSH","CUSH","1","export"
"FIN-BRV-OTT-22X60","ASM-BRV-OTT-22X60-FRAME","FRAME","1","export"
"FIN-BRV-OTT-22X60","ASM-BRV-OTT-22X60-CUSH","CUSH","1","export"
"FIN-BRV-OTT-22X72","ASM-BRV-OTT-22X72-FRAME","FRAME","1","export"
"FIN-BRV-OTT-22X72","ASM-BRV-OTT-22X72-CUSH","CUSH","1","export"
"FIN-BRV-OTT-30X22","","","","no_live_children"
"FIN-BRV-OTT-30X22-BE","","","","no_live_children"
"FIN-BRV-OTT-30X22-BO","","","","no_live_children"
"FIN-BRV-OTT-30X22-BR","","","","no_live_children"
"FIN-BRV-OTT-30X22-GR","","","","no_live_children"
"FIN-BRV-OTT-30X22-WH","","","","no_live_children"
"FIN-BRV-OTT-34X34","","","","no_live_children"
"FIN-BRV-OTT-34X34-BE","","","","no_live_children"
"FIN-BRV-OTT-34X34-BO","","","","no_live_children"
"FIN-BRV-OTT-34X34-BR","","","","no_live_children"
"FIN-BRV-OTT-34X34-GR","","","","no_live_children"
"FIN-BRV-OTT-34X34-WH","","","","no_live_children"
"FIN-BRV-OTT-34X42","ASM-BRV-OTT-34X42-FRAME","FRAME","1","export"
"FIN-BRV-OTT-34X42","ASM-BRV-OTT-34X42-CUSH","CUSH","1","export"
"FIN-BRV-OTT-34X60","ASM-BRV-OTT-34X60-FRAME","FRAME","1","export"
"FIN-BRV-OTT-34X60","ASM-BRV-OTT-34X60-CUSH","CUSH","1","export"
"FIN-BRV-OTT-34X72","ASM-BRV-OTT-34X72-FRAME","FRAME","1","export"
"FIN-BRV-OTT-34X72","ASM-BRV-OTT-34X72-CUSH","CUSH","1","export"
"FIN-BRV-OTT-42X22","","","","no_live_children"
"FIN-BRV-OTT-42X22-BE","","","","no_live_children"
"FIN-BRV-OTT-42X22-BO","","","","no_live_children"
"FIN-BRV-OTT-42X22-BR","","","","no_live_children"
"FIN-BRV-OTT-42X22-GR","","","","no_live_children"
"FIN-BRV-OTT-42X22-WH","","","","no_live_children"
"FIN-BRV-OTT-42X34","","","","no_live_children"
"FIN-BRV-OTT-42X34-BE","","","","no_live_children"
"FIN-BRV-OTT-42X34-BO","","","","no_live_children"
"FIN-BRV-OTT-42X34-BR","","","","no_live_children"
"FIN-BRV-OTT-42X34-GR","","","","no_live_children"
"FIN-BRV-OTT-42X34-WH","","","","no_live_children"
"FIN-BRV-OTT-60X22","","","","no_live_children"
"FIN-BRV-OTT-60X22-BE","","","","no_live_children"
"FIN-BRV-OTT-60X22-BO","","","","no_live_children"
"FIN-BRV-OTT-60X22-BR","","","","no_live_children"
"FIN-BRV-OTT-60X22-GR","","","","no_live_children"
"FIN-BRV-OTT-60X22-WH","","","","no_live_children"
"FIN-BRV-OTT-60X34","","","","no_live_children"
"FIN-BRV-OTT-60X34-BE","","","","no_live_children"
"FIN-BRV-OTT-60X34-BO","","","","no_live_children"
"FIN-BRV-OTT-60X34-BR","","","","no_live_children"
"FIN-BRV-OTT-60X34-GR","","","","no_live_children"
"FIN-BRV-OTT-60X34-WH","","","","no_live_children"
"FIN-BRV-OTT-72X22","","","","no_live_children"
"FIN-BRV-OTT-72X22-BE","","","","no_live_children"
"FIN-BRV-OTT-72X22-BO","","","","no_live_children"
"FIN-BRV-OTT-72X22-BR","","","","no_live_children"
"FIN-BRV-OTT-72X22-GR","","","","no_live_children"
"FIN-BRV-OTT-72X22-WH","","","","no_live_children"
"FIN-BRV-OTT-72X34","","","","no_live_children"
"FIN-BRV-OTT-72X34-BE","","","","no_live_children"
"FIN-BRV-OTT-72X34-BO","","","","no_live_children"
"FIN-BRV-OTT-72X34-BR","","","","no_live_children"
"FIN-BRV-OTT-72X34-GR","","","","no_live_children"
"FIN-BRV-OTT-72X34-WH","","","","no_live_children"
"FIN-BRV-OTT-DKT-30X22","","","","no_live_children"
"FIN-BRV-OTT-DKT-30X22-BE","","","","no_live_children"
"FIN-BRV-OTT-DKT-30X22-BO","","","","no_live_children"
"FIN-BRV-OTT-DKT-30X22-BR","","","","no_live_children"
"FIN-BRV-OTT-DKT-30X22-GR","","","","no_live_children"
"FIN-BRV-OTT-DKT-30X22-WH","","","","no_live_children"
"FIN-BRV-OTT-DKT-34X34","","","","no_live_children"
"FIN-BRV-OTT-DKT-34X34-BE","","","","no_live_children"
"FIN-BRV-OTT-DKT-34X34-BO","","","","no_live_children"
"FIN-BRV-OTT-DKT-34X34-BR","","","","no_live_children"
"FIN-BRV-OTT-DKT-34X34-GR","","","","no_live_children"
"FIN-BRV-OTT-DKT-34X34-WH","","","","no_live_children"
"FIN-BRV-OTT-DKT-42X22","","","","no_live_children"
"FIN-BRV-OTT-DKT-42X22-BE","","","","no_live_children"
"FIN-BRV-OTT-DKT-42X22-BO","","","","no_live_children"
"FIN-BRV-OTT-DKT-42X22-BR","","","","no_live_children"
"FIN-BRV-OTT-DKT-42X22-GR","","","","no_live_children"
"FIN-BRV-OTT-DKT-42X22-WH","","","","no_live_children"
"FIN-BRV-OTT-DKT-42X34","","","","no_live_children"
"FIN-BRV-OTT-DKT-42X34-BE","","","","no_live_children"
"FIN-BRV-OTT-DKT-42X34-BO","","","","no_live_children"
"FIN-BRV-OTT-DKT-42X34-BR","","","","no_live_children"
"FIN-BRV-OTT-DKT-42X34-GR","","","","no_live_children"
"FIN-BRV-OTT-DKT-42X34-WH","","","","no_live_children"
"FIN-BRV-OTT-DKT-60X22","","","","no_live_children"
"FIN-BRV-OTT-DKT-60X22-BE","","","","no_live_children"
"FIN-BRV-OTT-DKT-60X22-BO","","","","no_live_children"
"FIN-BRV-OTT-DKT-60X22-BR","","","","no_live_children"
"FIN-BRV-OTT-DKT-60X22-GR","","","","no_live_children"
"FIN-BRV-OTT-DKT-60X22-WH","","","","no_live_children"
"FIN-BRV-OTT-DKT-60X34","","","","no_live_children"
"FIN-BRV-OTT-DKT-60X34-BE","","","","no_live_children"
"FIN-BRV-OTT-DKT-60X34-BO","","","","no_live_children"
"FIN-BRV-OTT-DKT-60X34-BR","","","","no_live_children"
"FIN-BRV-OTT-DKT-60X34-GR","","","","no_live_children"
"FIN-BRV-OTT-DKT-60X34-WH","","","","no_live_children"
"FIN-BRV-OTT-DKT-72X22","","","","no_live_children"
"FIN-BRV-OTT-DKT-72X22-BE","","","","no_live_children"
"FIN-BRV-OTT-DKT-72X22-BO","","","","no_live_children"
"FIN-BRV-OTT-DKT-72X22-BR","","","","no_live_children"
"FIN-BRV-OTT-DKT-72X22-GR","","","","no_live_children"
"FIN-BRV-OTT-DKT-72X22-WH","","","","no_live_children"
"FIN-BRV-OTT-DKT-72X34","","","","no_live_children"
"FIN-BRV-OTT-DKT-72X34-BE","","","","no_live_children"
"FIN-BRV-OTT-DKT-72X34-BO","","","","no_live_children"
"FIN-BRV-OTT-DKT-72X34-BR","","","","no_live_children"
"FIN-BRV-OTT-DKT-72X34-GR","","","","no_live_children"
"FIN-BRV-OTT-DKT-72X34-WH","","","","no_live_children"
"FIN-BRV-OVS-CHS-72X42","ASM-BRV-OVS-CHS-72X42-FRAME","FRAME","1","export"
"FIN-BRV-OVS-CHS-72X42","ASM-BRV-OVS-CHS-72X42-CUSH","CUSH","1","export"
"FIN-BRV-OVS-CHS-84X42","ASM-BRV-OVS-CHS-84X42-FRAME","FRAME","1","export"
"FIN-BRV-OVS-CHS-84X42","ASM-BRV-OVS-CHS-84X42-CUSH","CUSH","1","export"
"FIN-BRV-SGL-CHS-30X79","","","","no_live_children"
"FIN-BRV-SGL-CHS-30X79-BE","","","","no_live_children"
"FIN-BRV-SGL-CHS-30X79-BO","","","","no_live_children"
"FIN-BRV-SGL-CHS-30X79-BR","","","","no_live_children"
"FIN-BRV-SGL-CHS-30X79-GR","","","","no_live_children"
"FIN-BRV-SGL-CHS-30X79-NOARM","","","","no_live_children"
"FIN-BRV-SGL-CHS-30X79-NOARM-BE","","","","no_live_children"
"FIN-BRV-SGL-CHS-30X79-NOARM-BO","","","","no_live_children"
"FIN-BRV-SGL-CHS-30X79-NOARM-BR","","","","no_live_children"
"FIN-BRV-SGL-CHS-30X79-NOARM-GR","","","","no_live_children"
"FIN-BRV-SGL-CHS-30X79-NOARM-WH","","","","no_live_children"
"FIN-BRV-SGL-CHS-30X79-WH","","","","no_live_children"
"FIN-BRV-SID-TAB-20X20","","","","no_live_children"
"FIN-BRV-SID-TAB-20X20-BE","","","","no_live_children"
"FIN-BRV-SID-TAB-20X20-BO","","","","no_live_children"
"FIN-BRV-SID-TAB-20X20-BR","","","","no_live_children"
"FIN-BRV-SID-TAB-20X20-GR","","","","no_live_children"
"FIN-BRV-SID-TAB-20X20-WH","","","","no_live_children"
"FIN-BRV-SOF-72X34","","","","no_live_children"
"FIN-BRV-SOF-72X34-BE","","","","no_live_children"
"FIN-BRV-SOF-72X34-BO","","","","no_live_children"
"FIN-BRV-SOF-72X34-BR","","","","no_live_children"
"FIN-BRV-SOF-72X34-GR","","","","no_live_children"
"FIN-BRV-SOF-72X34-WH","","","","no_live_children"
"FIN-BRV-SOF-84X34","","","","no_live_children"
"FIN-BRV-SOF-84X34-BE","","","","no_live_children"
"FIN-BRV-SOF-84X34-BO","","","","no_live_children"
"FIN-BRV-SOF-84X34-BR","","","","no_live_children"
"FIN-BRV-SOF-84X34-GR","","","","no_live_children"
"FIN-BRV-SOF-84X34-WH","","","","no_live_children"
"FIN-BRV-SOF-96X34","","","","no_live_children"
"FIN-BRV-SOF-96X34-BE","","","","no_live_children"
"FIN-BRV-SOF-96X34-BO","","","","no_live_children"
"FIN-BRV-SOF-96X34-BR","","","","no_live_children"
"FIN-BRV-SOF-96X34-GR","","","","no_live_children"
"FIN-BRV-SOF-96X34-WH","","","","no_live_children"
"FIN-BRV-SWG-66X42","","","","no_live_children"
"FIN-BRV-SWG-66X42-SWINGFRAME","","","","no_live_children"
"FIN-BRV-SWG-72X12","","","","no_live_children"
"FIN-BRV-SWG-72X42","","","","no_live_children"
"FIN-BRV-SWG-72X42-SWINGFRAME","","","","no_live_children"
"FIN-BRV-SWG-72X42-SWINGFRAME2","","","","no_live_children"
"FIN-BRV-SWG-84","","","","no_live_children"
"FIN-BRV-SWG-84X42","","","","no_live_children"
"FIN-BRV-SWG-96X32","","","","no_live_children"
"FIN-BRV-SWV-CHA","ASM-BRV-SWV-CHA-FRAME","FRAME","1","export"
"FIN-BRV-SWV-CHA","ASM-BRV-SWV-CHA-CUSH","CUSH","1","export"
"FIN-BRV-SWV-CHA-34X34","","","","no_live_children"
"FIN-BRV-SWV-CHA-BE","","","","no_live_children"
"FIN-BRV-SWV-CHA-BO","","","","no_live_children"
"FIN-BRV-SWV-CHA-BR","","","","no_live_children"
"FIN-BRV-SWV-CHA-GR","","","","no_live_children"
"FIN-BRV-SWV-CHA-WH","","","","no_live_children"
"FIN-CAB-DYB-84X84","ASM-CAB-DYB-84X84-FRAME","FRAME","1","export"
"FIN-CAB-DYB-84X84","ASM-CAB-DYB-84X84-CUSH","CUSH","1","export"
"FIN-CAB-MIS","","","","no_live_children"
"FIN-CAB-MIS-10X10","ASM-CAB-MIS-10X10-FRAME","FRAME","1","export"
"FIN-CAB-MIS-10X10","ASM-CAB-MIS-10X10-CUSH","CUSH","1","export"
"FIN-CAB-MIS-12X24","","","","no_live_children"
"FIN-CAB-MIS-17X17","","","","no_live_children"
"FIN-CAB-MIS-23X23","","","","no_live_children"
"FIN-CAN-UMB","","","","no_live_children"
"FIN-CUS-OTT-22X72","ASM-CUS-OTT-22X72-FRAME","FRAME","1","export"
"FIN-CUS-OTT-22X72","ASM-CUS-OTT-22X72-CUSH","CUSH","1","export"
"FIN-CUS-OTT-23X82","ASM-CUS-OTT-23X82-FRAME","FRAME","1","export"
"FIN-CUS-OTT-23X82","ASM-CUS-OTT-23X82-CUSH","CUSH","1","export"
"FIN-CUS-OTT-72X22","ASM-CUS-OTT-72X22-FRAME","FRAME","1","export"
"FIN-CUS-OTT-72X22","ASM-CUS-OTT-72X22-CUSH","CUSH","1","export"
"FIN-CUS-OTT-82X23","ASM-CUS-OTT-82X23-FRAME","FRAME","1","export"
"FIN-CUS-OTT-82X23","ASM-CUS-OTT-82X23-CUSH","CUSH","1","export"
"FIN-DAI-BAR-TAB-120X42","ASM-DAI-BAR-TAB-120X42-FRAME","FRAME","1","export"
"FIN-DAI-BAR-TAB-120X56","ASM-DAI-BAR-TAB-120X56-FRAME","FRAME","1","export"
"FIN-DAI-BAR-TAB-42X120","ASM-DAI-BAR-TAB-42X120-FRAME","FRAME","1","export"
"FIN-DAI-BAR-TAB-42X72","ASM-DAI-BAR-TAB-42X72-FRAME","FRAME","1","export"
"FIN-DAI-BAR-TAB-42X96","ASM-DAI-BAR-TAB-42X96-FRAME","FRAME","1","export"
"FIN-DAI-BAR-TAB-56X120","ASM-DAI-BAR-TAB-56X120-FRAME","FRAME","1","export"
"FIN-DAI-BAR-TAB-56X56","ASM-DAI-BAR-TAB-56X56-FRAME","FRAME","1","export"
"FIN-DAI-BAR-TAB-56X72","ASM-DAI-BAR-TAB-56X72-FRAME","FRAME","1","export"
"FIN-DAI-BAR-TAB-56X96","ASM-DAI-BAR-TAB-56X96-FRAME","FRAME","1","export"
"FIN-DAI-BAR-TAB-72X42","ASM-DAI-BAR-TAB-72X42-FRAME","FRAME","1","export"
"FIN-DAI-BAR-TAB-72X56","ASM-DAI-BAR-TAB-72X56-FRAME","FRAME","1","export"
"FIN-DAI-BAR-TAB-96X42","ASM-DAI-BAR-TAB-96X42-FRAME","FRAME","1","export"
"FIN-DAI-BAR-TAB-96X56","ASM-DAI-BAR-TAB-96X56-FRAME","FRAME","1","export"
"FIN-DAI-CNT-TAB-120X42","ASM-DAI-CNT-TAB-120X42-FRAME","FRAME","1","export"
"FIN-DAI-CNT-TAB-120X56","ASM-DAI-CNT-TAB-120X56-FRAME","FRAME","1","export"
"FIN-DAI-CNT-TAB-42X120","ASM-DAI-CNT-TAB-42X120-FRAME","FRAME","1","export"
"FIN-DAI-CNT-TAB-42X72","ASM-DAI-CNT-TAB-42X72-FRAME","FRAME","1","export"
"FIN-DAI-CNT-TAB-42X96","ASM-DAI-CNT-TAB-42X96-FRAME","FRAME","1","export"
"FIN-DAI-CNT-TAB-56X120","ASM-DAI-CNT-TAB-56X120-FRAME","FRAME","1","export"
"FIN-DAI-CNT-TAB-56X56","ASM-DAI-CNT-TAB-56X56-FRAME","FRAME","1","export"
"FIN-DAI-CNT-TAB-56X72","ASM-DAI-CNT-TAB-56X72-FRAME","FRAME","1","export"
"FIN-DAI-CNT-TAB-56X96","ASM-DAI-CNT-TAB-56X96-FRAME","FRAME","1","export"
"FIN-DAI-CNT-TAB-72X42","ASM-DAI-CNT-TAB-72X42-FRAME","FRAME","1","export"
"FIN-DAI-CNT-TAB-72X56","ASM-DAI-CNT-TAB-72X56-FRAME","FRAME","1","export"
"FIN-DAI-CNT-TAB-96X42","ASM-DAI-CNT-TAB-96X42-FRAME","FRAME","1","export"
"FIN-DAI-CNT-TAB-96X56","ASM-DAI-CNT-TAB-96X56-FRAME","FRAME","1","export"
"FIN-DAI-DIN-TAB-120X42","ASM-DAI-DIN-TAB-120X42-FRAME","FRAME","1","export"
"FIN-DAI-DIN-TAB-120X56","ASM-DAI-DIN-TAB-120X56-FRAME","FRAME","1","export"
"FIN-DAI-DIN-TAB-42X30","ASM-DAI-DIN-TAB-42X30-FRAME","FRAME","1","export"
"FIN-DAI-DIN-TAB-42X42","ASM-DAI-DIN-TAB-42X42-FRAME","FRAME","1","export"
"FIN-DAI-DIN-TAB-56X30","ASM-DAI-DIN-TAB-56X30-FRAME","FRAME","1","export"
"FIN-DAI-DIN-TAB-56X56","ASM-DAI-DIN-TAB-56X56-FRAME","FRAME","1","export"
"FIN-DAI-DIN-TAB-56X72","ASM-DAI-DIN-TAB-56X72-FRAME","FRAME","1","export"
"FIN-DAI-DIN-TAB-56X96","ASM-DAI-DIN-TAB-56X96-FRAME","FRAME","1","export"
"FIN-DAI-DIN-TAB-72X42","ASM-DAI-DIN-TAB-72X42-FRAME","FRAME","1","export"
"FIN-DAI-DIN-TAB-72X56","ASM-DAI-DIN-TAB-72X56-FRAME","FRAME","1","export"
"FIN-DAI-DIN-TAB-96X42","ASM-DAI-DIN-TAB-96X42-FRAME","FRAME","1","export"
"FIN-DAI-DIN-TAB-96X56","ASM-DAI-DIN-TAB-96X56-FRAME","FRAME","1","export"
"FIN-DAI-FIR-TAB-42X42","ASM-DAI-FIR-TAB-42X42-FRAME","FRAME","1","export"
"FIN-DAI-FIR-TAB-56X42","ASM-DAI-FIR-TAB-56X42-FRAME","FRAME","1","export"
"FIN-DAI-FIR-TAB-84X56","ASM-DAI-FIR-TAB-84X56-FRAME","FRAME","1","export"
"FIN-DAI-FIR-TAB-96X56","ASM-DAI-FIR-TAB-96X56-FRAME","FRAME","1","export"
"FIN-DAI-TAB-108X56","ASM-DAI-TAB-108X56-FRAME","FRAME","1","export"
"FIN-DAI-TAB-72X42","ASM-DAI-TAB-72X42-FRAME","FRAME","1","export"
"FIN-DAI-TAB-72X42-BE","","","","no_live_children"
"FIN-DAI-TAB-72X42-BO","","","","no_live_children"
"FIN-DAI-TAB-72X42-BR","","","","no_live_children"
"FIN-DAI-TAB-72X42-GR","","","","no_live_children"
"FIN-DAI-TAB-72X42-WH","","","","no_live_children"
"FIN-ESY-CHS","ASM-ESY-CHS-FRAME","FRAME","1","export"
"FIN-ESY-CHS","ASM-ESY-CHS-CUSH","CUSH","1","export"
"FIN-ESY-MIS","","","","no_live_children"
"FIN-ESY-MIS-ADDIRONWOOD","","","","no_live_children"
"FIN-ESY-MIS-TWINBASE","","","","no_live_children"
"FIN-ESY-MIS-UNFABRICATEDDE","","","","no_live_children"
"FIN-ESY-MIS-WEATHERPROOFCO","","","","no_live_children"
"FIN-ESY-MIS-ZENBASE","","","","no_live_children"
"FIN-ESY-MIS-ZENCOVER","","","","no_live_children"
"FIN-ESY-MIS-ZENSHADE","","","","no_live_children"
"FIN-ESY-MIS-ZENSHADE2","","","","no_live_children"
"FIN-ESY-MIS-ZENTWIN","","","","no_live_children"
"FIN-FLY-BCH-42X18","ASM-FLY-BCH-42X18-FRAME","FRAME","1","export"
"FIN-FLY-BCH-42X18","ASM-FLY-BCH-42X18-CUSH","CUSH","1","export"
"FIN-FLY-DIN-CHA-18X18","ASM-FLY-DIN-CHA-18X18-FRAME","FRAME","1","export"
"FIN-FLY-DIN-CHA-18X18","ASM-FLY-DIN-CHA-18X18-CUSH","CUSH","1","export"
"FIN-FLY-FLY-BST-18X18","ASM-FLY-FLY-BST-18X18-FRAME","FRAME","1","export"
"FIN-FLY-FLY-BST-18X18","ASM-FLY-FLY-BST-18X18-CUSH","CUSH","1","export"
"FIN-FLY-LEG-BAR-COU-HEI","ASM-FLY-LEG-BAR-COU-HEI-FRAME","FRAME","1","export"
"FIN-FLY-LEG-BAR-COU-HEI","ASM-FLY-LEG-BAR-COU-HEI-CUSH","CUSH","1","export"
"FIN-FLY-LEG-BEN-COU-HEI-42","ASM-FLY-LEG-BEN-COU-HEI-42-FRAME","FRAME","1","export"
"FIN-FLY-LEG-BEN-COU-HEI-42","ASM-FLY-LEG-BEN-COU-HEI-42-CUSH","CUSH","1","export"
"FIN-FLY-LEG-BEN-DIN-HEI-42","ASM-FLY-LEG-BEN-DIN-HEI-42-FRAME","FRAME","1","export"
"FIN-FLY-LEG-BEN-DIN-HEI-42","ASM-FLY-LEG-BEN-DIN-HEI-42-CUSH","CUSH","1","export"
"FIN-FLY-TAB-38X8","ASM-FLY-TAB-38X8-FRAME","FRAME","1","export"
"FIN-FLY-TAB-60X12","ASM-FLY-TAB-60X12-FRAME","FRAME","1","export"
"FIN-FLY-TAB-72X12","ASM-FLY-TAB-72X12-FRAME","FRAME","1","export"
"FIN-FLY-TAB-84X12","ASM-FLY-TAB-84X12-FRAME","FRAME","1","export"
"FIN-FLY-TAB-96X12","ASM-FLY-TAB-96X12-FRAME","FRAME","1","export"
"FIN-HAL-BAC-BAR-BAR-HEI","ASM-HAL-BAC-BAR-BAR-HEI-FRAME","FRAME","1","export"
"FIN-HAL-BAC-BAR-BAR-HEI","ASM-HAL-BAC-BAR-BAR-HEI-CUSH","CUSH","1","export"
"FIN-KIN-MIS","","","","no_live_children"
"FIN-KIN-MIS-KINDLELIVING","","","","no_live_children"
"FIN-LED-CHA","ASM-LED-CHA-FRAME","FRAME","1","export"
"FIN-LED-CHA","ASM-LED-CHA-CUSH","CUSH","1","export"
"FIN-LED-SID-TAB","ASM-LED-SID-TAB-FRAME","FRAME","1","export"
"FIN-MIS-DIN-BCH-72X22","ASM-MIS-DIN-BCH-72X22-FRAME","FRAME","1","export"
"FIN-MIS-DIN-BCH-72X22","ASM-MIS-DIN-BCH-72X22-CUSH","CUSH","1","export"
"FIN-MIS-DIN-BCH-96X22","ASM-MIS-DIN-BCH-96X22-FRAME","FRAME","1","export"
"FIN-MIS-DIN-BCH-96X22","ASM-MIS-DIN-BCH-96X22-CUSH","CUSH","1","export"
"FIN-MIS-DIN-CHA-17X21","ASM-MIS-DIN-CHA-17X21-FRAME","FRAME","1","export"
"FIN-MIS-DIN-CHA-17X21","ASM-MIS-DIN-CHA-17X21-CUSH","CUSH","1","export"
"FIN-MIS-FIR-TAB-42X42","ASM-MIS-FIR-TAB-42X42-FRAME","FRAME","1","export"
"FIN-MIS-FLY-BST-17X21","ASM-MIS-FLY-BST-17X21-FRAME","FRAME","1","export"
"FIN-MIS-FLY-BST-17X21","ASM-MIS-FLY-BST-17X21-CUSH","CUSH","1","export"
"FIN-MIS-OTT-22X22","ASM-MIS-OTT-22X22-FRAME","FRAME","1","export"
"FIN-MIS-OTT-22X22","ASM-MIS-OTT-22X22-CUSH","CUSH","1","export"
"FIN-MIS-SID-TAB-13X30","ASM-MIS-SID-TAB-13X30-FRAME","FRAME","1","export"
"FIN-MIS-TAB-13X30","ASM-MIS-TAB-13X30-FRAME","FRAME","1","export"
"FIN-MLN-CLB-CHA-32X36","ASM-MLN-CLB-CHA-32X36-FRAME","FRAME","1","export"
"FIN-MLN-CLB-CHA-32X36","ASM-MLN-CLB-CHA-32X36-CUSH","CUSH","1","export"
"FIN-MLN-MIS","","","","no_live_children"
"FIN-MLN-OTT-22X60","ASM-MLN-OTT-22X60-FRAME","FRAME","1","export"
"FIN-MLN-OTT-22X60","ASM-MLN-OTT-22X60-CUSH","CUSH","1","export"
"FIN-MLN-OTT-22X72","ASM-MLN-OTT-22X72-FRAME","FRAME","1","export"
"FIN-MLN-OTT-22X72","ASM-MLN-OTT-22X72-CUSH","CUSH","1","export"
"FIN-MLN-OTT-34X34","ASM-MLN-OTT-34X34-FRAME","FRAME","1","export"
"FIN-MLN-OTT-34X34","ASM-MLN-OTT-34X34-CUSH","CUSH","1","export"
"FIN-MLN-OTT-34X42","ASM-MLN-OTT-34X42-FRAME","FRAME","1","export"
"FIN-MLN-OTT-34X42","ASM-MLN-OTT-34X42-CUSH","CUSH","1","export"
"FIN-MLN-OTT-34X60","ASM-MLN-OTT-34X60-FRAME","FRAME","1","export"
"FIN-MLN-OTT-34X60","ASM-MLN-OTT-34X60-CUSH","CUSH","1","export"
"FIN-MLN-OTT-34X72","ASM-MLN-OTT-34X72-FRAME","FRAME","1","export"
"FIN-MLN-OTT-34X72","ASM-MLN-OTT-34X72-CUSH","CUSH","1","export"
"FIN-MLN-OTT-56X42","ASM-MLN-OTT-56X42-FRAME","FRAME","1","export"
"FIN-MLN-OTT-56X42","ASM-MLN-OTT-56X42-CUSH","CUSH","1","export"
"FIN-MLN-SOF","","","","no_live_children"
"FIN-MLN-SOF-60X62","ASM-MLN-SOF-60X62-FRAME","FRAME","1","export"
"FIN-MLN-SOF-60X62","ASM-MLN-SOF-60X62-CUSH","CUSH","1","export"
"FIN-MLN-SOF-62X42","ASM-MLN-SOF-62X42-FRAME","FRAME","1","export"
"FIN-MLN-SOF-62X42","ASM-MLN-SOF-62X42-CUSH","CUSH","1","export"
"FIN-MLN-SOF-72X36","ASM-MLN-SOF-72X36-FRAME","FRAME","1","export"
"FIN-MLN-SOF-72X36","ASM-MLN-SOF-72X36-CUSH","CUSH","1","export"
"FIN-MLN-SOF-84X36","ASM-MLN-SOF-84X36-FRAME","FRAME","1","export"
"FIN-MLN-SOF-84X36","ASM-MLN-SOF-84X36-CUSH","CUSH","1","export"
"FIN-MLN-SOF-96X36","ASM-MLN-SOF-96X36-FRAME","FRAME","1","export"
"FIN-MLN-SOF-96X36","ASM-MLN-SOF-96X36-CUSH","CUSH","1","export"
"FIN-MLN-TAB-56X14","ASM-MLN-TAB-56X14-FRAME","FRAME","1","export"
"FIN-MLN-UMB","","","","no_live_children"
"FIN-MLN-UMB-CANTILEVERUMBR","","","","no_live_children"
"FIN-MLN-UMB-MARINAUMBRELLA","","","","no_live_children"
"FIN-MLN-UMB-MARINAUMBRELLA2","","","","no_live_children"
"FIN-OCC-TAB-56X14","ASM-OCC-TAB-56X14-FRAME","FRAME","1","export"
"FIN-OCN-CLB-CHA-34X38","","","","no_live_children"
"FIN-OCN-CLB-CHA-34X38-BE-N","","","","no_live_children"
"FIN-OCN-CLB-CHA-34X38-BE-Y","","","","no_live_children"
"FIN-OCN-CLB-CHA-34X38-BL-Y","","","","no_live_children"
"FIN-OCN-CLB-CHA-34X38-BO-N","","","","no_live_children"
"FIN-OCN-CLB-CHA-34X38-BO-Y","","","","no_live_children"
"FIN-OCN-CLB-CHA-34X38-BR-N","","","","no_live_children"
"FIN-OCN-CLB-CHA-34X38-BR-Y","","","","no_live_children"
"FIN-OCN-CLB-CHA-34X38-GR-N","","","","no_live_children"
"FIN-OCN-CLB-CHA-34X38-GR-Y","","","","no_live_children"
"FIN-OCN-CLB-CHA-34X38-WH-N","","","","no_live_children"
"FIN-OCN-CLB-CHA-34X38-WH-Y","","","","no_live_children"
"FIN-OCN-COF-TAB-28X42","ASM-OCN-COF-TAB-28X42-FRAME","FRAME","1","export"
"FIN-OCN-COF-TAB-28X56","ASM-OCN-COF-TAB-28X56-FRAME","FRAME","1","export"
"FIN-OCN-COF-TAB-36X36","","","","no_live_children"
"FIN-OCN-COF-TAB-36X36-BE","","","","no_live_children"
"FIN-OCN-COF-TAB-36X36-BO","","","","no_live_children"
"FIN-OCN-COF-TAB-36X36-BR","","","","no_live_children"
"FIN-OCN-COF-TAB-36X36-GR","","","","no_live_children"
"FIN-OCN-COF-TAB-36X36-WH","","","","no_live_children"
"FIN-OCN-COF-TAB-36X56","ASM-OCN-COF-TAB-36X56-FRAME","FRAME","1","export"
"FIN-OCN-COF-TAB-36X72","ASM-OCN-COF-TAB-36X72-FRAME","FRAME","1","export"
"FIN-OCN-COF-TAB-42X28","","","","no_live_children"
"FIN-OCN-COF-TAB-42X28-BE","","","","no_live_children"
"FIN-OCN-COF-TAB-42X28-BO","","","","no_live_children"
"FIN-OCN-COF-TAB-42X28-BR","","","","no_live_children"
"FIN-OCN-COF-TAB-42X28-GR","","","","no_live_children"
"FIN-OCN-COF-TAB-42X28-WH","","","","no_live_children"
"FIN-OCN-COF-TAB-42X42","","","","no_live_children"
"FIN-OCN-COF-TAB-42X42-BE","","","","no_live_children"
"FIN-OCN-COF-TAB-42X42-BO","","","","no_live_children"
"FIN-OCN-COF-TAB-42X42-BR","","","","no_live_children"
"FIN-OCN-COF-TAB-42X42-GR","","","","no_live_children"
"FIN-OCN-COF-TAB-42X42-WH","","","","no_live_children"
"FIN-OCN-COF-TAB-42X56","ASM-OCN-COF-TAB-42X56-FRAME","FRAME","1","export"
"FIN-OCN-COF-TAB-42X72","ASM-OCN-COF-TAB-42X72-FRAME","FRAME","1","export"
"FIN-OCN-COF-TAB-56X28","","","","no_live_children"
"FIN-OCN-COF-TAB-56X28-BE","","","","no_live_children"
"FIN-OCN-COF-TAB-56X28-BO","","","","no_live_children"
"FIN-OCN-COF-TAB-56X28-BR","","","","no_live_children"
"FIN-OCN-COF-TAB-56X28-GR","","","","no_live_children"
"FIN-OCN-COF-TAB-56X28-WH","","","","no_live_children"
"FIN-OCN-COF-TAB-56X36","","","","no_live_children"
"FIN-OCN-COF-TAB-56X36-BE","","","","no_live_children"
"FIN-OCN-COF-TAB-56X36-BO","","","","no_live_children"
"FIN-OCN-COF-TAB-56X36-BR","","","","no_live_children"
"FIN-OCN-COF-TAB-56X36-GR","","","","no_live_children"
"FIN-OCN-COF-TAB-56X36-WH","","","","no_live_children"
"FIN-OCN-COF-TAB-56X42","","","","no_live_children"
"FIN-OCN-COF-TAB-56X42-BE","","","","no_live_children"
"FIN-OCN-COF-TAB-56X42-BO","","","","no_live_children"
"FIN-OCN-COF-TAB-56X42-BR","","","","no_live_children"
"FIN-OCN-COF-TAB-56X42-GR","","","","no_live_children"
"FIN-OCN-COF-TAB-56X42-WH","","","","no_live_children"
"FIN-OCN-COF-TAB-56X56","","","","no_live_children"
"FIN-OCN-COF-TAB-56X56-BE","","","","no_live_children"
"FIN-OCN-COF-TAB-56X56-BO","","","","no_live_children"
"FIN-OCN-COF-TAB-56X56-BR","","","","no_live_children"
"FIN-OCN-COF-TAB-56X56-GR","","","","no_live_children"
"FIN-OCN-COF-TAB-56X56-WH","","","","no_live_children"
"FIN-OCN-COF-TAB-56X72","ASM-OCN-COF-TAB-56X72-FRAME","FRAME","1","export"
"FIN-OCN-COF-TAB-72X36","","","","no_live_children"
"FIN-OCN-COF-TAB-72X36-BE","","","","no_live_children"
"FIN-OCN-COF-TAB-72X36-BO","","","","no_live_children"
"FIN-OCN-COF-TAB-72X36-BR","","","","no_live_children"
"FIN-OCN-COF-TAB-72X36-GR","","","","no_live_children"
"FIN-OCN-COF-TAB-72X36-WH","","","","no_live_children"
"FIN-OCN-COF-TAB-72X42","","","","no_live_children"
"FIN-OCN-COF-TAB-72X42-BE","","","","no_live_children"
"FIN-OCN-COF-TAB-72X42-BO","","","","no_live_children"
"FIN-OCN-COF-TAB-72X42-BR","","","","no_live_children"
"FIN-OCN-COF-TAB-72X42-V23143105","","","","no_live_children"
"FIN-OCN-COF-TAB-72X42-WH","","","","no_live_children"
"FIN-OCN-COF-TAB-72X56","","","","no_live_children"
"FIN-OCN-COF-TAB-72X56-BE","","","","no_live_children"
"FIN-OCN-COF-TAB-72X56-BO","","","","no_live_children"
"FIN-OCN-COF-TAB-72X56-BR","","","","no_live_children"
"FIN-OCN-COF-TAB-72X56-GR","","","","no_live_children"
"FIN-OCN-COF-TAB-72X56-WH","","","","no_live_children"
"FIN-OCN-DOU-CHS-58X79","","","","no_live_children"
"FIN-OCN-DOU-CHS-58X79-BE","","","","no_live_children"
"FIN-OCN-DOU-CHS-58X79-BO","","","","no_live_children"
"FIN-OCN-DOU-CHS-58X79-BR","","","","no_live_children"
"FIN-OCN-DOU-CHS-58X79-GR","","","","no_live_children"
"FIN-OCN-DOU-CHS-58X79-WH","","","","no_live_children"
"FIN-OCN-LOV-SOF-60X38","","","","no_live_children"
"FIN-OCN-LOV-SOF-60X38-BE-N","","","","no_live_children"
"FIN-OCN-LOV-SOF-60X38-BE-Y","","","","no_live_children"
"FIN-OCN-LOV-SOF-60X38-BL-Y","","","","no_live_children"
"FIN-OCN-LOV-SOF-60X38-BO-N","","","","no_live_children"
"FIN-OCN-LOV-SOF-60X38-BO-Y","","","","no_live_children"
"FIN-OCN-LOV-SOF-60X38-BR-N","","","","no_live_children"
"FIN-OCN-LOV-SOF-60X38-BR-Y","","","","no_live_children"
"FIN-OCN-LOV-SOF-60X38-GR-N","","","","no_live_children"
"FIN-OCN-LOV-SOF-60X38-GR-Y","","","","no_live_children"
"FIN-OCN-LOV-SOF-60X38-WH-N","","","","no_live_children"
"FIN-OCN-LOV-SOF-60X38-WH-Y","","","","no_live_children"
"FIN-OCN-MIN-LOV","ASM-OCN-MIN-LOV-FRAME","FRAME","1","export"
"FIN-OCN-MIN-LOV","ASM-OCN-MIN-LOV-CUSH","CUSH","1","export"
"FIN-OCN-MIN-LOV-48X38","ASM-OCN-MIN-LOV-48X38-FRAME","FRAME","1","export"
"FIN-OCN-MIN-LOV-48X38","ASM-OCN-MIN-LOV-48X38-CUSH","CUSH","1","export"
"FIN-OCN-MIN-LOV-60X48","","","","no_live_children"
"FIN-OCN-MIN-LOV-BE-N","","","","no_live_children"
"FIN-OCN-MIN-LOV-BE-Y","","","","no_live_children"
"FIN-OCN-MIN-LOV-BL-Y","","","","no_live_children"
"FIN-OCN-MIN-LOV-BO-N","","","","no_live_children"
"FIN-OCN-MIN-LOV-BO-Y","","","","no_live_children"
"FIN-OCN-MIN-LOV-BR-N","","","","no_live_children"
"FIN-OCN-MIN-LOV-BR-Y","","","","no_live_children"
"FIN-OCN-MIN-LOV-GR-N","","","","no_live_children"
"FIN-OCN-MIN-LOV-GR-Y","","","","no_live_children"
"FIN-OCN-MIN-LOV-WH-N","","","","no_live_children"
"FIN-OCN-MIN-LOV-WH-Y","","","","no_live_children"
"FIN-OCN-OTT-30X22","","","","no_live_children"
"FIN-OCN-OTT-30X22-BE","","","","no_live_children"
"FIN-OCN-OTT-30X22-BO","","","","no_live_children"
"FIN-OCN-OTT-30X22-BR","","","","no_live_children"
"FIN-OCN-OTT-30X22-GR","","","","no_live_children"
"FIN-OCN-OTT-30X22-WH","","","","no_live_children"
"FIN-OCN-OTT-42X22","","","","no_live_children"
"FIN-OCN-OTT-42X22-BE","","","","no_live_children"
"FIN-OCN-OTT-42X22-BO","","","","no_live_children"
"FIN-OCN-OTT-42X22-BR","","","","no_live_children"
"FIN-OCN-OTT-42X22-GR","","","","no_live_children"
"FIN-OCN-OTT-42X22-WH","","","","no_live_children"
"FIN-OCN-OTT-60X22","","","","no_live_children"
"FIN-OCN-OTT-60X22-BE","","","","no_live_children"
"FIN-OCN-OTT-60X22-BO","","","","no_live_children"
"FIN-OCN-OTT-60X22-BR","","","","no_live_children"
"FIN-OCN-OTT-60X22-GR","","","","no_live_children"
"FIN-OCN-OTT-60X22-WH","","","","no_live_children"
"FIN-OCN-OTT-72X22","","","","no_live_children"
"FIN-OCN-OTT-72X22-BE","","","","no_live_children"
"FIN-OCN-OTT-72X22-BO","","","","no_live_children"
"FIN-OCN-OTT-72X22-BR","","","","no_live_children"
"FIN-OCN-OTT-72X22-GR","","","","no_live_children"
"FIN-OCN-OTT-72X22-WH","","","","no_live_children"
"FIN-OCN-SGL-CHS-36X79","","","","no_live_children"
"FIN-OCN-SGL-CHS-36X79-BE","","","","no_live_children"
"FIN-OCN-SGL-CHS-36X79-BO","","","","no_live_children"
"FIN-OCN-SGL-CHS-36X79-BR","","","","no_live_children"
"FIN-OCN-SGL-CHS-36X79-GR","","","","no_live_children"
"FIN-OCN-SGL-CHS-36X79-WH","","","","no_live_children"
"FIN-OCN-SID-TAB-12","ASM-OCN-SID-TAB-12-FRAME","FRAME","1","export"
"FIN-OCN-SID-TAB-13X30","ASM-OCN-SID-TAB-13X30-FRAME","FRAME","1","export"
"FIN-OCN-SID-TAB-20X20","","","","no_live_children"
"FIN-OCN-SID-TAB-20X20-BE","","","","no_live_children"
"FIN-OCN-SID-TAB-20X20-BO","","","","no_live_children"
"FIN-OCN-SID-TAB-20X20-BR","","","","no_live_children"
"FIN-OCN-SID-TAB-20X20-GR","","","","no_live_children"
"FIN-OCN-SID-TAB-20X20-WH","","","","no_live_children"
"FIN-OCN-SID-TAB-32X32","ASM-OCN-SID-TAB-32X32-FRAME","FRAME","1","export"
"FIN-OCN-SID-TAB-36X17","ASM-OCN-SID-TAB-36X17-FRAME","FRAME","1","export"
"FIN-OCN-SID-TAB-36X36","","","","no_live_children"
"FIN-OCN-SID-TAB-36X36-BE","","","","no_live_children"
"FIN-OCN-SID-TAB-36X36-BO","","","","no_live_children"
"FIN-OCN-SID-TAB-36X36-BR","","","","no_live_children"
"FIN-OCN-SID-TAB-36X36-GR","","","","no_live_children"
"FIN-OCN-SID-TAB-36X36-WH","","","","no_live_children"
"FIN-OCN-SID-TAB-42","","","","no_live_children"
"FIN-OCN-SID-TAB-42-BE","","","","no_live_children"
"FIN-OCN-SID-TAB-42-BO","","","","no_live_children"
"FIN-OCN-SID-TAB-42-BR","","","","no_live_children"
"FIN-OCN-SID-TAB-42-GR","","","","no_live_children"
"FIN-OCN-SID-TAB-42-WH","","","","no_live_children"
"FIN-OCN-SOF-72X38","","","","no_live_children"
"FIN-OCN-SOF-72X38-BE-N","","","","no_live_children"
"FIN-OCN-SOF-72X38-BE-Y","","","","no_live_children"
"FIN-OCN-SOF-72X38-BL-Y","","","","no_live_children"
"FIN-OCN-SOF-72X38-BO-N","","","","no_live_children"
"FIN-OCN-SOF-72X38-BO-Y","","","","no_live_children"
"FIN-OCN-SOF-72X38-BR-N","","","","no_live_children"
"FIN-OCN-SOF-72X38-BR-Y","","","","no_live_children"
"FIN-OCN-SOF-72X38-GR-N","","","","no_live_children"
"FIN-OCN-SOF-72X38-GR-Y","","","","no_live_children"
"FIN-OCN-SOF-72X38-WH-N","","","","no_live_children"
"FIN-OCN-SOF-72X38-WH-Y","","","","no_live_children"
"FIN-OCN-SOF-84X38","","","","no_live_children"
"FIN-OCN-SOF-84X38-BE-N","","","","no_live_children"
"FIN-OCN-SOF-84X38-BE-Y","","","","no_live_children"
"FIN-OCN-SOF-84X38-BL-Y","","","","no_live_children"
"FIN-OCN-SOF-84X38-BO-N","","","","no_live_children"
"FIN-OCN-SOF-84X38-BO-Y","","","","no_live_children"
"FIN-OCN-SOF-84X38-BR-N","","","","no_live_children"
"FIN-OCN-SOF-84X38-BR-Y","","","","no_live_children"
"FIN-OCN-SOF-84X38-GR-N","","","","no_live_children"
"FIN-OCN-SOF-84X38-GR-Y","","","","no_live_children"
"FIN-OCN-SOF-84X38-WH-N","","","","no_live_children"
"FIN-OCN-SOF-84X38-WH-Y","","","","no_live_children"
"FIN-OCN-SOF-96X38","","","","no_live_children"
"FIN-OCN-SOF-96X38-BE-N","","","","no_live_children"
"FIN-OCN-SOF-96X38-BE-Y","","","","no_live_children"
"FIN-OCN-SOF-96X38-BL-Y","","","","no_live_children"
"FIN-OCN-SOF-96X38-BO-N","","","","no_live_children"
"FIN-OCN-SOF-96X38-BO-Y","","","","no_live_children"
"FIN-OCN-SOF-96X38-BR-N","","","","no_live_children"
"FIN-OCN-SOF-96X38-BR-Y","","","","no_live_children"
"FIN-OCN-SOF-96X38-GR-N","","","","no_live_children"
"FIN-OCN-SOF-96X38-GR-Y","","","","no_live_children"
"FIN-OCN-SOF-96X38-WH-N","","","","no_live_children"
"FIN-OCN-SOF-96X38-WH-Y","","","","no_live_children"
"FIN-OCN-SWV-CHA","ASM-OCN-SWV-CHA-FRAME","FRAME","1","export"
"FIN-OCN-SWV-CHA","ASM-OCN-SWV-CHA-CUSH","CUSH","1","export"
"FIN-OCN-SWV-CHA-34X34","","","","no_live_children"
"FIN-OCN-SWV-CHA-34X38","ASM-OCN-SWV-CHA-34X38-FRAME","FRAME","1","export"
"FIN-OCN-SWV-CHA-34X38","ASM-OCN-SWV-CHA-34X38-CUSH","CUSH","1","export"
"FIN-OCN-SWV-CHA-34X38-SWIVELCHAIR","","","","no_live_children"
"FIN-OCN-SWV-CHA-BE-N","","","","no_live_children"
"FIN-OCN-SWV-CHA-BE-Y","","","","no_live_children"
"FIN-OCN-SWV-CHA-BL-N","","","","no_live_children"
"FIN-OCN-SWV-CHA-BO-N","","","","no_live_children"
"FIN-OCN-SWV-CHA-BO-Y","","","","no_live_children"
"FIN-OCN-SWV-CHA-BR-N","","","","no_live_children"
"FIN-OCN-SWV-CHA-BR-Y","","","","no_live_children"
"FIN-OCN-SWV-CHA-GR-N","","","","no_live_children"
"FIN-OCN-SWV-CHA-GR-Y","","","","no_live_children"
"FIN-OCN-SWV-CHA-WH-N","","","","no_live_children"
"FIN-OCN-SWV-CHA-WH-Y","","","","no_live_children"
"FIN-OCN-TAB-13X30","ASM-OCN-TAB-13X30-FRAME","FRAME","1","export"
"FIN-OCN-TAB-34X12","ASM-OCN-TAB-34X12-FRAME","FRAME","1","export"
"FIN-OCN-TAB-34X12-FLYTABLE","","","","no_live_children"
"FIN-OCN-TAB-72X12","ASM-OCN-TAB-72X12-FRAME","FRAME","1","export"
"FIN-OCN-TAB-84X12","ASM-OCN-TAB-84X12-FRAME","FRAME","1","export"
"FIN-OCN-TAB-96X12","ASM-OCN-TAB-96X12-FRAME","FRAME","1","export"
"FIN-STA-BAR-TAB-36X36","ASM-STA-BAR-TAB-36X36-FRAME","FRAME","1","export"
"FIN-STA-BAR-TAB-42X42","ASM-STA-BAR-TAB-42X42-FRAME","FRAME","1","export"
"FIN-STA-BAR-TAB-72X36","ASM-STA-BAR-TAB-72X36-FRAME","FRAME","1","export"
"FIN-STA-CNT-TAB-36X36","ASM-STA-CNT-TAB-36X36-FRAME","FRAME","1","export"
"FIN-STA-CNT-TAB-42X42","ASM-STA-CNT-TAB-42X42-FRAME","FRAME","1","export"
"FIN-STA-CNT-TAB-72X36","ASM-STA-CNT-TAB-72X36-FRAME","FRAME","1","export"
"FIN-STA-DIN-TAB-36X36","ASM-STA-DIN-TAB-36X36-FRAME","FRAME","1","export"
"FIN-STA-DIN-TAB-42X42","ASM-STA-DIN-TAB-42X42-FRAME","FRAME","1","export"
"FIN-STA-DIN-TAB-72X36","ASM-STA-DIN-TAB-72X36-FRAME","FRAME","1","export"
"FIN-TAY-BAR-W-ARM-COU-HEI","ASM-TAY-BAR-W-ARM-COU-HEI-FRAME","FRAME","1","export"
"FIN-TAY-BAR-W-ARM-COU-HEI","ASM-TAY-BAR-W-ARM-COU-HEI-CUSH","CUSH","1","export"
"FIN-TAY-BCH-24X23","ASM-TAY-BCH-24X23-FRAME","FRAME","1","export"
"FIN-TAY-BCH-24X23","ASM-TAY-BCH-24X23-CUSH","CUSH","1","export"
"FIN-TAY-BCH-42X23","ASM-TAY-BCH-42X23-FRAME","FRAME","1","export"
"FIN-TAY-BCH-42X23","ASM-TAY-BCH-42X23-CUSH","CUSH","1","export"
"FIN-TAY-BCH-42X23-BENCHDINING","","","","no_live_children"
"FIN-TAY-BCH-72X23","ASM-TAY-BCH-72X23-FRAME","FRAME","1","export"
"FIN-TAY-BCH-72X23","ASM-TAY-BCH-72X23-CUSH","CUSH","1","export"
"FIN-TAY-BCH-72X23-BENCHCOUNTER","","","","no_live_children"
"FIN-TAY-BCH-72X23-BENCHDINING","","","","no_live_children"
"FIN-TAY-BEN-BAR-HEI-72","ASM-TAY-BEN-BAR-HEI-72-FRAME","FRAME","1","export"
"FIN-TAY-BEN-BAR-HEI-72","ASM-TAY-BEN-BAR-HEI-72-CUSH","CUSH","1","export"
"FIN-TAY-BEN-DIN-HEI-42","ASM-TAY-BEN-DIN-HEI-42-FRAME","FRAME","1","export"
"FIN-TAY-BEN-DIN-HEI-42","ASM-TAY-BEN-DIN-HEI-42-CUSH","CUSH","1","export"
"FIN-TAY-BEN-DIN-HEI-72","ASM-TAY-BEN-DIN-HEI-72-FRAME","FRAME","1","export"
"FIN-TAY-BEN-DIN-HEI-72","ASM-TAY-BEN-DIN-HEI-72-CUSH","CUSH","1","export"
"FIN-TAY-BST-18X23","ASM-TAY-BST-18X23-FRAME","FRAME","1","export"
"FIN-TAY-BST-18X23","ASM-TAY-BST-18X23-CUSH","CUSH","1","export"
"FIN-TAY-BST-19X23","ASM-TAY-BST-19X23-FRAME","FRAME","1","export"
"FIN-TAY-BST-19X23","ASM-TAY-BST-19X23-CUSH","CUSH","1","export"
"FIN-TAY-BST-19X23-BARSTOOLCOUNTE","","","","no_live_children"
"FIN-TAY-BST-24X23","ASM-TAY-BST-24X23-FRAME","FRAME","1","export"
"FIN-TAY-BST-24X23","ASM-TAY-BST-24X23-CUSH","CUSH","1","export"
"FIN-TAY-BST-24X23-BARSTOOLARMS","","","","no_live_children"
"FIN-TAY-DIN-CHA-19X23","ASM-TAY-DIN-CHA-19X23-FRAME","FRAME","1","export"
"FIN-TAY-DIN-CHA-19X23","ASM-TAY-DIN-CHA-19X23-CUSH","CUSH","1","export"
"FIN-TAY-DIN-CHA-24X23","ASM-TAY-DIN-CHA-24X23-FRAME","FRAME","1","export"
"FIN-TAY-DIN-CHA-24X23","ASM-TAY-DIN-CHA-24X23-CUSH","CUSH","1","export"
"FIN-TJM-CHA","ASM-TJM-CHA-FRAME","FRAME","1","export"
"FIN-TJM-CHA","ASM-TJM-CHA-CUSH","CUSH","1","export"
"FIN-TJM-CHA-MIBSTERCHAIR","","","","no_live_children"
"FIN-TJM-CHA-MOONCHAIR","","","","no_live_children"
"FIN-TJM-MIS","","","","no_live_children"
"FIN-TJM-MIS-12X17","","","","no_live_children"
"FIN-TJM-MIS-13","","","","no_live_children"
"FIN-TJM-MIS-LAYLOLOUNGER","","","","no_live_children"
"FIN-TJM-MIS-ONECOATED","","","","no_live_children"
"FIN-TJM-MIS-PILLOWLOUNGERS","","","","no_live_children"
"FIN-TJM-MIS-TWOCOATED","","","","no_live_children"
"FIN-TJM-MIS-TWOSHAYZ","","","","no_live_children"
"FIN-TJM-MIS-TWOSHAYZ2","","","","no_live_children"
"FIN-TJM-MIS-TWOWOOSAH","","","","no_live_children"
"FIN-TJM-TAB","ASM-TJM-TAB-FRAME","FRAME","1","export"
"FIN-TRI-SID-TAB-32X32","ASM-TRI-SID-TAB-32X32-FRAME","FRAME","1","export"
"FIN-WFT-BAR-TAB-120X28","ASM-WFT-BAR-TAB-120X28-FRAME","FRAME","1","export"
"FIN-WFT-BAR-TAB-120X36","ASM-WFT-BAR-TAB-120X36-FRAME","FRAME","1","export"
"FIN-WFT-BAR-TAB-28X120","ASM-WFT-BAR-TAB-28X120-FRAME","FRAME","1","export"
"FIN-WFT-BAR-TAB-28X72","ASM-WFT-BAR-TAB-28X72-FRAME","FRAME","1","export"
"FIN-WFT-BAR-TAB-28X96","ASM-WFT-BAR-TAB-28X96-FRAME","FRAME","1","export"
"FIN-WFT-BAR-TAB-36X120","ASM-WFT-BAR-TAB-36X120-FRAME","FRAME","1","export"
"FIN-WFT-BAR-TAB-36X72","ASM-WFT-BAR-TAB-36X72-FRAME","FRAME","1","export"
"FIN-WFT-BAR-TAB-36X96","ASM-WFT-BAR-TAB-36X96-FRAME","FRAME","1","export"
"FIN-WFT-BAR-TAB-72X28","ASM-WFT-BAR-TAB-72X28-FRAME","FRAME","1","export"
"FIN-WFT-BAR-TAB-72X36","ASM-WFT-BAR-TAB-72X36-FRAME","FRAME","1","export"
"FIN-WFT-BAR-TAB-96X28","ASM-WFT-BAR-TAB-96X28-FRAME","FRAME","1","export"
"FIN-WFT-BAR-TAB-96X36","ASM-WFT-BAR-TAB-96X36-FRAME","FRAME","1","export"
"FIN-WFT-BCH-42X18","ASM-WFT-BCH-42X18-FRAME","FRAME","1","export"
"FIN-WFT-BCH-42X18","ASM-WFT-BCH-42X18-CUSH","CUSH","1","export"
"FIN-WFT-BCH-42X18-FLYLEG","","","","no_live_children"
"FIN-WFT-BCH-42X18-FLYLEG2","","","","no_live_children"
"FIN-WFT-CNT-TAB-120X28","ASM-WFT-CNT-TAB-120X28-FRAME","FRAME","1","export"
"FIN-WFT-CNT-TAB-120X36","ASM-WFT-CNT-TAB-120X36-FRAME","FRAME","1","export"
"FIN-WFT-CNT-TAB-28X120","ASM-WFT-CNT-TAB-28X120-FRAME","FRAME","1","export"
"FIN-WFT-CNT-TAB-28X72","ASM-WFT-CNT-TAB-28X72-FRAME","FRAME","1","export"
"FIN-WFT-CNT-TAB-28X96","ASM-WFT-CNT-TAB-28X96-FRAME","FRAME","1","export"
"FIN-WFT-CNT-TAB-36X120","ASM-WFT-CNT-TAB-36X120-FRAME","FRAME","1","export"
"FIN-WFT-CNT-TAB-36X72","ASM-WFT-CNT-TAB-36X72-FRAME","FRAME","1","export"
"FIN-WFT-CNT-TAB-36X96","ASM-WFT-CNT-TAB-36X96-FRAME","FRAME","1","export"
"FIN-WFT-CNT-TAB-72X28","ASM-WFT-CNT-TAB-72X28-FRAME","FRAME","1","export"
"FIN-WFT-CNT-TAB-72X36","ASM-WFT-CNT-TAB-72X36-FRAME","FRAME","1","export"
"FIN-WFT-CNT-TAB-96X28","ASM-WFT-CNT-TAB-96X28-FRAME","FRAME","1","export"
"FIN-WFT-CNT-TAB-96X36","ASM-WFT-CNT-TAB-96X36-FRAME","FRAME","1","export"
"FIN-WFT-DIN-BCH-72X22","ASM-WFT-DIN-BCH-72X22-FRAME","FRAME","1","export"
"FIN-WFT-DIN-BCH-72X22","ASM-WFT-DIN-BCH-72X22-CUSH","CUSH","1","export"
"FIN-WFT-DIN-BCH-96X22","ASM-WFT-DIN-BCH-96X22-FRAME","FRAME","1","export"
"FIN-WFT-DIN-BCH-96X22","ASM-WFT-DIN-BCH-96X22-CUSH","CUSH","1","export"
"FIN-WFT-DIN-CHA-17X21","ASM-WFT-DIN-CHA-17X21-FRAME","FRAME","1","export"
"FIN-WFT-DIN-CHA-17X21","ASM-WFT-DIN-CHA-17X21-CUSH","CUSH","1","export"
"FIN-WFT-DIN-CHA-18X18","ASM-WFT-DIN-CHA-18X18-FRAME","FRAME","1","export"
"FIN-WFT-DIN-CHA-18X18","ASM-WFT-DIN-CHA-18X18-CUSH","CUSH","1","export"
"FIN-WFT-DIN-TAB-120X28","ASM-WFT-DIN-TAB-120X28-FRAME","FRAME","1","export"
"FIN-WFT-DIN-TAB-120X36","ASM-WFT-DIN-TAB-120X36-FRAME","FRAME","1","export"
"FIN-WFT-DIN-TAB-28X120","ASM-WFT-DIN-TAB-28X120-FRAME","FRAME","1","export"
"FIN-WFT-DIN-TAB-28X72","ASM-WFT-DIN-TAB-28X72-FRAME","FRAME","1","export"
"FIN-WFT-DIN-TAB-28X96","ASM-WFT-DIN-TAB-28X96-FRAME","FRAME","1","export"
"FIN-WFT-DIN-TAB-36X120","ASM-WFT-DIN-TAB-36X120-FRAME","FRAME","1","export"
"FIN-WFT-DIN-TAB-36X72","ASM-WFT-DIN-TAB-36X72-FRAME","FRAME","1","export"
"FIN-WFT-DIN-TAB-36X96","ASM-WFT-DIN-TAB-36X96-FRAME","FRAME","1","export"
"FIN-WFT-DIN-TAB-72X28","","","","no_live_children"
"FIN-WFT-DIN-TAB-72X36","ASM-WFT-DIN-TAB-72X36-FRAME","FRAME","1","export"
"FIN-WFT-DIN-TAB-96X28","ASM-WFT-DIN-TAB-96X28-FRAME","FRAME","1","export"
"FIN-WFT-DIN-TAB-96X36","ASM-WFT-DIN-TAB-96X36-FRAME","FRAME","1","export"
"FIN-WFT-FIR-TAB-56X36","ASM-WFT-FIR-TAB-56X36-FRAME","FRAME","1","export"
"FIN-WFT-FIR-TAB-56X36-CUBEFIRE","","","","no_live_children"
"FIN-WFT-FIR-TAB-72X36","ASM-WFT-FIR-TAB-72X36-FRAME","FRAME","1","export"
"FIN-WFT-FIR-TAB-72X36-CUBEFIRE","","","","no_live_children"
"FIN-WFT-FLY-BST-17X21","ASM-WFT-FLY-BST-17X21-FRAME","FRAME","1","export"
"FIN-WFT-FLY-BST-17X21","ASM-WFT-FLY-BST-17X21-CUSH","CUSH","1","export"
"FIN-WFT-FLY-BST-17X21-HALFBACK","","","","no_live_children"
"FIN-WFT-FLY-BST-18X18","ASM-WFT-FLY-BST-18X18-FRAME","FRAME","1","export"
"FIN-WFT-FLY-BST-18X18","ASM-WFT-FLY-BST-18X18-CUSH","CUSH","1","export"
"FIN-WFT-FLY-BST-18X18-LEGBARSTOOL","","","","no_live_children"
"FIN-WFT-SID-TAB-13X40","ASM-WFT-SID-TAB-13X40-FRAME","FRAME","1","export"
"FIN-WFT-SID-TAB-40X13","ASM-WFT-SID-TAB-40X13-FRAME","FRAME","1","export"
