action,sku,name,material_id,variant_id,kat_price,hub_price,price_source,kat_uom,hub_uom,uom_source,patch_price,patch_uom,status
"patched","MET-SQT20012","STEEL TUBE SQ 2 X 2 X .120","17913598","41913028","3.29","3.29","sku_mappings.base_cost","pcs","ft","sku_mappings.uom_purchase","false","true","ok"
"patched","PWD-BLACK","BLACK POWDER","17968049","42049883","8.64","6.39","sku_mappings.base_cost","lbs","lbs","sku_mappings.uom_purchase","true","false","ok"
"patched","PWD-FANUC-GRAY","FANUC GRAY POWDER","17968052","42049886","8.64","6.92","sku_mappings.base_cost","lbs","lbs","sku_mappings.uom_purchase","true","false","ok"
"patched","PWD-HIGH-TEMP-SILICONE-TAPERED-MASKING-PLUGS","HIGH TEMP SILICONE TAPERED MASKING PLUGS","17968054","42049888","8.64","8.5","sku_mappings.base_cost","kit","kit","sku_mappings.uom_purchase","true","false","ok"
"patched","PWD-LITE-BEIGE","LITE BEIGE POWDER","17968055","42049889","8.64","8.32","sku_mappings.base_cost","lbs","lbs","sku_mappings.uom_purchase","true","false","ok"
"patched","PWD-METAL-WIRE-FOR-HANGING-FRAMES","METAL WIRE FOR HANGING FRAMES","17968056","42049890","8.64","16.65","sku_mappings.base_cost","coil","coil","sku_mappings.uom_purchase","true","false","ok"
"patched","PWD-OIL-RUB-BRONZE","OIL RUB BRONZE POWDER","17968057","42049891","8.64","8.68","sku_mappings.base_cost","lbs","lbs","sku_mappings.uom_purchase","true","false","ok"
"patched","PWD-WILD-RICE","WILD RICE POWDER","17968058","42049892","8.64","9.84","sku_mappings.base_cost","lbs","lbs","sku_mappings.uom_purchase","true","false","ok"
"patched","RM-DKT-GENERIC-SLAB","Dekton (generic slab)","17967245","42047071","8","7.6","sku_mappings.base_cost","pcs","slab","sku_mappings.uom_purchase","true","true","ok"
"patched","RM-FAB-GENERIC","Fabric (generic placeholder)","17973696","42062750","0","30","sku_mappings.base_cost","yd","yd","sku_mappings.uom_purchase","true","false","ok"
"patched","RM-FAB-TEST-FABRIC-RAW","TEST FABRIC - RAW","17968059","42049893","20","0","sku_mappings.base_cost","pcs","pcs","sku_mappings.uom_purchase","true","false","ok"
"patched","RM-MET-15X075-TUBING","1.5x3/4 Tubing","17974392","42063718","0","1","sku_mappings.base_cost","ft","ft","sku_mappings.uom_purchase","true","false","ok"
"patched","RM-MET-2X1-TUBING","2x1 Tubing","17967247","42047073","1.44","1.39","sku_mappings.base_cost","ft","ft","sku_mappings.uom_purchase","true","false","ok"
"patched","RM-MET-2X2-TUBING","2x2 Tubing","17967248","42047074","1.68","1.83","sku_mappings.base_cost","ft","ft","sku_mappings.uom_purchase","true","false","ok"
"patched","STN-DKT-BC1.2","BLANC CONCRETE 1.2","17905796","41894343","0","395","sku_mappings.base_cost","slab","slab","sku_mappings.uom_purchase","true","false","ok"
