parent_sku,parent_variant_id,bom_row_id,ingredient_variant_id,ingredient_sku,quantity,action
"SA-OCE-SCL-FRAME","42062637","fd9ef383-7e59-4ca6-90a9-f53462e998da","42049883","","4.48","delete_bom_row"
"SA-OCE-SCL-FRAME","42062637","eaf21cd3-0eeb-4f9d-aefe-f6efe75c1845","23143516","","7.5","delete_bom_row"
"SA-OCE-SCL-FRAME","42062637","cd52c828-cc48-47b3-a340-198124154104","23143136","","27","delete_bom_row"
"SA-OCE-SCL-FRAME","42062637","a4c5a017-5d24-41bb-869e-2c3b7f7162b5","42049887","","4.9067","delete_bom_row"
"SA-OCE-SCL-FRAME","42062637","8b41c678-cb84-4ce6-b5ee-9b90322f6f45","42047073","","48.5","delete_bom_row"
"SA-OCE-SCL-CUSH","42062636","70ffada8-5add-4a9e-a217-20c27757e301","23178511","","101.25","delete_bom_row"
"SA-OCE-SCL-CUSH","42062636","1ee9b096-28f5-486a-ab19-6d9221182ea8","42062750","","4.5","delete_bom_row"
"SA-OCE-S-84-CUSH","42062647","6c495f60-be2f-4754-a85a-d013877805c6","42062750","","5.5","delete_bom_row"
"SA-OCE-S-84-CUSH","42062647","0d849a80-5ccc-462e-a603-9cc9c024ac7c","23178511","","176.72","delete_bom_row"
"SA-OCE-S-84-FRAME","42062648","9ca44a4e-ad21-4898-913e-cbccffefac1c","23143214","","2","delete_bom_row"
"SA-OCE-S-84-FRAME","42062648","8b1e4b50-5dcc-4a11-a061-b66d6fe47b95","42049883","","5.68","delete_bom_row"
"SA-OCE-S-84-FRAME","42062648","7d5a049a-4b1a-480d-8378-362b14fa918c","23143136","","32","delete_bom_row"
"SA-OCE-S-84-FRAME","42062648","6f1adafa-1c71-4410-af7d-49ed2246e44f","23143128","","22.5","delete_bom_row"
"SA-OCE-S-84-FRAME","42062648","3096dfbb-229f-40b0-a705-d950ab63e096","42047074","","48.5","delete_bom_row"
"SA-OCE-S-84-FRAME","42062648","16d34d70-12c2-423e-a5fb-40dadfe378f9","42049887","","6.221","delete_bom_row"
"SA-OCE-S-72-FRAME","42062646","ce959293-fae1-4d40-b0f8-44e0f2c04a9c","23143136","","27","delete_bom_row"
"SA-OCE-S-72-FRAME","42062646","bed6a630-d566-454e-be8e-f22b670bd701","42047074","","45.5","delete_bom_row"
"SA-OCE-S-72-FRAME","42062646","a2424509-a4d1-4edf-9e7a-44d1df12bcd4","42049883","","5.2","delete_bom_row"
"SA-OCE-S-72-FRAME","42062646","79836c40-977f-4adf-afca-0b66f2328c91","23143214","","2","delete_bom_row"
"SA-OCE-S-72-CUSH","42062645","4cf80817-61c1-40c4-8076-d57085050961","23178511","","151.22","delete_bom_row"
"SA-OCE-S-72-FRAME","42062646","4b54e445-bbb5-4c2e-b4ab-ee5aa55db997","42049887","","5.6952","delete_bom_row"
"SA-OCE-S-72-CUSH","42062645","2fc8ead7-f2a2-4df2-8d1d-7e3ed90d42fc","42062750","","5.5","delete_bom_row"
"SA-OCE-S-72-FRAME","42062646","040ddcca-8ee5-44bb-b6e2-e6bbaba3a19e","23143128","","19.5","delete_bom_row"
"SA-OCE-O-60X22-FRAME","42062633","abcbb8d1-37cf-41ca-91fa-069b73bafc44","42047074","","20","delete_bom_row"
"SA-OCE-O-60X22-FRAME","42062633","82409b0b-bdd5-4acd-a7b5-bb9706f52855","42049887","","1.8838","delete_bom_row"
"SA-OCE-O-60X22-FRAME","42062633","687dcb76-0a1c-43aa-8ea0-50f1b2c216ff","42049883","","1.72","delete_bom_row"
"SA-OCE-O-60X22-FRAME","42062633","37fb0e10-4a1d-4f3f-a99e-80fc20ce630f","23143128","","1.5","delete_bom_row"
"SA-OCE-O-60X22-FRAME","42062633","145fb16c-bc43-472b-bf88-4a031ad228e8","23143136","","19","delete_bom_row"
"SA-OCE-O-42X22-FRAME","42062631","e9ccb6eb-6b4a-411e-9d30-9fa1cc68aaac","42047074","","17","delete_bom_row"
"SA-OCE-O-42X22-FRAME","42062631","d9692c1e-6b9a-4e16-849a-a43361842cab","42049887","","1.621","delete_bom_row"
"SA-OCE-O-42X22-FRAME","42062631","5bbf241a-3c65-4360-a7a5-fe4a11671057","23143128","","1.5","delete_bom_row"
"SA-OCE-O-42X22-FRAME","42062631","1d2bfd54-c3e3-48ee-8094-22feb52c6e60","23143136","","13","delete_bom_row"
"SA-OCE-O-42X22-FRAME","42062631","fc57bd4c-e62f-4cdb-a446-9d6824dd275a","42049883","","1.48","delete_bom_row"
"SA-OCE-O-60X22-CUSH","42062632","b65ebc50-36fe-4bb8-8b44-268e05f1aff2","42062750","","2.5","delete_bom_row"
"SA-OCE-O-60X22-CUSH","42062632","94d58fde-b63d-42cb-925d-b421c20d3b49","23178511","","55","delete_bom_row"
"SA-OCE-O-72X22-FRAME","42062635","efed63f1-d951-46cd-bb27-49464dc58214","23143136","","23","delete_bom_row"
"SA-OCE-O-72X22-FRAME","42062635","d7cc5105-d5aa-4254-8e6e-ce4eff116007","23143128","","3","delete_bom_row"
"SA-OCE-O-72X22-FRAME","42062635","d2f8158b-d95d-4cb3-9517-7b1a92fdefef","42047074","","22","delete_bom_row"
"SA-OCE-O-72X22-FRAME","42062635","d0055642-5f93-4a94-bd6a-fd5967d5a215","42049883","","2","delete_bom_row"
"SA-OCE-O-72X22-FRAME","42062635","11f8dabf-06f3-4268-90a6-4e264c9e5be5","42049887","","2.1905","delete_bom_row"
"SA-OCE-O-72X22-CUSH","42062634","b8843330-75f9-4774-92e0-8fe932ba05ca","23178511","","66","delete_bom_row"
"SA-OCE-O-72X22-CUSH","42062634","a70200e6-9ce0-488c-8079-6e970ed9065a","42062750","","2.5","delete_bom_row"
"SA-OCE-O-42X22-CUSH","42062630","874c13a1-4438-40ff-9486-3372afcf0816","23178511","","38.5","delete_bom_row"
"SA-OCE-O-42X22-CUSH","42062630","0768df27-5465-446a-9de6-e888de03d2b7","42062750","","1.5","delete_bom_row"
"SA-OCE-O-30X22-CUSH","42062628","b9afb56e-5e43-464f-8669-0577c2fc5c6f","23178511","","27.5","delete_bom_row"
"SA-OCE-O-30X22-CUSH","42062628","b9085f7f-32bb-4b2f-bfff-247e25cdf1ee","42062750","","1.5","delete_bom_row"
"SA-OCE-ML-CUSH","42062626","979563c9-a8af-4244-8dd2-607f69b5d59d","23178511","","79","delete_bom_row"
"SA-OCE-ML-CUSH","42062626","7b3f7c28-4ddf-40cc-a41e-07dc4f75a33a","42062750","","4","delete_bom_row"
"SA-OCE-O-30X22-FRAME","42062629","d85f1af4-2ffd-43fe-a433-e02e9dbc5e80","23143136","","9","delete_bom_row"
"SA-OCE-O-30X22-FRAME","42062629","96128fd8-426b-44fc-a849-2a590df8a72b","42049883","","1.32","delete_bom_row"
"SA-OCE-O-30X22-FRAME","42062629","61328470-dd78-4acf-8a82-6c6df80eeb39","42049887","","1.4457","delete_bom_row"
"SA-OCE-O-30X22-FRAME","42062629","326c40be-a576-4381-ac3f-a761a9086419","42047074","","15","delete_bom_row"
"SA-OCE-O-30X22-FRAME","42062629","010d48bd-14a8-424b-9c13-57e1cd657e53","23143128","","1.5","delete_bom_row"
"SA-OCE-ML-FRAME","42062627","f8d26955-a8b6-49dc-b6f4-038eb7664ead","42047074","","40","delete_bom_row"
"SA-OCE-ML-FRAME","42062627","c3fe968f-744a-460f-86af-be9f22be8b14","42049883","","4.12","delete_bom_row"
"SA-OCE-ML-FRAME","42062627","bec7f983-9db0-4805-b6f9-cddec9dd2f87","23143214","","2","delete_bom_row"
"SA-OCE-ML-FRAME","42062627","8523ce45-2f08-4c46-830c-ded26ffc8367","23143136","","17","delete_bom_row"
"SA-OCE-ML-FRAME","42062627","7b7911f0-4fcf-408b-8e59-44c877c20396","42049887","","4.5124","delete_bom_row"
"SA-OCE-ML-FRAME","42062627","3bfd60c1-0145-4078-922b-b1110e6eab99","23143128","","11.5","delete_bom_row"
"SA-OCE-L-CUSH","42062622","8d00ccec-c282-48c0-a606-0aeed5b60b7c","23178511","","101.21","delete_bom_row"
"SA-OCE-L-CUSH","42062622","6e1f5bdd-35c8-4aa0-a498-8575c304fa51","42062750","","5","delete_bom_row"
"SA-OCE-L-FRAME","42062623","f80be486-f87e-4af5-a58b-1b3bb78cfb45","23143136","","22","delete_bom_row"
"SA-OCE-L-FRAME","42062623","e4d2fbe4-4d1c-415c-953f-19666abef2a3","23143128","","14.5","delete_bom_row"
"SA-OCE-L-FRAME","42062623","cd852203-f2ef-48b1-b0f7-d74c8acf7b83","42049887","","4.9943","delete_bom_row"
"SA-OCE-L-FRAME","42062623","9b7e7fdb-56d4-46b5-827c-5e61135eddfe","23143214","","2","delete_bom_row"
"SA-OCE-L-FRAME","42062623","924e76be-c526-4dd0-b0f7-867566bfd798","42049883","","4.56","delete_bom_row"
"SA-OCE-L-FRAME","42062623","3cd1ab6a-9684-4f5c-b89b-682d55bb44b6","42047074","","42.5","delete_bom_row"
"SA-OCE-DCL-FRAME","42062621","8d3ac856-0622-462c-8ca2-0f0b70dd93e7","23143516","","13","delete_bom_row"
"SA-OCE-DCL-FRAME","42062621","5e039567-cd9c-4714-9cee-133d6fcc0be9","23143136","","37.5","delete_bom_row"
"SA-OCE-DCL-FRAME","42062621","04347177-27ca-4162-8bf0-b0cb0adbedfe","42047073","","62","delete_bom_row"
"SA-OCE-DCL-FRAME","42062621","e8af809c-1085-41a0-a507-efab40c35d06","42049887","","6.5714","delete_bom_row"
"SA-OCE-DCL-FRAME","42062621","9a110c62-4e8c-4f56-b705-3184021c6cba","42049883","","6","delete_bom_row"
"SA-OCE-DCL-CUSH","42062620","daeb891f-3f33-48f3-bcbb-f29aba6dd79f","23178511","","163.13","delete_bom_row"
"SA-OCE-DCL-CUSH","42062620","53948ca7-52b1-4321-8abe-233b9ee25513","42062750","","9","delete_bom_row"
"SA-OCE-CT-72X42-FRAME","42062160","aba04b2c-5b4f-4f4a-841b-7acb7868d37e","42047074","","5","delete_bom_row"
"SA-OCE-CT-72X42-FRAME","42062160","884d4218-1dc2-427a-af96-c776f335c47e","42049883","","4.96","delete_bom_row"
"SA-OCE-CT-72X42-FRAME","42062160","4ffdf73a-903d-4e34-9033-635170738ccd","42047073","","57","delete_bom_row"
"SA-OCE-CT-72X42-FRAME","42062160","380fe9c5-9f79-42d6-a6d0-280240befffc","42049887","","5.4324","delete_bom_row"
"SA-OCE-CT-72X42-FRAME","42062160","1a2f7f5e-e21c-49b0-a593-1a44f1552adf","42047071","","21","delete_bom_row"
"SA-OCE-CT-72X36-FRAME","42062159","b7adf81e-a70d-463c-adf3-2040ad429ad0","42047071","","18","delete_bom_row"
"SA-OCE-CT-72X36-FRAME","42062159","64d36e87-40e0-4a9a-beb9-3f8e1f667fb0","42047074","","5","delete_bom_row"
"SA-OCE-CT-72X36-FRAME","42062159","5bd85c66-e347-49bb-8914-811c0875d8b1","42047073","","54","delete_bom_row"
"SA-OCE-CT-72X36-FRAME","42062159","f9f4dd9b-2a58-4ff6-8369-2bf57f0db234","42049887","","5.1695","delete_bom_row"
"SA-OCE-CT-72X36-FRAME","42062159","9b0e914d-7a5b-4a28-b53d-6b4dd15c71c4","42049883","","4.72","delete_bom_row"
"SA-OCE-CT-72X56-FRAME","42062161","a7136aa4-b37d-4bcb-a96e-c0ea45bca03c","42047074","","5","delete_bom_row"
"SA-OCE-CT-72X56-FRAME","42062161","9379b40a-962f-47ef-8c02-fc93e95c7377","42049887","","6.0457","delete_bom_row"
"SA-OCE-CT-72X56-FRAME","42062161","91ce37bf-14de-4ea3-8774-ecbe557a4099","42047071","","28","delete_bom_row"
"SA-OCE-CT-72X56-FRAME","42062161","7d3126bd-b7bd-4f61-820a-b6ec521a2fd7","42049883","","5.52","delete_bom_row"
"SA-OCE-CT-72X56-FRAME","42062161","18a3f813-0ef1-459b-a5c1-edf81ac7af43","42047073","","64","delete_bom_row"
"SA-OCE-CT-56X56-FRAME","42062618","73f076d8-c483-41e0-ab72-8b521b3968a6","42047071","","22.1","delete_bom_row"
"SA-OCE-CT-56X56-FRAME","42062618","526e8546-9974-4d5e-ae9b-87df63ae5b51","42047073","","56","delete_bom_row"
"SA-OCE-CT-56X56-FRAME","42062618","3c6a4e7c-a651-4e0a-ba77-5a8b17cfb0c6","42049883","","4.88","delete_bom_row"
"SA-OCE-CT-56X56-FRAME","42062618","2ae13a66-60f1-44cc-b75b-a6e9d07a614c","42047074","","5","delete_bom_row"
"SA-OCE-CT-56X56-FRAME","42062618","156a45c1-f0a9-4aec-bf7a-9861cb9fbfec","42049887","","5.3448","delete_bom_row"
"SA-OCE-CT-56X42-FRAME","42062157","f02c7f57-eb34-4ca4-bb07-ed7414e5dbfb","42047071","","16.3","delete_bom_row"
"SA-OCE-CT-56X42-FRAME","42062157","7e2627bd-26d9-460e-a5a0-06b20389a993","42049883","","4.32","delete_bom_row"
"SA-OCE-CT-56X42-FRAME","42062157","7090a109-c877-4a97-aa35-d7b7203cac8a","42047073","","49","delete_bom_row"
"SA-OCE-CT-56X42-FRAME","42062157","64082818-9457-4eac-b862-81f98396eae4","42047074","","5","delete_bom_row"
"SA-OCE-CT-56X42-FRAME","42062157","00dc164f-95e9-46b5-b656-c8575d381768","42049887","","4.7314","delete_bom_row"
"SA-OCE-CT-56X36-FRAME","42062156","d53fdcae-8fdc-40cf-bd43-9f70fb82b391","42047073","","46","delete_bom_row"
"SA-OCE-CT-56X36-FRAME","42062156","94c13eab-d62f-4b4a-a80a-27b25583f2f1","42047074","","5","delete_bom_row"
"SA-OCE-CT-56X36-FRAME","42062156","ef60ab8b-7949-4988-8cca-cd639937e1cc","42049883","","4.08","delete_bom_row"
"SA-OCE-CT-56X36-FRAME","42062156","d99708df-e661-4396-bfa5-e74c85ba0f31","42049887","","4.4686","delete_bom_row"
"SA-OCE-CT-56X36-FRAME","42062156","a2a5b878-a279-45a7-8441-e5a831f1c666","42047071","","14","delete_bom_row"
"SA-OCE-CT-56X28-FRAME","42062155","e1fab1c1-b25b-4885-aaa4-0f021a1c7c4b","42047073","","42","delete_bom_row"
"SA-OCE-CT-56X28-FRAME","42062155","6736f7d5-d5f5-49cc-af1c-7e4f196e9ddc","42049883","","3.76","delete_bom_row"
"SA-OCE-CT-56X28-FRAME","42062155","60f9e1b3-bb6f-4580-b13b-2db23a742f4d","42047074","","5","delete_bom_row"
"SA-OCE-CT-56X28-FRAME","42062155","60d5a0af-f3ac-42b3-a1fb-329a18c6fc10","42049887","","4.1181","delete_bom_row"
"SA-OCE-CT-56X28-FRAME","42062155","16914d4e-21dc-46b7-b470-1c4eca21b15f","42047071","","10.9","delete_bom_row"
"SA-OCE-CT-42X42-FRAME","42062615","f99ca9ec-7504-4b9c-b07e-3a78d85792c1","42047073","","42","delete_bom_row"
"SA-OCE-CT-42X42-FRAME","42062615","b392ad4d-20c9-4463-a3bd-6160b0b23a45","42047074","","5","delete_bom_row"
"SA-OCE-CT-42X42-FRAME","42062615","81e1751c-4c4e-4192-a2a4-ad92cda4a320","42049887","","4.1181","delete_bom_row"
"SA-OCE-CT-42X42-FRAME","42062615","26f45a1c-5345-452e-be9c-06ea8cceb9b1","42049883","","3.76","delete_bom_row"
"SA-OCE-CT-42X42-FRAME","42062615","164d7eca-f3e8-41c1-8964-8e6ca9dc6424","42047071","","12.3","delete_bom_row"
"SA-OCE-CT-42X28-FRAME","42062153","dc01f60d-3357-4508-9be6-8d68a09eaf02","42047074","","5","delete_bom_row"
"SA-OCE-CT-42X28-FRAME","42062153","89d6faff-b9f8-428d-8012-7ee035eb2eae","42047073","","35","delete_bom_row"
"SA-OCE-CT-42X28-FRAME","42062153","84340ce4-6bbb-46a9-b051-c84ef3cd4304","42047071","","8.2","delete_bom_row"
"SA-OCE-CT-42X28-FRAME","42062153","7354810b-b077-4d56-addb-4bd90dbe0ea7","42049887","","3.5048","delete_bom_row"
"SA-OCE-CT-42X28-FRAME","42062153","0e9b7ca1-38d0-4e19-af30-24c093604675","42049883","","3.2","delete_bom_row"
"SA-OCE-CC-FRAME","42062609","e75fa2f2-ebb3-4644-ace3-566a7304ca2e","42049887","","3.8552","delete_bom_row"
"SA-OCE-CC-FRAME","42062609","d54253d7-5623-40ed-a283-c3885229dd65","23143128","","8","delete_bom_row"
"SA-OCE-CC-FRAME","42062609","8f729722-a2d1-464a-af4d-0d2e8eed38d0","42047074","","36","delete_bom_row"
"SA-OCE-CC-FRAME","42062609","6ca9d80d-0952-4dc1-977a-04a774382d91","23143214","","2","delete_bom_row"
"SA-OCE-CC-FRAME","42062609","2b4bf982-3cc0-443c-99a2-f831259a3f5c","23143136","","11","delete_bom_row"
"SA-OCE-CC-FRAME","42062609","6bdd29cd-29c3-4745-b448-44d674abca0e","42049883","","3.52","delete_bom_row"
"SA-OCE-CT-36X36-FRAME","42062612","d0e30ae8-12a7-4f1c-8723-8ed5f78db5aa","42047074","","5","delete_bom_row"
"SA-OCE-CT-36X36-FRAME","42062612","5e91953f-d4cc-4aac-a1ba-651cc0eb07b8","42047071","","9","delete_bom_row"
"SA-OCE-CT-36X36-FRAME","42062612","5d7c04d4-e8e1-4f76-a1ca-4c49a1f04406","42049883","","3.28","delete_bom_row"
"SA-OCE-CT-36X36-FRAME","42062612","39d3b861-99b9-4e20-8b9a-b3d5cd4c470e","42049887","","3.5924","delete_bom_row"
"SA-OCE-CT-36X36-FRAME","42062612","0a9886cb-5dc3-4288-bd6d-71bf28002c2a","42047073","","36","delete_bom_row"
"SA-OCE-CC-CUSH","42062608","641b03ea-5323-4870-b441-b4cb7858d276","23178511","","53","delete_bom_row"
"SA-OCE-CC-CUSH","42062608","3f17e9c3-39c2-465c-88da-f42cf30a04b1","42062750","","3","delete_bom_row"
"SA-BRV-CLB-CHA-34X34-BACK","42062398","5bd48d55-dcb5-4682-87b0-0057e9966749","42047074","","9.1799","delete_bom_row"
"SA-BRV-CLB-CHA-34X34-BACK","42062398","266f8eb8-1baa-4a26-9d00-d448f576618f","42049883","","0.68","delete_bom_row"
"SA-BRV-CLB-CHA-34X34-SEAT","42062400","f47413b5-e166-4d9b-906e-70a64ef72752","23143136","","5.4","delete_bom_row"
"SA-BRV-CLB-CHA-34X34-SEAT","42062400","6853a94b-26cb-4982-87d7-92428afab455","23143128","","10.8","delete_bom_row"
"SA-BRV-CLB-CHA-34X34-SEAT","42062400","4d2ca31f-6555-4a89-a7dd-1c4da1871067","42047074","","15.12","delete_bom_row"
"SA-BRV-CLB-CHA-34X34-SEAT","42062400","6205178b-1f3e-4c5b-a965-7785bd99574f","42049883","","2.32","delete_bom_row"
"SA-BRV-CLB-CHA-34X34-CUSH","42062399","e9296b1f-ade7-4a54-a51b-caf4f058bc02","42062750","","3.7516","delete_bom_row"
"SA-BRV-CLB-CHA-34X34-CUSH","42062399","8f0d7ca5-9942-482e-82b5-e09c8a042e07","23178511","","33.7167","delete_bom_row"
"SA-BRV-ARM","42062397","3fe34e4d-7d11-4beb-b1b1-342d541877eb","42049883","","0.32","delete_bom_row"
"SA-BRV-ARM","42062397","1d0e8471-d6ef-4d40-8b16-f4d6563af477","42047074","","4.32","delete_bom_row"
"SA-BRA-ST-20X20-FRAME","42062477","cc7cfa3e-a5f4-4f57-837b-beffbee1293f","41147406","","4","delete_bom_row"
"SA-BRA-ST-20X20-FRAME","42062477","c4925660-ad7a-435d-b193-a8a85b9980eb","42049883","","1.36","delete_bom_row"
"SA-BRA-ST-20X20-FRAME","42062477","aa4233a1-a0f9-42f4-8e8f-a73a7fadac17","42047074","","17","delete_bom_row"
"SA-BRA-ST-20X20-FRAME","42062477","82e75d80-fad0-41bc-baa2-7cec39ac6e16","42047071","","0.125","delete_bom_row"
"SA-BRA-ST-20X20-FRAME","42062477","377c0d08-eb88-47a8-9e3a-fe07f9960c61","42049887","","1.4895","delete_bom_row"
"SA-BRA-S-96-FRAME","42062483","d9af004a-472e-4cd7-bd28-96a505bbb43b","41913014","","4","delete_bom_row"
"SA-BRA-S-96-FRAME","42062483","96e223b6-b60f-43bc-b9e3-5716471166fc","42049887","","5.6076","delete_bom_row"
"SA-BRA-S-96-FRAME","42062483","8f977b4f-6d5b-4cf1-8354-605192475bdf","41147406","","4","delete_bom_row"
"SA-BRA-S-96-FRAME","42062483","6542999b-1d0c-4c37-b8c0-08b9dbeebeee","42047073","","13","delete_bom_row"
"SA-BRA-S-96-FRAME","42062483","3ac43794-df8b-44a5-8154-a418c8fddd0a","23143136","","39","delete_bom_row"
"SA-BRA-S-96-FRAME","42062483","235529b7-5fbb-4fa0-bcd5-93d626fa4150","42047074","","51","delete_bom_row"
"SA-BRA-S-96-FRAME","42062483","05e4083a-24df-40e5-a9eb-fa38659e02a6","42049883","","5.12","delete_bom_row"
"SA-BRA-S-84-FRAME","42062481","fe6bf482-38b7-481d-a1f5-80482e268d90","41147406","","4","delete_bom_row"
"SA-BRA-S-84-FRAME","42062481","7627745f-9ed2-4250-8dd4-74611676cbb9","23143136","","34","delete_bom_row"
"SA-BRA-S-84-FRAME","42062481","748690da-05ed-4d90-a6d6-39220f34a82a","42047073","","10","delete_bom_row"
"SA-BRA-S-84-FRAME","42062481","6697a5bf-2879-48e9-bb39-5b2ed05bf92f","42047074","","47","delete_bom_row"
"SA-BRA-S-84-FRAME","42062481","dbffc3c0-4a6c-4f74-bc91-83499f1bd088","42049887","","4.9943","delete_bom_row"
"SA-BRA-S-84-FRAME","42062481","cda784f3-5cf0-451b-a5dd-7b914e15f964","41913014","","4","delete_bom_row"
"SA-BRA-S-84-FRAME","42062481","8472a2c3-90c4-4674-8e8d-d26aa8b0addb","42049883","","4.56","delete_bom_row"
"SA-BRA-S-72-FRAME","42062479","f8b37ef4-d069-4759-a6f7-6c87ea4eee28","42047074","","43","delete_bom_row"
"SA-BRA-S-72-FRAME","42062479","f82a1dbe-e7e0-431d-8368-932b1026d5a2","41913014","","4","delete_bom_row"
"SA-BRA-S-72-FRAME","42062479","c9689cff-6177-40cb-b54b-407bb28f237c","42049883","","4.08","delete_bom_row"
"SA-BRA-S-72-FRAME","42062479","c3e1b195-9fb4-4481-b5ef-2aa9a170aedb","41147406","","4","delete_bom_row"
"SA-BRA-S-72-FRAME","42062479","762fe753-b93f-48f6-89d0-0c11d761e77a","42047073","","8","delete_bom_row"
"SA-BRA-S-72-FRAME","42062479","2c52ccdb-fb32-4281-98ea-a6ae69eb30ec","23143136","","29","delete_bom_row"
"SA-BRA-S-72-FRAME","42062479","29ad818d-9f63-451d-a8da-0b1031f69007","42049887","","4.4686","delete_bom_row"
"SA-BRA-ODT-72X22-FRAME","42061902","a56379c5-bf94-44b8-ae5a-b34a04abd7c4","42047074","","19","delete_bom_row"
"SA-BRA-ODT-72X22-FRAME","42061902","6787b6d2-1a41-4aca-9321-e2537bd5c09e","23143136","","17","delete_bom_row"
"SA-BRA-ODT-72X22-FRAME","42061902","ee692c1f-8987-46d4-b1b5-70a70aa54eed","42049883","","1.52","delete_bom_row"
"SA-BRA-ODT-72X22-FRAME","42061902","caaa9e8c-3a30-4dd6-920c-0059637f263e","41147406","","4","delete_bom_row"
"SA-BRA-ODT-72X22-FRAME","42061902","935bab7b-409b-4b9e-b6b9-bdb57d86c0d6","42049887","","1.6648","delete_bom_row"
"SA-BRA-ODT-72X22-FRAME","42061902","45aca0f6-e691-48da-bdf9-60cafb3c7ffa","41913014","","4","delete_bom_row"
"SA-BRA-ODT-42X34-FRAME","42061900","fada3e05-d22d-4cfb-8193-baad4e8e52f0","41147406","","4","delete_bom_row"
"SA-BRA-ODT-42X34-FRAME","42061900","0e1c35d1-322e-46ef-a78d-3d5c35a2abeb","41913014","","4","delete_bom_row"
"SA-BRA-ODT-60X22-FRAME","42061901","f5ffa975-e5ce-41db-882d-a927fe204285","42049887","","1.4895","delete_bom_row"
"SA-BRA-ODT-60X22-FRAME","42061901","ea1a9010-6f74-430a-bc59-3b9469662480","42049883","","1.36","delete_bom_row"
"SA-BRA-ODT-60X22-FRAME","42061901","d34f0409-da08-46b5-ab20-29d666566302","41913014","","4","delete_bom_row"
"SA-BRA-ODT-60X22-FRAME","42061901","2120cace-c888-4684-9e2b-396c6211a937","23143136","","14","delete_bom_row"
"SA-BRA-ODT-60X22-FRAME","42061901","11d4263b-913f-4ff2-91c8-dd60eea2332a","41147406","","4","delete_bom_row"
"SA-BRA-ODT-60X22-FRAME","42061901","064b4a84-8f0c-4af2-b7c8-9e1dcbd59b70","42047074","","17","delete_bom_row"
"SA-BRA-ODT-42X22-FRAME","42061899","e2c599e5-4661-43e8-ab08-5bb3a9206389","41913014","","4","delete_bom_row"
"SA-BRA-ODT-42X22-FRAME","42061899","c11be304-890d-445f-a00c-2408bf1bea0a","23143136","","8","delete_bom_row"
"SA-BRA-ODT-42X22-FRAME","42061899","9d708082-311a-410d-97f2-1652e51c6809","42047074","","11","delete_bom_row"
"SA-BRA-ODT-42X22-FRAME","42061899","73fad025-495a-4874-a0fc-39880668a509","41147406","","4","delete_bom_row"
"SA-BRA-ODT-42X22-FRAME","42061899","2eef0037-450b-46fb-852c-1f3720f0030a","42049883","","0.88","delete_bom_row"
"SA-BRA-ODT-42X22-FRAME","42061899","11cd6cdd-2232-49db-a706-76a8e3665889","42049887","","0.9638","delete_bom_row"
"SA-BRA-ODT-30X22-FRAME","42061897","c2b17fbf-5498-43ec-8600-ba7c6cd3d071","23143136","","5.5","delete_bom_row"
"SA-BRA-ODT-30X22-FRAME","42061897","fcda9af0-35f5-48fc-b503-1931442859ad","42049883","","0.96","delete_bom_row"
"SA-BRA-ODT-30X22-FRAME","42061897","7ed17969-b4fd-4030-93f4-ebc187860795","42047074","","12","delete_bom_row"
"SA-BRA-ODT-30X22-FRAME","42061897","7dcccb5a-6add-4640-9c60-16fbc8dbe4a9","42049887","","1.0514","delete_bom_row"
"SA-BRA-ODT-30X22-FRAME","42061897","4287a277-96f2-4177-9c34-9b9c908146a3","41913014","","4","delete_bom_row"
"SA-BRA-ODT-30X22-FRAME","42061897","08bb0d47-01ef-4571-acee-2f1d9a124185","41147406","","4","delete_bom_row"
"SA-BRA-ODT-34X34-FRAME","42061898","e8583fe7-eca7-4784-8082-a934487bdf10","42049883","","1.12","delete_bom_row"
"SA-BRA-ODT-34X34-FRAME","42061898","83a4c5b9-7275-4d35-962a-d4f3ff4ebff3","23143136","","10","delete_bom_row"
"SA-BRA-ODT-34X34-FRAME","42061898","5f69ad04-bffd-4087-9bce-da1243261ddd","42049887","","1.2267","delete_bom_row"
"SA-BRA-ODT-34X34-FRAME","42061898","4b236520-5c65-42ce-895d-9291e49145f1","42047074","","14","delete_bom_row"
"SA-BRA-ODT-34X34-FRAME","42061898","31086891-42bd-40b5-a292-761cfa2d0e91","41147406","","4","delete_bom_row"
"SA-BRA-ODT-34X34-FRAME","42061898","159b295a-1d36-4b38-9d78-8aee507d0bae","41913014","","4","delete_bom_row"
"SA-BRA-ML-FRAME","42062434","956aae1e-8892-40c6-aea2-42f104724d76","42047074","","35","delete_bom_row"
"SA-BRA-ML-FRAME","42062434","9566b910-2e16-45ab-a9e9-a601133e1a21","42047073","","5","delete_bom_row"
"SA-BRA-ML-FRAME","42062434","80c9f46b-c907-48e1-92c2-61948fdb9fe7","23143136","","19","delete_bom_row"
"SA-BRA-ML-FRAME","42062434","6e19b2b9-aec7-447f-954b-74ede2d31ca2","41913014","","4","delete_bom_row"
"SA-BRA-ML-FRAME","42062434","1f002c02-87f6-4130-9467-4277f72fcd4f","41147406","","4","delete_bom_row"
"SA-BRA-ML-FRAME","42062434","d803e7fb-af57-4f42-adf5-4e13224923d8","42049887","","3.5048","delete_bom_row"
"SA-BRA-ML-FRAME","42062434","907387ea-b582-4c0a-9c7f-bfb62353f4f2","42049883","","3.2","delete_bom_row"
"SA-BRA-D-7872-FRAME","42061894","e13e4660-7dc2-424c-9550-2ab3dd35a6b4","41339591","","2","delete_bom_row"
"SA-BRA-D-7872-FRAME","42061894","7231246e-114e-4359-b3fe-43a59a9ba161","42047074","","67","delete_bom_row"
"SA-BRA-D-7872-FRAME","42061894","162bf11c-705e-426f-ba6b-287d476d87f9","42047073","","35","delete_bom_row"
"SA-BRA-D-7872-FRAME","42061894","0a868d74-af05-4592-81a8-fb7d1de636d0","23143136","","37","delete_bom_row"
"SA-BRA-D-7872-FRAME","42061894","ff7893cf-ea83-432a-a2cd-e5abf878185c","42049883","","8.16","delete_bom_row"
"SA-BRA-D-7872-FRAME","42061894","f4e42022-3e82-480a-8e42-739bfbce721c","41913014","","2","delete_bom_row"
"SA-BRA-D-7872-FRAME","42061894","e343240a-234f-40b5-8f54-9ebe7a109559","42049887","","8.9371","delete_bom_row"
"SA-BRA-D-7872-FRAME","42061894","03b0a826-7e3d-4570-9491-eafeb725e22f","41147406","","4","delete_bom_row"
"SA-BRA-D-7272-FRAME","42062424","fcd9618f-cdeb-4e44-9fe5-e84e8f5e9daf","42047073","","34","delete_bom_row"
"SA-BRA-D-7272-FRAME","42062424","f5e1714d-b637-4102-83c9-9e1990611b4d","41913014","","2","delete_bom_row"
"SA-BRA-D-7272-FRAME","42062424","f3a97d96-2779-453c-9711-93fa44350b14","41147406","","4","delete_bom_row"
"SA-BRA-D-7272-FRAME","42062424","9ca33690-9b4c-4e0f-8452-9ff9c9fa0565","41339591","","2","delete_bom_row"
"SA-BRA-D-7272-FRAME","42062424","45b85e33-6ee4-4bbf-8d3c-c272505d7c4d","23143136","","34","delete_bom_row"
"SA-BRA-D-7272-FRAME","42062424","27ac0631-9d07-4464-b730-3dde5095b30a","42049883","","7.92","delete_bom_row"
"SA-BRA-D-7272-FRAME","42062424","1f90dc51-b3b8-40f4-b2c8-0873b690b6e5","42047074","","65","delete_bom_row"
"SA-BRA-D-7272-FRAME","42062424","0ce5f713-cdbf-4a40-9c42-c846d9875df4","42049887","","8.6743","delete_bom_row"
"SA-BRA-L-FRAME","42062432","bb21de64-e576-457d-8453-d099c5acd6c0","23143136","","24","delete_bom_row"
"SA-BRA-L-FRAME","42062432","5fb0f35e-5f5d-431d-9109-7dbd65ad994d","42047074","","39","delete_bom_row"
"SA-BRA-L-FRAME","42062432","a97496ea-7517-4332-8d20-63da58519fe2","42049883","","3.76","delete_bom_row"
"SA-BRA-L-FRAME","42062432","9b25c6c7-93aa-4d2c-9109-8772e1e317ea","42049887","","4.1181","delete_bom_row"
"SA-BRA-L-FRAME","42062432","8ee21bf5-8e9e-4ed5-910d-6f44a09a8512","41147406","","4","delete_bom_row"
"SA-BRA-L-FRAME","42062432","8c97617e-1cbf-44ec-8e9f-0f5f49435ee9","42047073","","8","delete_bom_row"
"SA-BRA-L-FRAME","42062432","8c68ace2-5c08-4eb8-bcb6-d55b06163289","41913014","","4","delete_bom_row"
"SA-BRA-CT-72X42-FRAME","42061891","a24f89be-d1dc-4a02-88da-1c21cdba9f8c","42047071","","0.75","delete_bom_row"
"SA-BRA-CT-72X42-FRAME","42061891","9b5b8aa7-edce-489b-acfc-5b184bf99ee3","42047074","","42","delete_bom_row"
"SA-BRA-CT-72X42-FRAME","42061891","5ea5eb22-c74a-4cb0-a389-b38141c99aff","42049883","","3.36","delete_bom_row"
"SA-BRA-CT-72X42-FRAME","42061891","367609e0-c9ac-46b6-b35d-0ed172553882","41147406","","4","delete_bom_row"
"SA-BRA-CT-72X42-FRAME","42061891","05c1fe55-8707-47f1-b741-5fa292ab6aca","42049887","","3.68","delete_bom_row"
"SA-BRA-CT-72X56-FRAME","42061892","f035bde7-9558-47cd-bc28-b3755690f4c4","41147406","","4","delete_bom_row"
"SA-BRA-CT-72X56-FRAME","42061892","7ea34e72-e35e-4d0f-ae12-58d9e351dd81","42047071","","0.75","delete_bom_row"
"SA-BRA-CT-72X56-FRAME","42061892","5e068093-1108-449f-9c7a-46960b494253","42049883","","3.76","delete_bom_row"
"SA-BRA-CT-72X56-FRAME","42061892","269c24fb-c2a0-4be4-9e40-49d66dac3701","42047074","","47","delete_bom_row"
"SA-BRA-CT-72X56-FRAME","42061892","184532a4-5e50-45d6-b134-b0affb777a68","42049887","","4.1181","delete_bom_row"
"SA-BRA-CT-72X36-FRAME","42061890","cbb2bd93-00fe-4e39-80ae-77411c5c2ebe","42047071","","0.75","delete_bom_row"
"SA-BRA-CT-72X36-FRAME","42061890","c27cf154-e605-4247-a572-75a1cde6c343","41147406","","4","delete_bom_row"
"SA-BRA-CT-72X36-FRAME","42061890","ae647d3f-3a53-4db3-8c55-6cfdc15b4c41","42049883","","3.2","delete_bom_row"
"SA-BRA-CT-72X36-FRAME","42061890","84a13e88-c114-46fc-861b-c97c750988e8","42049887","","3.5048","delete_bom_row"
"SA-BRA-CT-72X36-FRAME","42061890","500452bf-5042-42ed-9c97-e716674ecd41","42047074","","40","delete_bom_row"
"SA-BRA-CT-56X56-FRAME","42062407","facced19-c218-47f7-a518-c34f5d8ee439","42049883","","3.28","delete_bom_row"
"SA-BRA-CT-56X56-FRAME","42062407","e1bcd193-e6f7-4dc4-8b05-fadd22f5b4f0","41147406","","4","delete_bom_row"
"SA-BRA-CT-56X56-FRAME","42062407","8d6f1d30-2261-4cb9-b22a-865912f9f4e1","42047074","","41","delete_bom_row"
"SA-BRA-CT-56X56-FRAME","42062407","6eeff1d9-e4ae-469a-a1cd-34545ee2a2dc","42047071","","0.5","delete_bom_row"
"SA-BRA-CT-56X56-FRAME","42062407","1febb114-50c1-4589-aadb-ca27a677e35a","42049887","","3.5924","delete_bom_row"
"SA-BRA-CT-56X42-FRAME","42061888","e31a65f7-a21c-4514-a33d-1af83c52fcc3","42047074","","37","delete_bom_row"
"SA-BRA-CT-56X42-FRAME","42061888","d3edb211-c94b-4dd7-8222-46aad2ee630f","42049883","","2.96","delete_bom_row"
"SA-BRA-CT-56X42-FRAME","42061888","abd3d622-73a1-495d-9da4-d394746d2c7c","42049887","","3.2419","delete_bom_row"
"SA-BRA-CT-56X42-FRAME","42061888","3db3dde4-f3ff-4165-a93e-b0b321ea895c","41147406","","4","delete_bom_row"
"SA-BRA-CT-56X42-FRAME","42061888","28e13dfa-1f7c-4724-b01f-05e4f91ee9ce","42047071","","0.5","delete_bom_row"
"SA-BRA-CT-56X28-FRAME","42061886","b62dce03-6c75-41bc-8226-0c45f2d9ea0d","41147406","","4","delete_bom_row"
"SA-BRA-CT-56X28-FRAME","42061886","a8fc2906-439e-4374-bb63-b4cc5504785a","42049883","","2.56","delete_bom_row"
"SA-BRA-CT-56X28-FRAME","42061886","a3125891-99b2-4dff-aeef-e26ce4bda5fe","42047071","","0.25","delete_bom_row"
"SA-BRA-CT-56X28-FRAME","42061886","a0b3ecc2-4848-4543-82f8-8a27f8a7df5d","42047074","","32","delete_bom_row"
"SA-BRA-CT-56X28-FRAME","42061886","22484df3-38b1-4ac4-bc95-df713e0c46c9","42049887","","2.8038","delete_bom_row"
"SA-BRA-CT-56X36-FRAME","42061887","914e477b-61e0-40fe-b91f-849fbc593e29","42049883","","2.8","delete_bom_row"
"SA-BRA-CT-56X36-FRAME","42061887","90f836b1-0696-4af2-839c-6b70baf3a6cf","42047071","","0.5","delete_bom_row"
"SA-BRA-CT-56X36-FRAME","42061887","84b965d9-796e-49cf-a2b0-64db795ed73f","41147406","","4","delete_bom_row"
"SA-BRA-CT-56X36-FRAME","42061887","409a3934-e1ac-44cd-a298-9d6b41f36f78","42049887","","3.0667","delete_bom_row"
"SA-BRA-CT-56X36-FRAME","42061887","2840d05a-4c85-45bc-b6f3-3208f1ac392c","42047074","","35","delete_bom_row"
"SA-BRA-CT-42X28-FRAME","42061884","d8f81337-08ad-40a8-b388-b2f233e2d5ec","41147406","","4","delete_bom_row"
"SA-BRA-CT-42X28-FRAME","42061884","bd4b33c9-82de-4e1a-80c6-f2df1ddfcec9","42047074","","27","delete_bom_row"
"SA-BRA-CT-42X28-FRAME","42061884","1818cac2-4810-466b-84d3-968dc6c7ab8d","42047071","","0.5","delete_bom_row"
"SA-BRA-CT-42X42-FRAME","42062404","e5872f33-a00d-445b-bea2-3d8016ffec46","42049887","","2.8038","delete_bom_row"
"SA-BRA-CT-42X42-FRAME","42062404","e1c1ef6b-c479-42db-82fc-8399f8a0f1a8","42049883","","2.56","delete_bom_row"
"SA-BRA-CT-42X42-FRAME","42062404","b3e14d23-aea0-4fd2-b8f0-f938db164af5","42047074","","32","delete_bom_row"
"SA-BRA-CT-42X28-FRAME","42061884","a7e16eb6-8868-4281-9149-cb243a13f3e6","42049883","","2.16","delete_bom_row"
"SA-BRA-CT-42X28-FRAME","42061884","59248418-3a4f-47ef-88b3-e7f8ca16e964","42049887","","2.3657","delete_bom_row"
"SA-BRA-CT-42X42-FRAME","42062404","0dda92fa-9bd6-4d59-a413-d61098c741de","41147406","","4","delete_bom_row"
"SA-BRA-CT-42X42-FRAME","42062404","0c1cd120-fb5a-4980-abb4-0c0810edf597","42047071","","0.5","delete_bom_row"
"SA-BRA-CS-96-RS-FRAME","42062418","dccef304-4255-4cb4-b2ab-867ea366c54c","23143136","","39","delete_bom_row"
"SA-BRA-CS-96-RS-FRAME","42062418","b17f876d-16f7-4146-8d94-55f32beed783","42047073","","13","delete_bom_row"
"SA-BRA-CS-96-RS-FRAME","42062418","a0a6a823-be0e-4f4a-85d6-7a782d5bc56b","42049887","","5.1695","delete_bom_row"
"SA-BRA-CS-96-RS-FRAME","42062418","990c0e98-e296-436a-889b-ea705d1c7f0b","41147406","","4","delete_bom_row"
"SA-BRA-CS-96-RS-FRAME","42062418","90ad4d55-7ed0-4e8e-9461-4329d0aabf5a","41913014","","4","delete_bom_row"
"SA-BRA-CS-96-RS-FRAME","42062418","4e8ae81a-60d4-44d7-8cf7-7701fa84080a","42049883","","4.72","delete_bom_row"
"SA-BRA-CS-96-RS-FRAME","42062418","3ed3e62a-b6d6-42ce-88a9-2c90ed6748bc","42047074","","46","delete_bom_row"
"SA-BRA-CT-36X36-FRAME","42062402","ebdcd089-813a-4b5d-a1ec-3ce1e9b37cfa","42047074","","28","delete_bom_row"
"SA-BRA-CT-36X36-FRAME","42062402","c5b89c68-7ae8-4958-9fa2-5edd3f38b7f7","42049887","","2.4533","delete_bom_row"
"SA-BRA-CT-36X36-FRAME","42062402","c22d393d-cc2c-46c7-acf5-ebc3cb20671e","41147406","","4","delete_bom_row"
"SA-BRA-CT-36X36-FRAME","42062402","487209bc-02bd-4582-a421-615aac21729f","42047071","","0.5","delete_bom_row"
"SA-BRA-CT-36X36-FRAME","42062402","102fb6eb-f494-46cd-bd58-3ff13a86ac26","42049883","","2.24","delete_bom_row"
"SA-BRA-CS-96-LS-FRAME","42061881","e937764a-69fe-4b90-9185-e1fd81158ad4","42049887","","5.1695","delete_bom_row"
"SA-BRA-CS-96-LS-FRAME","42061881","cd930606-8dfc-41ad-bf86-f13193875367","42047074","","46","delete_bom_row"
"SA-BRA-CS-96-LS-FRAME","42061881","ca6ce3f5-677b-4591-855c-baac6a0501a4","42047073","","13","delete_bom_row"
"SA-BRA-CS-96-LS-FRAME","42061881","91757884-4ea7-4989-8b5a-77e98a624742","42049883","","4.72","delete_bom_row"
"SA-BRA-CS-96-LS-FRAME","42061881","67cb4e4e-1c44-4720-91a9-3f6eeb35b33c","41147406","","4","delete_bom_row"
"SA-BRA-CS-96-LS-FRAME","42061881","412b70cb-2f2d-416e-b77a-0044e4b3cb88","23143136","","39","delete_bom_row"
"SA-BRA-CS-96-LS-FRAME","42061881","39df49a5-0cff-4a29-bbcc-c481bf79537d","41913014","","4","delete_bom_row"
"SA-BRA-CS-84-RS-FRAME","42062416","eae7d486-08f9-4b47-aa85-76d4066ec713","42049883","","4.16","delete_bom_row"
"SA-BRA-CS-84-RS-FRAME","42062416","c48c7f1f-4306-4900-a247-8f2b0805a6b4","41147406","","4","delete_bom_row"
"SA-BRA-CS-84-RS-FRAME","42062416","bd0e7ff4-0c20-4268-8163-51f7f2e84691","41913014","","4","delete_bom_row"
"SA-BRA-CS-84-RS-FRAME","42062416","b501c846-360d-442a-b595-0b0b2e6cd4c6","23143136","","34","delete_bom_row"
"SA-BRA-CS-84-RS-FRAME","42062416","949254c9-36fa-47fb-88dc-a208fe1ef92d","42047073","","10","delete_bom_row"
"SA-BRA-CS-84-RS-FRAME","42062416","6a341f3e-c475-4f68-a6be-ca2bd6fc88f1","42049887","","4.5562","delete_bom_row"
"SA-BRA-CS-84-RS-FRAME","42062416","282f31b8-4e0e-4214-b477-6ab75abef72f","42047074","","42","delete_bom_row"
"SA-BRA-CS-84-LS-FRAME","42061879","6fea1207-e531-4c96-9d5a-6596254b02b4","23143136","","34","delete_bom_row"
"SA-BRA-CS-72-RS-FRAME","42062414","ffcb66e2-8697-4287-8fd1-facc603abaf5","23143136","","29","delete_bom_row"
"SA-BRA-CS-84-LS-FRAME","42061879","f3e2fed8-0fc6-44ad-a613-e2bd9f44d123","42047074","","42","delete_bom_row"
"SA-BRA-CS-84-LS-FRAME","42061879","e5accf91-6a26-424d-8a3d-7fd9f6ff4161","41913014","","4","delete_bom_row"
"SA-BRA-CS-84-LS-FRAME","42061879","ddad067b-0c18-4256-a5ad-01a15542e023","42049883","","4.16","delete_bom_row"
"SA-BRA-CS-72-RS-FRAME","42062414","447b3db3-955e-418d-8dfe-e4ace7d0ca03","42047074","","38","delete_bom_row"
"SA-BRA-CS-72-RS-FRAME","42062414","2932bad6-bff5-4c17-96ba-f1dde4b31278","42047073","","10","delete_bom_row"
"SA-BRA-CS-84-LS-FRAME","42061879","1b90c74c-22a0-49af-be03-f6d8ede1a865","42047073","","10","delete_bom_row"
"SA-BRA-CS-84-LS-FRAME","42061879","14ec3a87-358f-4d60-a438-de73ec082fc9","42049887","","4.5562","delete_bom_row"
"SA-BRA-CS-84-LS-FRAME","42061879","09bfead0-55b9-41f3-8b86-de3978cf7c10","41147406","","4","delete_bom_row"
"SA-BRA-CS-72-RS-FRAME","42062414","9ad48553-2f8b-4f12-baeb-6f70e93448ee","41147406","","4","delete_bom_row"
"SA-BRA-CS-72-RS-FRAME","42062414","5b12ead5-e7c4-48da-9e2c-82c15a215ce1","42049883","","3.84","delete_bom_row"
"SA-BRA-CS-72-RS-FRAME","42062414","25dcf2a8-526b-4cfe-a938-32f610c64023","41913014","","4","delete_bom_row"
"SA-BRA-CS-72-RS-FRAME","42062414","2441ef1d-6be5-43ef-9b30-844f8d004772","42049887","","4.2057","delete_bom_row"
"SA-BRA-CS-72-LS-FRAME","42061877","ee16a7e4-e7eb-4c28-8fce-7027eeea94fa","41147406","","4","delete_bom_row"
"SA-BRA-CS-72-LS-FRAME","42061877","d8b6f7b0-3ffa-40f8-818e-58cc6d6bca78","41913014","","4","delete_bom_row"
"SA-BRA-CS-72-LS-FRAME","42061877","d899b8be-b122-4424-8ebb-942718dc80ef","42047073","","10","delete_bom_row"
"SA-BRA-CS-72-LS-FRAME","42061877","7205c40d-df78-44a0-acab-940518352b5e","42049887","","4.2057","delete_bom_row"
"SA-BRA-CS-72-LS-FRAME","42061877","5a6b10d2-53b0-41c0-83e4-d82659389c73","42049883","","3.84","delete_bom_row"
"SA-BRA-CS-72-LS-FRAME","42061877","53851199-7715-4fba-b440-12bda8aa802b","42047074","","38","delete_bom_row"
"SA-BRA-CS-72-LS-FRAME","42061877","1f93587d-f5a7-4df3-8fae-bdfc9308626f","23143136","","29","delete_bom_row"
"SA-BRA-CADA-84X78-FRAME","42061876","ca31665a-2343-4659-bb2f-7fb0d1f9da82","42047073","","41","delete_bom_row"
"SA-BRA-CADA-84X78-FRAME","42061876","bc365af9-11e4-49ce-9e77-70065b35de41","42047074","","70","delete_bom_row"
"SA-BRA-CADA-84X78-FRAME","42061876","b95d3a57-b0dc-44c3-be90-2a1e5d675674","41147406","","4","delete_bom_row"
"SA-BRA-CADA-84X78-FRAME","42061876","98378588-6696-493e-8ad4-005f4b964593","42049887","","9.7257","delete_bom_row"
"SA-BRA-CADA-84X78-FRAME","42061876","915cc88f-5ec1-440f-9900-d48dfd90515a","41913014","","2","delete_bom_row"
"SA-BRA-CADA-84X78-FRAME","42061876","8f7b9c64-bb19-42a7-ac0d-e0039c223e4d","23143136","","40","delete_bom_row"
"SA-BRA-CADA-84X78-FRAME","42061876","4a4192b4-0f83-4acc-ad19-b99ff140f366","42049883","","8.88","delete_bom_row"
"SA-BRA-CADA-84X78-FRAME","42061876","439c44eb-7891-41cc-9c2c-0ddafba6f859","41339591","","2","delete_bom_row"
"SA-BRA-C-42X84-RS-FRAME","42062396","f85a576f-56dc-4654-89c0-78f2fe9c7568","42049887","","4.9943","delete_bom_row"
"SA-BRA-C-42X84-RS-FRAME","42062396","d2cb3cf0-3734-4b42-b3c7-d4a9a2195bda","42047074","","41","delete_bom_row"
"SA-BRA-C-42X84-RS-FRAME","42062396","6e1f752c-37f6-40d3-9e67-91de91d2c9de","42047073","","16","delete_bom_row"
"SA-BRA-C-42X84-RS-FRAME","42062396","62a75878-efc9-49c6-807b-4e010110b587","41913014","","4","delete_bom_row"
"SA-BRA-C-42X84-RS-FRAME","42062396","33823dd2-b90c-4f20-9d92-2de1f0c41b4a","23143136","","40","delete_bom_row"
"SA-BRA-C-42X84-RS-FRAME","42062396","04eaeb04-4f35-4fa2-b098-b7e73101ab9a","41147406","","4","delete_bom_row"
"SA-BRA-C-42X84-RS-FRAME","42062396","ea064604-8e37-4ce5-8f5a-71c3f88b3083","42049883","","4.56","delete_bom_row"
"SA-BRA-CADA-78X78-FRAME","42061875","d9e60c35-88ca-4c01-9e27-52be1f8c1d18","42047073","","35","delete_bom_row"
"SA-BRA-CADA-78X78-FRAME","42061875","ce465317-7646-4b03-9742-196b066d8149","41147406","","4","delete_bom_row"
"SA-BRA-CADA-78X78-FRAME","42061875","be6e0bee-761d-4890-9d92-c810f530425a","42049887","","8.9371","delete_bom_row"
"SA-BRA-CADA-78X78-FRAME","42061875","89b27b24-164f-404d-a4ee-31c9782a6b37","42047074","","67","delete_bom_row"
"SA-BRA-CADA-78X78-FRAME","42061875","710f59d6-f86d-4cfb-81aa-7145af150a87","41339591","","2","delete_bom_row"
"SA-BRA-CADA-78X78-FRAME","42061875","4966cf9a-275b-45e1-840e-a40ed4be32e9","41913014","","2","delete_bom_row"
"SA-BRA-CADA-78X78-FRAME","42061875","4857d158-044d-477d-aa95-7b582d94c0fe","23143136","","37","delete_bom_row"
"SA-BRA-CADA-78X78-FRAME","42061875","2f7c1764-386b-4f99-b898-56685003f730","42049883","","8.16","delete_bom_row"
"SA-BRA-C-42X72-RS-FRAME","42062394","f9c9d9aa-0eb5-42e7-821f-f9034eb15f17","23143136","","34","delete_bom_row"
"SA-BRA-C-42X72-RS-FRAME","42062394","c7768d24-ff94-41e0-9a10-08c7a6a1ec6d","42049883","","4.12","delete_bom_row"
"SA-BRA-C-42X72-RS-FRAME","42062394","c69958d7-a91a-451c-b38a-10eda3924669","42047073","","13","delete_bom_row"
"SA-BRA-C-42X72-RS-FRAME","42062394","8e704cc6-ec1e-40f7-8046-4430ae466237","41147406","","4","delete_bom_row"
"SA-BRA-C-42X72-RS-FRAME","42062394","685fe4b4-c7e3-4c75-aea5-9c2333219d1a","42047074","","38.5","delete_bom_row"
"SA-BRA-C-42X72-RS-FRAME","42062394","3d2257e9-ae75-4b86-a55e-ac17472667bd","41913014","","4","delete_bom_row"
"SA-BRA-C-42X72-RS-FRAME","42062394","0a7f106c-2ca4-4822-bbe5-892bfa419d75","42049887","","4.5124","delete_bom_row"
"SA-BRA-C-42X72-LS-FRAME","42061871","ce801ac1-0a49-446a-bc29-2b9ccc18c3c2","23143136","","34","delete_bom_row"
"SA-BRA-C-42X72-LS-FRAME","42061871","5593083c-ae18-4252-9f6e-468d5caac22c","42047074","","38.5","delete_bom_row"
"SA-BRA-C-42X72-LS-FRAME","42061871","bfa6563a-5f86-425a-80e7-d54a7a4deee4","42049887","","4.5124","delete_bom_row"
"SA-BRA-C-42X72-LS-FRAME","42061871","48e64bb4-7078-4dc6-bbd9-963cfa9c169f","41913014","","4","delete_bom_row"
"SA-BRA-C-42X72-LS-FRAME","42061871","375ac066-4b8d-4d49-aa8d-a77d6f039ec3","42047073","","13","delete_bom_row"
"SA-BRA-C-42X72-LS-FRAME","42061871","2a45b900-3546-4f87-aa71-3ad5b060335d","42049883","","4.12","delete_bom_row"
"SA-BRA-C-42X72-LS-FRAME","42061871","067fd75b-ef39-472b-add9-4e449171e3a2","41147406","","4","delete_bom_row"
"SA-BRA-C-34X84-RS-FRAME","42062392","d4dabffa-db33-4635-81bf-714a1dc0c4fd","41913014","","4","delete_bom_row"
"SA-BRA-C-34X84-RS-FRAME","42062392","89b697bb-31ad-4d01-bf25-57393c438d2d","42047073","","13","delete_bom_row"
"SA-BRA-C-34X84-RS-FRAME","42062392","57bec651-79a0-4a4f-a7d1-fd2ddc7ee81e","23143136","","34","delete_bom_row"
"SA-BRA-C-34X84-RS-FRAME","42062392","39da8342-2d5e-4e11-9e7b-6e13934b6cb4","42049883","","4.08","delete_bom_row"
"SA-BRA-C-34X84-RS-FRAME","42062392","3609f61d-77b5-46cf-8f27-be790ec7e34b","42047074","","38","delete_bom_row"
"SA-BRA-C-34X84-RS-FRAME","42062392","0d1d7fd5-2bf4-4e5d-9abc-cb6dec6c1855","41147406","","4","delete_bom_row"
"SA-BRA-C-34X84-RS-FRAME","42062392","0a3744b0-434e-4413-a40c-2e57dedd5144","42049887","","4.4686","delete_bom_row"
"SA-BRA-C-42X84-LS-FRAME","42061873","db1dfd5b-b9f1-4419-a195-1af3579aab63","42047073","","16","delete_bom_row"
"SA-BRA-C-42X84-LS-FRAME","42061873","b47f7db7-d65f-42d2-a10e-5592724b5137","41147406","","4","delete_bom_row"
"SA-BRA-C-42X84-LS-FRAME","42061873","80d7376a-7c39-437d-b6af-b965b51c6ec6","42047074","","41","delete_bom_row"
"SA-BRA-C-42X84-LS-FRAME","42061873","1d4d2fce-22de-4677-800c-fff3980edc6d","23143136","","40","delete_bom_row"
"SA-BRA-C-42X84-LS-FRAME","42061873","f0d96580-bc5f-451a-8ec6-0d41b026181b","42049883","","4.56","delete_bom_row"
"SA-BRA-C-42X84-LS-FRAME","42061873","a56e269b-c294-4770-8a20-003e36941705","42049887","","4.9943","delete_bom_row"
"SA-BRA-C-42X84-LS-FRAME","42061873","2e4946e3-6d22-41c0-a2a7-83991f5a5dad","41913014","","4","delete_bom_row"
"SA-BRA-AS-96-FRAME","42061866","e1f8c4dd-aac1-4a98-869d-5fb20d8b192a","41913014","","48","delete_bom_row"
"SA-BRA-AS-96-FRAME","42061866","c5a5cd6d-e16a-4470-850e-af566ca7e8da","41147406","","4","delete_bom_row"
"SA-BRA-AS-96-FRAME","42061866","3a1f19d4-ec5b-4296-bbf4-7a75db8d54d8","42047073","","13","delete_bom_row"
"SA-BRA-AS-96-FRAME","42061866","3176f4df-4383-48bc-a0da-adf0dab056a7","23143136","","39","delete_bom_row"
"SA-BRA-AS-96-FRAME","42061866","03c430ca-8b84-4279-a9fb-9b5966a7350b","42049887","","1.139","delete_bom_row"
"SA-BRA-AS-96-FRAME","42061866","cb385e1a-f8b5-4302-9d96-0488bd630027","42049883","","1.04","delete_bom_row"
"SA-BRA-C-34X84-LS-FRAME","42061869","b7d8a3cd-6da1-47b5-85c3-4d6c53c4711a","41913014","","4","delete_bom_row"
"SA-BRA-C-34X84-LS-FRAME","42061869","8a1e5b0b-4732-4fd1-b9bc-5f79b575261a","42049887","","4.4686","delete_bom_row"
"SA-BRA-C-34X84-LS-FRAME","42061869","8735bdc2-bc75-4e66-81cc-1ec0bdd15ee9","42049883","","4.08","delete_bom_row"
"SA-BRA-C-34X84-LS-FRAME","42061869","7e6563aa-95b0-4ff2-828a-0b5e514f0e0c","42047074","","38","delete_bom_row"
"SA-BRA-C-34X84-LS-FRAME","42061869","752dd436-a0a2-48f1-b4db-454c0b7efb29","23143136","","34","delete_bom_row"
"SA-BRA-C-34X84-LS-FRAME","42061869","42d9803e-cbba-404c-80a8-05fe3803a016","41147406","","4","delete_bom_row"
"SA-BRA-C-34X84-LS-FRAME","42061869","237cb065-df9a-4c05-a049-03696ed0196a","42047073","","13","delete_bom_row"
"SA-BRA-C-34X72-RS-FRAME","42062390","ed51690a-bfec-4fb8-8278-9af45a38e167","42049887","","4.0305","delete_bom_row"
"SA-BRA-C-34X72-RS-FRAME","42062390","a5ad116a-a474-441a-ab39-e22b272e9bc7","42047074","","36","delete_bom_row"
"SA-BRA-C-34X72-RS-FRAME","42062390","7d26d024-58ef-4b2d-a53f-0fd64a6e953f","23143136","","28.5","delete_bom_row"
"SA-BRA-C-34X72-RS-FRAME","42062390","3fe4dd76-5885-44c7-ad00-11ff26f471d0","41147406","","4","delete_bom_row"
"SA-BRA-C-34X72-RS-FRAME","42062390","257414db-142c-4660-adf0-669ebe7bf649","41913014","","4","delete_bom_row"
"SA-BRA-C-34X72-RS-FRAME","42062390","1bdf7b56-2566-4f38-902b-bf8bcbab278f","42047073","","10","delete_bom_row"
"SA-BRA-C-34X72-RS-FRAME","42062390","133a28d7-32a2-4522-828c-1148e798dbfa","42049883","","3.68","delete_bom_row"
"SA-BRA-C-34X72-LS-FRAME","42061867","f4762ee4-85b0-491b-b00c-311d329072c9","41913014","","4","delete_bom_row"
"SA-BRA-C-34X72-LS-FRAME","42061867","df94175a-756f-4174-bbf2-531b2ab87c9b","42049883","","3.68","delete_bom_row"
"SA-BRA-C-34X72-LS-FRAME","42061867","b92136bb-da96-4713-a904-6d45ae8b776f","41147406","","4","delete_bom_row"
"SA-BRA-C-34X72-LS-FRAME","42061867","b3634900-cf2e-406c-89ff-3105f1f88ad8","42049887","","4.0305","delete_bom_row"
"SA-BRA-C-34X72-LS-FRAME","42061867","567e5ebb-1bd8-481e-b947-64ee847f647a","42047074","","36","delete_bom_row"
"SA-BRA-C-34X72-LS-FRAME","42061867","16d51cfa-e53f-4e2e-88f9-d3b590ac6ef6","23143136","","28.5","delete_bom_row"
"SA-BRA-C-34X72-LS-FRAME","42061867","0bb253ca-f077-4622-8cb8-8d0f8acd2b6b","42047073","","10","delete_bom_row"
"SA-BRA-AS-72-FRAME","42061864","7e6d613b-3a8d-4c05-9442-3cd574997f0f","42047074","","36","delete_bom_row"
"SA-BRA-AS-72-FRAME","42061864","61798c43-47d4-44cf-ad95-82002f584215","23143136","","29","delete_bom_row"
"SA-BRA-AS-72-FRAME","42061864","e09ac8a8-0ef9-483a-95fb-fadaf77e858c","42049887","","4.0305","delete_bom_row"
"SA-BRA-AS-72-FRAME","42061864","d2effa1f-14a6-40f9-bb81-62f6a10e36c9","42047073","","10","delete_bom_row"
"SA-BRA-AS-72-FRAME","42061864","b6bf4035-85e2-4fc0-ba67-79880498cba7","41913014","","4","delete_bom_row"
"SA-BRA-AS-72-FRAME","42061864","387acf08-0327-4c2e-ad10-4beaf26f90f9","42049883","","3.68","delete_bom_row"
"SA-BRA-AS-72-FRAME","42061864","1277cc4d-618d-4429-93fb-46030baab199","41147406","","4","delete_bom_row"
"SA-BRA-AS-84-FRAME","42061865","a7c648b2-b915-4942-95a5-1fd174f4501b","42049887","","4.381","delete_bom_row"
"SA-BRA-AS-84-FRAME","42061865","9c9f72d2-32d2-4db1-9c30-cdfcf4eb1706","42047074","","40","delete_bom_row"
"SA-BRA-AS-84-FRAME","42061865","6c2057e3-5acc-44ce-8f85-e75c32297ce7","41913014","","4","delete_bom_row"
"SA-BRA-AS-84-FRAME","42061865","52e5f99d-6da2-425f-8f71-ea921ac79d7e","42047073","","10","delete_bom_row"
"SA-BRA-AS-84-FRAME","42061865","3b2dc25f-901e-4228-9c7a-a029732ab306","23143136","","34","delete_bom_row"
"SA-BRA-AS-84-FRAME","42061865","12d86749-3298-4bbe-ba97-6dbdd314d37f","41147406","","4","delete_bom_row"
"SA-BRA-AS-84-FRAME","42061865","7124dd04-81d1-4a5b-a467-bdce894d0def","42049883","","4","delete_bom_row"
"SA-BRA-AL-60-FRAME","42062378","82273197-9cb4-4ef1-bed7-b43cd8550cec","41913014","","4","delete_bom_row"
"SA-BRA-AL-60-FRAME","42062378","58352fe7-eb89-470a-b961-28d225a82904","42047074","","32","delete_bom_row"
"SA-BRA-AL-60-FRAME","42062378","16dd6153-8128-4a7a-ad51-620a5a29018d","42047073","","8","delete_bom_row"
"SA-BRA-AL-60-FRAME","42062378","05b0f790-074a-4918-9c09-caf5457ee5e4","41147406","","4","delete_bom_row"
"SA-BRA-AL-60-FRAME","42062378","012a39e4-ed7b-4750-8652-fc4fb09e7afd","23143136","","24","delete_bom_row"
"SA-BRA-AL-60-FRAME","42062378","af37624e-ba98-4189-9ba3-e6609ad55291","42049883","","3.2","delete_bom_row"
"SA-BRA-AL-60-FRAME","42062378","64ac8506-4264-44d9-81b4-db16b207f958","42049887","","3.5048","delete_bom_row"
"SA-WFT-DIN-TAB-72X28-BASE","42047072","f8f7a735-3d08-4a88-8ae9-7b03083262f7","42047073","","8.553492","delete_bom_row"
"SA-WFT-DIN-TAB-72X28-BASE","42047072","8964aaee-318d-4a10-9e51-1f241c9ee0b2","42047074","","54.626400000000004","delete_bom_row"
"SA-WFT-DIN-TAB-72X28-BASE","42047072","24d38f2b-20df-4f4f-a8a8-99bcd8cc938b","42047075","","4.3333","delete_bom_row"
"FIN-BRV-DYB-84X78","41078740","e37ff329-d232-476d-b753-3de40cca4613","41147427","","2","delete_bom_row"
"FIN-BRV-DYB-84X78","41078740","afb21394-1cfd-4411-b079-b3fb682e4927","23143123","","70","delete_bom_row"
"FIN-BRV-DYB-84X78","41078740","9d8d6b74-fa31-49dc-ad61-0e15a7e95513","23143509","","41","delete_bom_row"
"FIN-BRV-DYB-84X78","41078740","90117636-1eeb-4cad-913c-b940b4ee2c99","41147406","","4","delete_bom_row"
"FIN-BRV-DYB-84X78","41078740","78c6a95a-434a-4aa5-ac56-0eb0ebe2f1ad","41339591","","2","delete_bom_row"
"FIN-BRV-DYB-84X78","41078740","4ac0b669-241b-4143-a18c-ff8cb0b11951","23143136","","40","delete_bom_row"
"SA-OCE-S-96-FRAME","41892985","f5a3920f-4e68-4f74-8fdb-629d6f1155e5","23143214","","2","delete_bom_row"
"SA-OCE-S-96-FRAME","41892985","38c550aa-86a7-460a-aed6-5e6bdddb58cc","23143136","","37","delete_bom_row"
"SA-OCE-S-96-FRAME","41892985","69a0e77f-fd16-49a9-add3-6b186d8e1787","23143128","","27.5","delete_bom_row"
"SA-OCE-S-96-FRAME","41892985","4c64207e-b892-4bbf-a775-b8e92552fba2","23143123","","51.5","delete_bom_row"
"SA-OCE-S-96-CUSH","41892979","d9abd9cc-f7fa-407a-be8e-ea20346dc09a","23178511","","205.89","delete_bom_row"
"SA-OCE-S-96-CUSH","41892979","b9d27ba0-ca4b-41ed-82d3-eb5e8dd9cbc2","23178514","","5.5","delete_bom_row"
"FIN-DAI-TAB-72X42","41365899","bdd03d3f-eebd-4494-816d-bfa09420c6bb","41147406","","4","delete_bom_row"
"FIN-DAI-TAB-72X42","41365899","3ba7809e-4c89-4ff5-8668-4fe4f02f6a5b","23178678","","0.75","delete_bom_row"
"FIN-BRV-COF-TAB-42X28","41365155","9ffaeedb-4b74-4d68-a4f5-284fc2194de6","23143123","","27","delete_bom_row"
"FIN-BRV-COF-TAB-42X28","41365155","34b136cd-e96f-4d0d-8660-5d2ce42ef852","23178678","","0.5","delete_bom_row"
"FIN-BRV-COF-TAB-42X28","41365155","8a964bb2-47b5-4d05-a753-8f07900b6c3c","41147406","","4","delete_bom_row"
"FIN-BRV-COF-TAB-56X56","41080913","26bb8508-0edf-48db-805a-defd9ae02148","23143123","","41","delete_bom_row"
"FIN-BRV-COF-TAB-72X42","41080905","01bb832d-8475-4eca-be25-51a1d75b0cc9","23143123","","42","delete_bom_row"
"FIN-BRV-COF-TAB-72X42","41080905","f1ebcffd-5702-442e-9622-d10f8f42022b","23178678","","0.75","delete_bom_row"
"FIN-BRV-COF-TAB-72X42","41080905","fb0efe71-fa0d-4bda-bffc-4af3bb3f1022","41147406","","4","delete_bom_row"
"FIN-BRV-COF-TAB-72X56","41080926","0cca5e46-8c4f-45f0-9f7d-7a7801fa6cef","23178678","","0.75","delete_bom_row"
"FIN-BRV-COF-TAB-72X56","41080926","fea495a4-1420-4d1e-a385-8693f1071062","23143123","","47","delete_bom_row"
"FIN-BRV-COF-TAB-72X56","41080926","79a1f7ce-557c-4fa3-a571-25fa13db6831","41147406","","4","delete_bom_row"
"FIN-BRV-SID-TAB-20X20","41080933","a392a8d1-574b-4f89-b45d-2f644ed626bc","23143123","","17","delete_bom_row"
"FIN-BRV-SID-TAB-20X20","41080933","84c8d4ea-13c3-42d1-8350-4a6ff80fa5d3","23178678","","0.125","delete_bom_row"
"FIN-BRV-SID-TAB-20X20","41080933","741aebb2-a799-4517-a48a-3c45b64cc241","41147406","","4","delete_bom_row"
"FIN-BRV-COF-TAB-56X56","41080913","c1ac71e6-050b-4260-9cc6-8c50557d584b","23178678","","0.5","delete_bom_row"
"FIN-BRV-COF-TAB-56X56","41080913","dc8cbcdc-9360-42af-998f-4e8265d6da70","41147406","","4","delete_bom_row"
"FIN-BRV-COF-TAB-56X42","41080898","c703f5b7-eaa9-4101-9007-4bae86bbf7a6","23143123","","37","delete_bom_row"
"FIN-BRV-COF-TAB-56X42","41080898","fbed945c-53e7-451a-b3ef-f5cb7f344885","41147406","","4","delete_bom_row"
"FIN-BRV-COF-TAB-56X42","41080898","f9848309-f212-4308-b72d-d785977f2510","23178678","","0.5","delete_bom_row"
"FIN-BRV-COF-TAB-42X42","41080409","e80b5019-2503-4d24-b343-76a98b6ad863","23143123","","32","delete_bom_row"
"FIN-BRV-COF-TAB-42X42","41080409","7e492abd-5907-469d-a733-d47846512452","23178678","","0.5","delete_bom_row"
"FIN-BRV-COF-TAB-42X42","41080409","a04ef29e-c41e-4c35-837e-626e55c59cd6","41147406","","4","delete_bom_row"
"FIN-BRV-COF-TAB-56X28","41080397","f61164ff-cfdf-4f4d-b2e3-b4fd33ec5a08","23143123","","32","delete_bom_row"
"FIN-BRV-COF-TAB-56X28","41080397","bcea31f2-e365-4ae6-bd82-57bc3c47f4d5","23178678","","0.25","delete_bom_row"
"FIN-BRV-COF-TAB-56X28","41080397","7bb7bf41-cbbc-4af9-88e7-2d7c4d70e045","41147406","","4","delete_bom_row"
"FIN-BRV-COF-TAB-72X36","41080388","240bdeb2-a95c-4b60-8809-c51c7267f1ed","23178678","","0.75","delete_bom_row"
"FIN-BRV-COF-TAB-72X36","41080388","66bdf58f-1d6e-452f-9d74-5f23f5e979a7","41147406","","4","delete_bom_row"
"FIN-BRV-COF-TAB-72X36","41080388","5cb6b907-5582-4a86-ad3d-14cf21c38a20","23143123","","40","delete_bom_row"
"FIN-BRV-COF-TAB-56X36","41080378","4427a419-e88b-4613-977b-97fdd11941a6","23143123","","35","delete_bom_row"
"FIN-BRV-COF-TAB-56X36","41080378","0771e61f-aa0d-4cfb-a224-d39e3c16c2c9","23178678","","0.5","delete_bom_row"
"FIN-BRV-COF-TAB-56X36","41080378","f665b388-0394-4e65-9311-342f7efae8ae","41147406","","4","delete_bom_row"
"FIN-BRV-COF-TAB-36X36","41080371","83ea7a67-3232-4299-bfe5-669bf6d51e40","23143123","","28","delete_bom_row"
"FIN-BRV-COF-TAB-36X36","41080371","690d372e-440d-4bee-bb77-5fa4dc41c7cb","23178678","","0.5","delete_bom_row"
"FIN-BRV-COF-TAB-36X36","41080371","73c7694b-d60e-4d3d-a043-979d9bf12ba2","41147406","","4","delete_bom_row"
"FIN-OCN-SOF-96X38","23143091","b785010c-8abf-484a-8463-ed3446a66d92","41147406","","4","delete_bom_row"
"FIN-OCN-SOF-84X38","23143090","9d5a46ef-df53-4cc7-9538-8bc7bb919d40","41147406","","4","delete_bom_row"
"FIN-OCN-SOF-72X38","23143089","20122abe-cb5c-4876-8817-8832d8459ac1","41147406","","4","delete_bom_row"
"FIN-OCN-LOV-SOF-60X38","23143088","af0bfe6d-5d18-4aa0-806c-10431930f119","41147406","","4","delete_bom_row"
"FIN-OCN-MIN-LOV","23143087","e5ab19a3-25eb-4199-855e-70427b9d28fd","41147406","","4","delete_bom_row"
"FIN-OCN-CLB-CHA-34X38","23143086","7ce6bf36-3b92-457d-a7bf-71aab1aac893","41147406","","4","delete_bom_row"
"FIN-BRV-OTT-DKT-42X34","41079746","791ac1a9-3525-4605-a440-387dc1ceda54","41147427","","4","delete_bom_row"
"FIN-BRV-OTT-DKT-42X34","41079746","a3d6c1d1-2767-4345-8816-3a943c288d9e","41147406","","4","delete_bom_row"
"FIN-BRV-OTT-DKT-34X34","41079725","069bb7d3-9632-4b77-a81a-ad978e500e11","23143123","","14","delete_bom_row"
"FIN-BRV-OTT-DKT-34X34","41079725","ad16a44c-196b-4f42-920a-c923feae3db0","23143136","","10","delete_bom_row"
"FIN-BRV-OTT-DKT-34X34","41079725","caeef01d-23b4-4bf9-83a3-e76a9247641b","41147427","","4","delete_bom_row"
"FIN-BRV-OTT-DKT-34X34","41079725","8230a702-865c-4958-a9c4-da4a12cc7fda","41147406","","4","delete_bom_row"
"FIN-BRV-OTT-DKT-72X22","41079038","b95fd667-0a52-41d0-a6e9-8aed9a039500","23143123","","19","delete_bom_row"
"FIN-BRV-OTT-DKT-72X22","41079038","90dd4d8c-82fe-4644-a3ef-665078c6a788","23143136","","17","delete_bom_row"
"FIN-BRV-OTT-DKT-72X22","41079038","fd2a1206-4110-427b-bb1b-5717ab80b5a5","41147427","","4","delete_bom_row"
"FIN-BRV-OTT-DKT-72X22","41079038","f3b3f2d0-2a33-4d5b-88e1-95ea6afb2ce1","41147406","","4","delete_bom_row"
"FIN-BRV-OTT-DKT-60X22","41079000","bea6cf47-621a-411d-88ab-fd41e9c245f8","23143123","","17","delete_bom_row"
"FIN-BRV-OTT-DKT-60X22","41079000","92c0b414-e8ce-4fab-b584-86ad3012ef9c","23143136","","14","delete_bom_row"
"FIN-BRV-OTT-DKT-60X22","41079000","4d6cc0fe-b6b4-435c-aaa4-700c5179e751","41147427","","4","delete_bom_row"
"FIN-BRV-OTT-DKT-60X22","41079000","9e1acd68-2bcf-4b40-a611-676e3ee37e36","41147406","","4","delete_bom_row"
"FIN-BRV-OTT-DKT-42X22","41078980","89689189-e76b-4de3-8571-470129abda15","23143123","","11","delete_bom_row"
"FIN-BRV-OTT-DKT-42X22","41078980","f36c9cbf-37a1-4028-a8e4-6637d576987a","23143136","","8","delete_bom_row"
"FIN-BRV-OTT-DKT-42X22","41078980","cf07d458-ff9f-405b-b486-ea53310703e8","41147427","","4","delete_bom_row"
"FIN-BRV-OTT-DKT-42X22","41078980","0b3dab9d-2099-4221-adae-169a0c376d12","41147406","","4","delete_bom_row"
"FIN-BRV-OTT-DKT-30X22","41078813","40d0ac37-f9a5-4022-b542-7327034d7ce5","41147406","","4","delete_bom_row"
"FIN-BRV-OTT-DKT-30X22","41078813","1660f7c6-0039-4cfb-9a10-8657d3898733","41147427","","4","delete_bom_row"
"FIN-BRV-OTT-DKT-30X22","41078813","07c45052-7b87-4f7b-9f0f-10e9145f30a8","23143136","","5.5","delete_bom_row"
"FIN-BRV-OTT-DKT-30X22","41078813","883f429a-ef89-4caf-900c-f00cc7c13e6b","23143123","","12","delete_bom_row"
"FIN-BRV-DYB-78X72","41070030","c0af06fb-2e95-4158-95b1-a464e69fc112","41339591","","2","delete_bom_row"
"FIN-BRV-DYB-78X72","41070030","a395410d-7f5b-49fc-b66c-ed1444625d6b","41147427","","2","delete_bom_row"
"FIN-BRV-DYB-78X72","41070030","1eec4145-fb0b-4bf2-9aa2-0a9001d9a669","41147406","","4","delete_bom_row"
"FIN-BRV-DYB-78X72","41070030","68704fa0-63a4-4cc2-84bb-449390f14d2c","23143136","","37","delete_bom_row"
"FIN-BRV-DYB-78X72","41070030","c2278916-8a7f-435a-b3bd-5f13d13f8c54","23143509","","35","delete_bom_row"
"FIN-BRV-DYB-78X72","41070030","bf741251-4f20-477c-bf34-4a0ada72e205","23143123","","67","delete_bom_row"
"FIN-BRV-DYB-78X78","41078749","b4015bcd-d2c8-478a-baaa-2ff14b5dc01e","41339591","","2","delete_bom_row"
"FIN-BRV-DYB-78X78","41078749","8d01dcb1-4886-41f5-b40f-d069148b490f","41147406","","4","delete_bom_row"
"FIN-BRV-DYB-78X78","41078749","3b0f7ec5-aea6-46a4-9e67-679bdf420269","41147427","","2","delete_bom_row"
"FIN-BRV-DYB-78X78","41078749","6b88de73-8111-4eb9-8e1e-87087bd26497","23143136","","37","delete_bom_row"
"FIN-BRV-DYB-78X78","41078749","23a6af93-beb8-409b-8351-814b0a79e658","23143509","","35","delete_bom_row"
"FIN-BRV-DYB-78X78","41078749","7aab0a9b-7952-4de3-a49e-9d738118eb42","23143123","","67","delete_bom_row"
"FIN-BRV-DYB-72X72","41070021","cfff6a52-5ab0-4519-ba25-19273cbe5e4a","41339591","","2","delete_bom_row"
"FIN-BRV-DYB-72X72","41070021","ca8aa74b-560b-46e2-b9c3-e8f045800319","41147427","","2","delete_bom_row"
"FIN-BRV-DYB-72X72","41070021","60ed2e34-be25-4223-95b6-2950006a6604","41147406","","4","delete_bom_row"
"FIN-BRV-DYB-72X72","41070021","a1757af5-36e4-4074-b0c0-9293d62ebb48","23143136","","34","delete_bom_row"
"FIN-BRV-DYB-72X72","41070021","c7dc9354-7fb5-4351-a74e-e887348ca1ac","23143509","","34","delete_bom_row"
"FIN-BRV-DYB-72X72","41070021","b60e4235-ddc5-435d-93af-237c3fc3fea7","23143123","","65","delete_bom_row"
"FIN-BRV-CHS-42X84-LS","41069412","2ac78741-bdec-485a-ae54-a32dcc1ddc29","41147427","","4","delete_bom_row"
"FIN-BRV-CHS-42X84-LS","41069412","c298f2fe-f4e4-4bb8-b5be-49f9abeadb8e","41147406","","4","delete_bom_row"
"FIN-BRV-CHS-42X84-LS","41069412","4eab02f4-045f-45bd-9e20-5b0ca34fab4a","23143136","","40","delete_bom_row"
"FIN-BRV-CHS-42X84-LS","41069412","8c635b5d-b0ee-4b3a-896b-b0e9b787ddc2","23143509","","16","delete_bom_row"
"FIN-BRV-CHS-42X84-LS","41069412","424488d6-ddaa-4a3b-8e00-bffb5ccb8a89","23143123","","41","delete_bom_row"
"FIN-BRV-CHS-34X84-LS","41069369","5e686356-7426-44b5-8983-7182dbf0626e","41147427","","4","delete_bom_row"
"FIN-BRV-CHS-34X84-LS","41069369","0f554b57-405e-4be8-9275-4eb49fc33f9d","41147406","","4","delete_bom_row"
"FIN-BRV-CHS-34X84-LS","41069369","bd67e132-0b73-4562-8429-929249792202","23143136","","34","delete_bom_row"
"FIN-BRV-CHS-34X84-LS","41069369","c215250e-1dad-4036-9d98-dcc685463579","23143509","","13","delete_bom_row"
"FIN-BRV-CHS-34X84-LS","41069369","37a8c23a-5999-4a1c-b493-0ff37f3552e8","23143123","","38","delete_bom_row"
"FIN-BRV-CHS-42X72-LS","41069263","db9e02ef-36b8-48cb-9845-9221d2169fe9","23143136","","34","delete_bom_row"
"FIN-BRV-CHS-42X72-LS","41069263","0047f965-9913-4250-9789-d8e8a003efee","41147427","","4","delete_bom_row"
"FIN-BRV-CHS-42X72-LS","41069263","0f91af96-5472-4e9e-8c50-50cf3220f27c","41147406","","4","delete_bom_row"
"FIN-BRV-CHS-42X72-LS","41069263","42bfd1b4-f7e7-40e8-b0ee-824868504e03","23143509","","13","delete_bom_row"
"FIN-BRV-CHS-42X72-LS","41069263","d12e4a3d-d168-497e-b619-4c481f959471","23143123","","38.5","delete_bom_row"
"FIN-BRV-CHS-34X72-LS","41069219","8b90e582-bdc2-4900-b424-84523b262a59","41147427","","4","delete_bom_row"
"FIN-BRV-CHS-34X72-LS","41069219","d5c63c7e-0cf8-426b-a78a-f58582e96e9d","41147406","","4","delete_bom_row"
"FIN-BRV-CHS-34X72-LS","41069219","5562f572-a6c5-41cf-93c0-9359504728d6","23143136","","28.5","delete_bom_row"
"FIN-BRV-CHS-34X72-LS","41069219","42c477b7-2123-4410-b498-97ad78c7e5bc","23143509","","10","delete_bom_row"
"FIN-BRV-CHS-34X72-LS","41069219","dd70d320-d202-41ee-a14a-ab15adff63de","23143123","","36","delete_bom_row"
"FIN-BRV-COR-SOF-96X34-LS","41069196","ed79ecb4-a1b1-4cf5-a796-3dcb925db131","41147427","","4","delete_bom_row"
"FIN-BRV-COR-SOF-96X34-LS","41069196","39e74cc7-dbdd-4234-a46a-24c23382b49c","41147406","","4","delete_bom_row"
"FIN-BRV-COR-SOF-96X34-LS","41069196","0ca418a2-4278-4d32-96c6-f952d17ef42e","23143136","","39","delete_bom_row"
"FIN-BRV-COR-SOF-96X34-LS","41069196","a68bb647-55f7-406b-8761-b5c69d2c1cc7","23143509","","13","delete_bom_row"
"FIN-BRV-COR-SOF-96X34-LS","41069196","6d216694-31ba-4096-99ba-7a3a83740ed5","23143123","","46","delete_bom_row"
"FIN-BRV-COR-SOF-84X34-LS","41069179","b245c7f0-65c0-4b57-aca2-2b10b3bdac34","41147427","","4","delete_bom_row"
"FIN-BRV-COR-SOF-84X34-LS","41069179","916881f1-89e5-44c6-8ebd-4c669bf0cf1a","41147406","","4","delete_bom_row"
"FIN-BRV-COR-SOF-84X34-LS","41069179","6ba8a917-3555-408f-b079-84e8556dd5bb","23143136","","34","delete_bom_row"
"FIN-BRV-COR-SOF-84X34-LS","41069179","5e83d9e0-3d2d-4545-bcd6-8a6752a6be6e","23143509","","10","delete_bom_row"
"FIN-BRV-COR-SOF-84X34-LS","41069179","c1bb30df-f10e-4a17-9bb1-17f2c73500be","23143123","","42","delete_bom_row"
"FIN-BRV-COR-SOF-72X34-LS","41069154","8a116f5b-b402-4f3a-8fd1-0e55c297c624","41147427","","4","delete_bom_row"
"FIN-BRV-COR-SOF-72X34-LS","41069154","2f03dcf6-b50b-47df-904b-fc76aa9a5046","41147406","","4","delete_bom_row"
"FIN-BRV-COR-SOF-72X34-LS","41069154","a36afa05-f281-4ab4-8297-6fa073cc5fb2","23143136","","29","delete_bom_row"
"FIN-BRV-COR-SOF-72X34-LS","41069154","729031ca-83b8-4510-924c-17c10c0561e1","23143509","","10","delete_bom_row"
"FIN-BRV-COR-SOF-72X34-LS","41069154","36eef673-af58-461d-a679-f51cdc4148e3","23143123","","38","delete_bom_row"
"FIN-BRV-ARM-SOF-96","41069115","35015688-750c-43ea-aec4-23882fd5d25b","41147427","","4","delete_bom_row"
"FIN-BRV-ARM-SOF-96","41069115","d200b968-91f4-42fb-8993-d208dd356d72","41147406","","4","delete_bom_row"
"FIN-BRV-ARM-SOF-96","41069115","47ce6b42-a358-4185-98bb-b5104f0f6714","23143136","","39","delete_bom_row"
"FIN-BRV-ARM-SOF-96","41069115","0b8ae197-c64a-4563-a02d-eb6ba7762b78","23143509","","13","delete_bom_row"
"FIN-BRV-ARM-SOF-96","41069115","d0fd318d-583c-444c-8697-fb294a817943","41147427","","44","delete_bom_row"
"FIN-BRV-ARM-SOF-84","41069106","a3f8d09b-3cb1-465d-9f59-638eb41700d2","41147427","","4","delete_bom_row"
"FIN-BRV-ARM-SOF-84","41069106","6b2d5d30-984d-4b11-acce-dec3a68c071d","41147406","","4","delete_bom_row"
"FIN-BRV-ARM-SOF-84","41069106","da541379-4b7d-4ba4-aba4-1a355529798d","23143136","","34","delete_bom_row"
"FIN-BRV-ARM-SOF-84","41069106","a9de88f7-3541-41db-807e-e2d248512677","23143509","","10","delete_bom_row"
"FIN-BRV-ARM-SOF-84","41069106","1c76a235-ea4c-41c4-8192-7758bb7802b2","23143123","","40","delete_bom_row"
"FIN-BRV-ARM-SOF-72","41069099","16d4f103-a2e8-4699-a4b8-c6851b3d547b","41147427","","4","delete_bom_row"
"FIN-BRV-ARM-SOF-72","41069099","3afba263-1fd3-4910-85d6-097df2d899d1","41147406","","4","delete_bom_row"
"FIN-BRV-ARM-SOF-72","41069099","3ebef415-852a-4cc8-b214-3deed35c9589","23143136","","29","delete_bom_row"
"FIN-BRV-ARM-SOF-72","41069099","32fac5bb-7602-4b7b-9e1a-bd0805166e94","23143509","","10","delete_bom_row"
"FIN-BRV-ARM-SOF-72","41069099","2960ef34-9ffd-4061-88ce-50caa6193434","23143123","","36","delete_bom_row"
"FIN-BRV-ARM-LOV-60","41069091","4f20df31-adc2-4778-a568-9d0589ac381e","41147427","","4","delete_bom_row"
"FIN-BRV-ARM-LOV-60","41069091","2a4d746e-7a0e-4a58-b93c-b53318e1af9a","41147406","","4","delete_bom_row"
"FIN-BRV-ARM-LOV-60","41069091","ad7b7070-5fcb-4ea0-8fa5-bdcbdb3ecc62","23143136","","24","delete_bom_row"
"FIN-BRV-ARM-LOV-60","41069091","a4e835c3-f1db-4ba0-9154-aaa07a6fcb33","23143509","","8","delete_bom_row"
"FIN-BRV-SOF-96X34","41069056","426a07d0-63d3-4b20-a093-e7fca66524f1","41147427","","4","delete_bom_row"
"FIN-BRV-SOF-96X34","41069056","81b3d594-815b-4da3-8297-9f6cca893fe0","41147406","","4","delete_bom_row"
"FIN-BRV-SOF-96X34","41069056","9219798e-7eba-40bd-a112-f2cc487a8901","23143136","","39","delete_bom_row"
"FIN-BRV-SOF-96X34","41069056","434eff69-b84e-4211-a9cc-8b41182cd163","23143509","","13","delete_bom_row"
"FIN-BRV-SOF-96X34","41069056","93a8a0df-c40b-4960-a4b8-bb5737470cd7","23143123","","51","delete_bom_row"
"FIN-BRV-SOF-84X34","41069039","2daeb9a7-5c73-48f8-a7b9-2f62a9197183","41147427","","4","delete_bom_row"
"FIN-BRV-SOF-84X34","41069039","077d2d58-5465-49b4-8db2-f36d764c1fab","41147406","","4","delete_bom_row"
"FIN-BRV-SOF-84X34","41069039","1b996ffb-cf03-46b9-91b5-9d490a81e537","23143136","","34","delete_bom_row"
"FIN-BRV-SOF-84X34","41069039","de61ff42-6fed-4918-bd31-ec58de65eec9","23143509","","10","delete_bom_row"
"FIN-BRV-SOF-84X34","41069039","94adf222-7928-442e-849e-ec604177b222","23143123","","47","delete_bom_row"
"FIN-BRV-SOF-72X34","41069022","da3c909c-aef2-4a03-9b8c-e71acb2a1d00","41147427","","4","delete_bom_row"
"FIN-BRV-SOF-72X34","41069022","a4d6953e-13f4-41ad-b896-6abff455860a","41147406","","4","delete_bom_row"
"FIN-BRV-SOF-72X34","41069022","7d01c81e-b4c2-479c-b8d1-804c6aa716b3","23143136","","29","delete_bom_row"
"FIN-BRV-SOF-72X34","41069022","f1c7c338-e3d4-47f1-aedd-088a0f5a314b","23143509","","8","delete_bom_row"
"FIN-BRV-SOF-72X34","41069022","772c8d02-9707-442a-9015-69efd716cda1","23143123","","43","delete_bom_row"
"FIN-BRV-LOV-SOF-60X34","41068965","4cb4d577-60fe-4069-8251-a0e63ac741be","41147427","","4","delete_bom_row"
"FIN-BRV-LOV-SOF-60X34","41068965","af0953cf-56b8-43fc-973d-7c271522b3df","41147406","","4","delete_bom_row"
"FIN-BRV-LOV-SOF-60X34","41068965","248f2057-9a55-455c-ae3f-1c1f8806c8d1","23143136","","24","delete_bom_row"
"FIN-BRV-LOV-SOF-60X34","41068965","f46bb34c-c502-42e2-9d85-61662c4962d6","23143509","","8","delete_bom_row"
"FIN-BRV-LOV-SOF-60X34","41068965","b850eec5-706c-4a07-873e-2e959ae4becf","23143123","","39","delete_bom_row"
"FIN-BRV-MIN-LOV-48X34","41068910","e90acd39-5309-47a4-b0f5-f2e4fe2141d2","41147427","","4","delete_bom_row"
"FIN-BRV-MIN-LOV-48X34","41068910","0e702a34-2e9f-41f5-aeb0-b355f723ecaa","41147406","","4","delete_bom_row"
"FIN-BRV-MIN-LOV-48X34","41068910","d828d024-9b7b-4e3e-9275-34712781ef8c","23143136","","19","delete_bom_row"
"FIN-BRV-MIN-LOV-48X34","41068910","efe28168-b5c7-41bb-93ac-ebd30d1f5fef","23143509","","5","delete_bom_row"
"FIN-BRV-MIN-LOV-48X34","41068910","b79caa7f-9dec-4125-84f0-ee4271790a3d","23143123","","35","delete_bom_row"
"FIN-BRV-CLB-CHA","41068823","3aa0ec49-d83b-4146-a2df-a7b6a924f497","41147427","","4","delete_bom_row"
"FIN-BRV-CLB-CHA","41068823","83c61a14-7ce3-4721-96ea-70f06a3728b1","41147406","","4","delete_bom_row"
"FIN-BRV-CLB-CHA","41068823","84fe52ef-befa-49fe-a8c6-d76ca17c2bc2","23143136","","13","delete_bom_row"
"FIN-BRV-CLB-CHA","41068823","664e0455-17a6-4250-a8b3-7e989830ccdb","23143509","","3","delete_bom_row"
"FIN-BRV-CLB-CHA","41068823","3c24e174-38c4-45b6-b00d-2d06d6a8c786","23143123","","30","delete_bom_row"
"FIN-BRV-ARM-LOV-60","41069091","63ce6b38-684c-423f-8f45-f87f70b01d12","23143123","","32","delete_bom_row"
"FIN-OCN-DOU-CHS-58X79","23143520","aeeeea7f-5777-427f-946e-3531da4b3bb9","23178514","","9","delete_bom_row"
"FIN-OCN-DOU-CHS-58X79","23143520","436ce171-9066-49d2-973d-10f35fd7818b","23178511","","163.13","delete_bom_row"
"FIN-OCN-SGL-CHS-36X79","23143502","9f8cd09a-7270-4619-915e-0f38da74e1d3","23178514","","4.5","delete_bom_row"
"FIN-OCN-SGL-CHS-36X79","23143502","5cd478e0-b94d-4b5d-ab7c-ab188969d533","23178511","","101.25","delete_bom_row"
"FIN-OCN-OTT-72X22","23143470","a3004879-8c85-4413-810e-3e3986d40f3c","23178514","","2.5","delete_bom_row"
"FIN-OCN-OTT-72X22","23143470","720676d4-3df5-4652-9fa6-1039a0aae179","23178511","","66","delete_bom_row"
"FIN-OCN-OTT-60X22","23143464","56561b85-b644-4480-8f1e-49fa520228e3","23178514","","2.5","delete_bom_row"
"FIN-OCN-OTT-60X22","23143464","cbffca09-53ae-4c0e-90f4-27475cd22f8a","23178511","","55","delete_bom_row"
"FIN-OCN-OTT-42X22","23143450","78b83e24-fa2c-4f2e-a402-12f26b31cdfc","23178514","","1.5","delete_bom_row"
"FIN-OCN-OTT-42X22","23143450","e0d19c4f-b442-4a6d-bbbb-bc5c672b4f1e","23178511","","38.5","delete_bom_row"
"FIN-OCN-OTT-30X22","23143427","821822af-bc22-47a1-8b74-30a332214886","23178514","","1.5","delete_bom_row"
"FIN-OCN-OTT-30X22","23143427","da3a8eba-b6ab-444a-9f67-81241cf014ff","23178511","","27.5","delete_bom_row"
"FIN-OCN-SOF-96X38","23143091","4d4da20e-ef1e-436a-b171-498c39fb96cf","23178514","","5.5","delete_bom_row"
"FIN-OCN-SOF-96X38","23143091","f84889ed-d16c-4aa8-bf8a-38e988803e3a","23178511","","205.89","delete_bom_row"
"FIN-OCN-SOF-84X38","23143090","99bfb59c-a8a8-4ce2-8d20-d622f339441a","23178514","","5.5","delete_bom_row"
"FIN-OCN-SOF-84X38","23143090","dc4075b3-b14d-4051-b632-708f1ae41a7e","23178511","","176.72","delete_bom_row"
"FIN-OCN-SOF-72X38","23143089","4cf5edda-b2b6-4be1-9ff3-6bcab3b585ca","23178514","","5.5","delete_bom_row"
"FIN-OCN-SOF-72X38","23143089","823be2a2-ab9c-49b2-9926-037f3dda4277","23178511","","151.22","delete_bom_row"
"FIN-OCN-LOV-SOF-60X38","23143088","73390582-4771-4aed-9e3b-9ef6bf5523dc","23178514","","5","delete_bom_row"
"FIN-OCN-LOV-SOF-60X38","23143088","823518ef-6527-4b7e-8b5d-d067163ec3e3","23178511","","101.21","delete_bom_row"
"FIN-OCN-COF-TAB-72X56","23143610","12f899d9-162c-4ffb-bfa1-18072aac5e6b","23178678","","28","delete_bom_row"
"FIN-OCN-COF-TAB-56X56","23143603","6d430fbe-12fd-411a-a4f3-270d857ad4d3","23178678","","22.1","delete_bom_row"
"FIN-OCN-COF-TAB-72X42","23143598","4c93b618-0be4-4057-9c27-6f60ac949116","23178678","","21","delete_bom_row"
"FIN-OCN-COF-TAB-56X42","23143592","c78a1c1f-d6d6-4693-9e1c-74402ec8aee2","23178678","","16.3","delete_bom_row"
"FIN-OCN-COF-TAB-42X42","23143585","da6de90c-b06a-40eb-a681-6580dd9ad5fd","23178678","","12.3","delete_bom_row"
"FIN-OCN-COF-TAB-72X36","23143580","19240dc7-7c2a-4422-bd5c-4d7318a88d22","23178678","","18","delete_bom_row"
"FIN-OCN-COF-TAB-56X36","23143573","2b16f799-b779-4b91-aae3-145f91837bfa","23178678","","14","delete_bom_row"
"FIN-OCN-COF-TAB-36X36","23143564","a320144e-c6b7-4489-a703-ef00864f6f31","23178678","","9","delete_bom_row"
"FIN-OCN-COF-TAB-56X28","23143552","e0f7872a-3a6a-41f0-bd09-14d3a7201c85","23178678","","10.9","delete_bom_row"
"FIN-OCN-COF-TAB-42X28","23143533","0096a0fd-a63e-408c-8fe9-6d401c6d6f51","23178678","","8.2","delete_bom_row"
"FIN-OCN-COF-TAB-42X28","23143533","fef885b0-a30a-452e-acb2-70cc2e9ae5eb","23143509","","35","delete_bom_row"
"FIN-OCN-COF-TAB-56X28","23143552","e3bcec7c-96d5-436c-a1a3-818d8daa4c83","23143509","","42","delete_bom_row"
"FIN-OCN-COF-TAB-56X42","23143592","e0ca9613-f684-4857-8a21-651825271655","23143509","","49","delete_bom_row"
"FIN-OCN-COF-TAB-56X36","23143573","cf549447-e4ba-40d6-9f38-828e93ec9d89","23143509","","46","delete_bom_row"
"FIN-OCN-COF-TAB-72X36","23143580","a4fff3cc-2731-4342-bd09-232776c9bb83","23143509","","54","delete_bom_row"
"FIN-OCN-COF-TAB-42X42","23143585","67e851f0-4b37-4a60-bf2b-2c6937bb2a1e","23143509","","42","delete_bom_row"
"FIN-OCN-COF-TAB-36X36","23143564","62863807-975a-4eff-af12-61761e717cd7","23143509","","36","delete_bom_row"
"FIN-OCN-COF-TAB-72X42","23143598","3ab037c4-1cfa-4355-a7e3-e4ec999f6622","23143509","","57","delete_bom_row"
"FIN-OCN-COF-TAB-56X56","23143603","36f4d51b-2efb-4efb-8b5f-b41a64c265e3","23143509","","56","delete_bom_row"
"FIN-OCN-COF-TAB-72X56","23143610","296b7a39-c67e-40ab-8a79-8272402f9b11","23143509","","64","delete_bom_row"
"FIN-OCN-COF-TAB-42X28","23143533","dd665afa-c58b-42ef-8f11-e1c5b77dfae7","23143123","","5","delete_bom_row"
"FIN-OCN-COF-TAB-56X56","23143603","d9fdce63-16c2-463b-9992-67c476187f14","23143123","","5","delete_bom_row"
"FIN-OCN-COF-TAB-42X42","23143585","d2fcb15d-e211-443c-8bb7-65ef5a05ebf0","23143123","","5","delete_bom_row"
"FIN-OCN-COF-TAB-72X42","23143598","c782c10b-0ed7-4d59-b612-8d1137177d04","23143123","","5","delete_bom_row"
"FIN-OCN-COF-TAB-56X42","23143592","bcd70556-3f5f-4fa0-b4be-f32b5e2aa8b9","23143123","","5","delete_bom_row"
"FIN-OCN-COF-TAB-72X56","23143610","811cd391-89c2-4278-ac7d-6a6685955870","23143123","","5","delete_bom_row"
"FIN-OCN-COF-TAB-72X36","23143580","7b870ba4-3078-492b-93cb-07399aec3e1d","23143123","","5","delete_bom_row"
"FIN-OCN-COF-TAB-36X36","23143564","624929d4-0f58-462d-a3b1-599d39eab566","23143123","","5","delete_bom_row"
"FIN-OCN-COF-TAB-56X36","23143573","48f63d78-7398-487d-afbc-d7a78a863889","23143123","","5","delete_bom_row"
"FIN-OCN-COF-TAB-56X28","23143552","301de486-ee77-448e-beb3-cd9a46a6957a","23143123","","5","delete_bom_row"
"FIN-OCN-DOU-CHS-58X79","23143520","be9c9862-f2e7-49e8-97cc-3503229f4201","23143136","","37.5","delete_bom_row"
"FIN-OCN-SGL-CHS-36X79","23143502","6fdabab3-6f55-4603-92f7-f574074bc7a0","23143136","","27","delete_bom_row"
"FIN-OCN-SGL-CHS-36X79","23143502","e5bcad21-38ef-4494-b0b5-0c1464c0d4cc","23143516","","7.5","delete_bom_row"
"FIN-OCN-DOU-CHS-58X79","23143520","29443870-0cfe-4082-8f34-72e1094f8d63","23143516","","13","delete_bom_row"
"FIN-OCN-DOU-CHS-58X79","23143520","71db6a71-5b6f-4215-85b6-262d98f9e1e5","23143509","","62","delete_bom_row"
"FIN-OCN-SGL-CHS-36X79","23143502","071976b4-2795-403d-a58f-e083b100f1e3","23143509","","48.5","delete_bom_row"
"FIN-OCN-OTT-72X22","23143470","f7760ced-7095-4f74-a000-69e74e54c185","23143136","","23","delete_bom_row"
"FIN-OCN-OTT-60X22","23143464","d1e8210f-0d9d-480a-892a-adab981b2945","23143136","","19","delete_bom_row"
"FIN-OCN-OTT-42X22","23143450","ad1a3622-adfb-4148-a2b6-a45a43ad5581","23143136","","13","delete_bom_row"
"FIN-OCN-OTT-30X22","23143427","8ae992c7-5314-4708-ab71-6ef8f82627d9","23143136","","9","delete_bom_row"
"FIN-OCN-OTT-72X22","23143470","d7613af6-2347-4541-ab42-153c67702d27","23143128","","3","delete_bom_row"
"FIN-OCN-OTT-30X22","23143427","cc054f1b-13bb-48d7-9783-8095938d4674","23143128","","1.5","delete_bom_row"
"FIN-OCN-OTT-42X22","23143450","a5edcef7-740a-4516-b33e-f8370689c1ed","23143128","","1.5","delete_bom_row"
"FIN-OCN-OTT-60X22","23143464","a4d6337b-2014-41d9-9e12-6e55c0952119","23143128","","1.5","delete_bom_row"
"FIN-OCN-OTT-42X22","23143450","ca8ceb6c-cea8-44f6-b1b7-f20356f2160c","23143123","","17","delete_bom_row"
"FIN-OCN-OTT-30X22","23143427","c17cfd00-6a0e-47fb-b0a8-f82260ae99af","23143123","","15","delete_bom_row"
"FIN-OCN-OTT-60X22","23143464","694230ce-d58c-4546-8e5e-7c801602dfae","23143123","","20","delete_bom_row"
"FIN-OCN-OTT-72X22","23143470","29f1516f-2fb1-47c2-8686-4b4fb3704a5b","23143123","","22","delete_bom_row"
"FIN-OCN-LOV-SOF-60X38","23143088","4c8f6692-fd45-4a5b-9a1d-6d13f768f408","23143136","","22","delete_bom_row"
"FIN-OCN-LOV-SOF-60X38","23143088","9c12c378-9fd1-4128-914b-6b962bd69dc3","23143509","","14.5","delete_bom_row"
"FIN-OCN-LOV-SOF-60X38","23143088","569d5273-86c4-413a-8d09-4836e31943c5","23143123","","42.5","delete_bom_row"
"FIN-OCN-MIN-LOV","23143087","2bd42608-c8e0-4c04-97c5-8b7059aca77a","23143136","","17","delete_bom_row"
"FIN-OCN-MIN-LOV","23143087","649e84af-2954-45cf-96d9-4ae158b62a83","23143509","","11.5","delete_bom_row"
"FIN-OCN-MIN-LOV","23143087","8e34acc2-e73c-4bb9-a9d0-01a25beca52f","23143123","","40","delete_bom_row"
"FIN-OCN-SOF-96X38","23143091","d8b530be-de9a-4176-a953-3c1d96077aeb","23143136","","37","delete_bom_row"
"FIN-OCN-SOF-72X38","23143089","838ebe01-cff7-4f57-9def-8fa79f9e6ed8","23143136","","27","delete_bom_row"
"FIN-OCN-CLB-CHA-34X38","23143086","4e7fc1c7-a607-405b-8b20-7c8f147450a8","23143136","","11","delete_bom_row"
"FIN-OCN-SOF-84X38","23143090","236849e3-8c68-49da-ae65-f803440e1c4f","23143136","","32","delete_bom_row"
"FIN-OCN-SOF-96X38","23143091","dcb5b155-4374-4de6-8b12-fc4983f64115","23143509","","27.5","delete_bom_row"
"FIN-OCN-CLB-CHA-34X38","23143086","a6f1da6d-01f1-4063-b419-6ef1212ff1b2","23143509","","8","delete_bom_row"
"FIN-OCN-SOF-84X38","23143090","5f4524da-e0b7-427a-bf7b-db5b11335345","23143509","","28.5","delete_bom_row"
"FIN-OCN-SOF-72X38","23143089","14031179-d87b-4dd3-845c-f567123c087c","23143509","","19.5","delete_bom_row"
"FIN-OCN-SOF-84X38","23143090","f629b641-e922-46a6-ab83-471cdea80240","23143123","","48.5","delete_bom_row"
"FIN-OCN-SOF-72X38","23143089","913a4a9f-1bd6-4655-8e7d-1b43f6fc162a","23143123","","45.5","delete_bom_row"
"FIN-OCN-CLB-CHA-34X38","23143086","87fb9c1d-14fa-4b0b-a044-d0eff256cc6c","23143123","","36","delete_bom_row"
"FIN-OCN-SOF-96X38","23143091","708698c9-a4df-4859-897e-ad918de336ae","23143123","","51.5","delete_bom_row"
