sku,kat_price,new_price,price_source,supplier,supplier_source,action
"FAB-ACT-ASH","20","20","MaterialList","","","export"
"FAB-ACT-STO","20","20","MaterialList","","","export"
"FAB-ADA-IND","20","20","MaterialList","","","export"
"FAB-ADA-STO","20","20","MaterialList","","","export"
"FAB-ADE-CEL","20","20","MaterialList","","","export"
"FAB-AGR-IND","20","20","MaterialList","","","export"
"FAB-ARI-DEW","20","20","MaterialList","","","export"
"FAB-ARR-CAL","20","20","MaterialList","","","export"
"FAB-ARR-CAR","20","20","MaterialList","","","export"
"FAB-ARR-DUN","20","20","MaterialList","","","export"
"FAB-ASC-SPA","20","20","MaterialList","","","export"
"FAB-ASC-TRO","20","20","MaterialList","","","export"
"FAB-ASS-IITEA","20","20","MaterialList","","","export"
"FAB-ASS-SAN","20","20","MaterialList","","","export"
"FAB-AUT-PEB","20","20","MaterialList","","","export"
"FAB-BEA-BEA","20","20","MaterialList","","","export"
"FAB-BEA-ULT","20","20","MaterialList","","","export"
"FAB-BER-TUX","20","20","MaterialList","","","export"
"FAB-BLE-IND","20","20","MaterialList","","","export"
"FAB-BLE-LIN","20","20","MaterialList","","","export"
"FAB-BLE-MIS","20","20","MaterialList","","","export"
"FAB-BLE-SAN","20","20","MaterialList","","","export"
"FAB-BLI-ALO","20","20","MaterialList","","","export"
"FAB-BLI-ASP","20","20","MaterialList","","","export"
"FAB-BLI-CLA","20","20","MaterialList","","","export"
"FAB-BLI-DEW","20","20","MaterialList","","","export"
"FAB-BLI-GUA","20","20","MaterialList","","","export"
"FAB-BLI-LEM","20","20","MaterialList","","","export"
"FAB-BLI-LIN","20","20","MaterialList","","","export"
"FAB-BLI-SAN","20","20","MaterialList","","","export"
"FAB-BLI-SMO","20","20","MaterialList","","","export"
"FAB-BOR-IND","20","20","MaterialList","","","export"
"FAB-BRA-RED","20","20","MaterialList","","","export"
"FAB-BRA-WHI","20","20","MaterialList","","","export"
"FAB-BUN-ULT","20","20","MaterialList","","","export"
"FAB-CAB-CLA","20","20","MaterialList","","","export"
"FAB-CAL-LAU","20","20","MaterialList","","","export"
"FAB-CAN-ABB","20","20","MaterialList","","","export"
"FAB-CAN-AIRBLU","20","20","MaterialList","","","export"
"FAB-CAN-ANTBEI","20","20","MaterialList","","","export"
"FAB-CAN-BIREYE","20","20","MaterialList","","","export"
"FAB-CAN-BLA","20","20","MaterialList","","","export"
"FAB-CAN-CAN","20","20","MaterialList","","","export"
"FAB-CAN-CAP","20","20","MaterialList","","","export"
"FAB-CAN-CHA","20","20","MaterialList","","","export"
"FAB-CAN-CHE","20","20","MaterialList","","","export"
"FAB-CAN-CLO","20","20","MaterialList","","","export"
"FAB-CAN-COA","20","20","MaterialList","","","export"
"FAB-CAN-COC","20","20","MaterialList","","","export"
"FAB-CAN-FAW","20","20","MaterialList","","","export"
"FAB-CAN-FER","20","20","MaterialList","","","export"
"FAB-CAN-FLA","20","20","MaterialList","","","export"
"FAB-CAN-FORGRE","20","20","MaterialList","","","export"
"FAB-CAN-GIN","20","20","MaterialList","","","export"
"FAB-CAN-GLA","20","20","MaterialList","","","export"
"FAB-CAN-GRA","20","20","MaterialList","","","export"
"FAB-CAN-HAZ","20","20","MaterialList","","","export"
"FAB-CAN-HEABEI","20","20","MaterialList","","","export"
"FAB-CAN-HEN","20","20","MaterialList","","","export"
"FAB-CAN-HOTPIN","20","20","MaterialList","","","export"
"FAB-CAN-JAV","20","20","MaterialList","","","export"
"FAB-CAN-MEL","20","20","MaterialList","","","export"
"FAB-CAN-MUS","20","20","MaterialList","","","export"
"FAB-CAN-NAT","20","20","MaterialList","","","export"
"FAB-CAN-NAV","20","20","MaterialList","","","export"
"FAB-CAN-PACBLU","20","20","MaterialList","","","export"
"FAB-CAN-PER","20","20","MaterialList","","","export"
"FAB-CAN-RAF","20","20","MaterialList","","","export"
"FAB-CAN-RAVBLA","20","20","MaterialList","","","export"
"FAB-CAN-REG","20","20","MaterialList","","","export"
"FAB-CAN-RUS","20","20","MaterialList","","","export"
"FAB-CAN-SAPBLU","20","20","MaterialList","","","export"
"FAB-CAN-SEA","20","20","MaterialList","","","export"
"FAB-CAN-SKY","20","20","MaterialList","","","export"
"FAB-CAN-SKYBLU","20","20","MaterialList","","","export"
"FAB-CAN-SMO","20","20","MaterialList","","","export"
"FAB-CAN-STO","20","20","MaterialList","","","export"
"FAB-CAN-SUNYEL","20","20","MaterialList","","","export"
"FAB-CAN-TAM","20","20","MaterialList","","","export"
"FAB-CAN-TAN","20","20","MaterialList","","","export"
"FAB-CAN-TAU","20","20","MaterialList","","","export"
"FAB-CAN-TEA","20","20","MaterialList","","","export"
"FAB-CAN-TER","20","20","MaterialList","","","export"
"FAB-CAN-TRUBLU","20","20","MaterialList","","","export"
"FAB-CAN-TUS","20","20","MaterialList","","","export"
"FAB-CAN-WEAMEL","20","20","MaterialList","","","export"
"FAB-CAN-WHI","20","20","MaterialList","","","export"
"FAB-CAP-IISHA","20","20","MaterialList","","","export"
"FAB-CAS-ASH","20","20","MaterialList","","","export"
"FAB-CAS-CIT","20","20","MaterialList","","","export"
"FAB-CAS-COP","20","20","MaterialList","","","export"
"FAB-CAS-HOR","20","20","MaterialList","","","export"
"FAB-CAS-IND","20","20","MaterialList","","","export"
"FAB-CAS-LAG","20","20","MaterialList","","","export"
"FAB-CAS-MOS","20","20","MaterialList","","","export"
"FAB-CAS-MUS","20","20","MaterialList","","","export"
"FAB-CAS-OCE","20","20","MaterialList","","","export"
"FAB-CAS-SHA","20","20","MaterialList","","","export"
"FAB-CAS-SPR","20","20","MaterialList","","","export"
"FAB-CAS-STO","20","20","MaterialList","","","export"
"FAB-CAS-WHI","20","20","MaterialList","","","export"
"FAB-CASS-CORA","20","20","MaterialList","","","export"
"FAB-CASS-SLAT","20","20","MaterialList","","","export"
"FAB-CAST-CORA","20","20","MaterialList","","","export"
"FAB-CAST-SLAT","20","20","MaterialList","","","export"
"FAB-CHA-CLO","20","20","MaterialList","","","export"
"FAB-CHA-DAY","20","20","MaterialList","","","export"
"FAB-CHA-DES","20","20","MaterialList","","","export"
"FAB-CHA-GRA","20","20","MaterialList","","","export"
"FAB-CHA-GUL","20","20","MaterialList","","","export"
"FAB-CHA-OPA","20","20","MaterialList","","","export"
"FAB-CHA-PAR","20","20","MaterialList","","","export"
"FAB-CHA-PEB","20","20","MaterialList","","","export"
"FAB-CHA-SIL","20","20","MaterialList","","","export"
"FAB-CHA-TRU","20","20","MaterialList","","","export"
"FAB-CHA-WRE","20","20","MaterialList","","","export"
"FAB-CHE-ASP","20","20","MaterialList","","","export"
"FAB-CIT-SCADUS","20","20","MaterialList","","","export"
"FAB-CLO-FRO","20","20","MaterialList","","","export"
"FAB-CLO-OUTCLO","20","20","MaterialList","","","export"
"FAB-CLO-OUTIND","20","20","MaterialList","","","export"
"FAB-COA-CON","20","20","MaterialList","","","export"
"FAB-COA-DOL","20","20","MaterialList","","","export"
"FAB-COA-DUSEAR","20","20","MaterialList","","","export"
"FAB-COA-SAV","20","20","MaterialList","","","export"
"FAB-COA-WALGRE","20","20","MaterialList","","","export"
"FAB-COM-CLA","20","20","MaterialList","","","export"
"FAB-CON-ONY","20","20","MaterialList","","","export"
"FAB-CON-ULT","20","20","MaterialList","","","export"
"FAB-COR-SAN","20","20","MaterialList","","","export"
"FAB-COV-PEB","20","20","MaterialList","","","export"
"FAB-CRE-HAZ","20","20","MaterialList","","","export"
"FAB-CRU-ASH","20","20","MaterialList","","","export"
"FAB-CRU-CAM","20","20","MaterialList","","","export"
"FAB-CRU-CLO","20","20","MaterialList","","","export"
"FAB-CRU-PEW","20","20","MaterialList","","","export"
"FAB-CRU-SNO","20","20","MaterialList","","","export"
"FAB-CUL-STO","20","20","MaterialList","","","export"
"FAB-CYC-DEN","20","20","MaterialList","","","export"
"FAB-CYC-SPA","20","20","MaterialList","","","export"
"FAB-DEP-FOS","20","20","MaterialList","","","export"
"FAB-DEP-SEA","20","20","MaterialList","","","export"
"FAB-DET-CLA","20","20","MaterialList","","","export"
"FAB-DET-LIN","20","20","MaterialList","","","export"
"FAB-DET-PER","20","20","MaterialList","","","export"
"FAB-DIA-BLUSTR","20","20","MaterialList","","","export"
"FAB-DIP-DYECHI","20","20","MaterialList","","","export"
"FAB-DIR-LIN","20","20","MaterialList","","","export"
"FAB-DIV-REE","20","20","MaterialList","","","export"
"FAB-DIV-SAN","20","20","MaterialList","","","export"
"FAB-DOL-MAN","20","20","MaterialList","","","export"
"FAB-DOL-ULT","20","20","MaterialList","","","export"
"FAB-DON-GRE","20","20","MaterialList","","","export"
"FAB-DRE-DUN","20","20","MaterialList","","","export"
"FAB-DUM-MUS","20","20","MaterialList","","","export"
"FAB-DUM-SHI","20","20","MaterialList","","","export"
"FAB-DUM-STU","20","20","MaterialList","","","export"
"FAB-DUP-CEL","20","20","MaterialList","","","export"
"FAB-DUP-DEESEA","20","20","MaterialList","","","export"
"FAB-DUP-HEN","20","20","MaterialList","","","export"
"FAB-DUP-PAR","20","20","MaterialList","","","export"
"FAB-DUP-SAN","20","20","MaterialList","","","export"
"FAB-DUP-STO","20","20","MaterialList","","","export"
"FAB-ECH-ASH","20","20","MaterialList","","","export"
"FAB-ECH-DUN","20","20","MaterialList","","","export"
"FAB-ECH-SAN","20","20","MaterialList","","","export"
"FAB-EMB-IND","20","20","MaterialList","","","export"
"FAB-EMB-LIN","20","20","MaterialList","","","export"
"FAB-EMB-PEW","20","20","MaterialList","","","export"
"FAB-EMP-DOV","20","20","MaterialList","","","export"
"FAB-ENR-CLO","20","20","MaterialList","","","export"
"FAB-ENT-LIN","20","20","MaterialList","","","export"
"FAB-EQU-GRA","20","20","MaterialList","","","export"
"FAB-ESC-IND","20","20","MaterialList","","","export"
"FAB-EST-LAG","20","20","MaterialList","","","export"
"FAB-EST-LIM","20","20","MaterialList","","","export"
"FAB-EST-MAR","20","20","MaterialList","","","export"
"FAB-EST-ONY","20","20","MaterialList","","","export"
"FAB-EXH-DRI","20","20","MaterialList","","","export"
"FAB-EXH-SKY","20","20","MaterialList","","","export"
"FAB-FEA-ULT","20","20","MaterialList","","","export"
"FAB-FIS-LAG","20","20","MaterialList","","","export"
"FAB-FRE-FLA","20","20","MaterialList","","","export"
"FAB-FRE-PAR","20","20","MaterialList","","","export"
"FAB-FRE-PEW","20","20","MaterialList","","","export"
"FAB-FRE-SAN","20","20","MaterialList","","","export"
"FAB-GAT-ALO","20","20","MaterialList","","","export"
"FAB-GAT-BLU","20","20","MaterialList","","","export"
"FAB-GAT-MIS","20","20","MaterialList","","","export"
"FAB-GATEA-COAST","20","20","MaterialList","","","export"
"FAB-GATEW-COAST","20","20","MaterialList","","","export"
"FAB-GAV-MIS","20","20","MaterialList","","","export"
"FAB-GLA-GLA","20","20","MaterialList","","","export"
"FAB-GLI-DEN","20","20","MaterialList","","","export"
"FAB-GRA-GRA","20","20","MaterialList","","","export"
"FAB-HAR-CRI","20","20","MaterialList","","","export"
"FAB-HER-ALP","20","20","MaterialList","","","export"
"FAB-HER-CHA","20","20","MaterialList","","","export"
"FAB-HER-DIJ","20","20","MaterialList","","","export"
"FAB-HER-LEA","20","20","MaterialList","","","export"
"FAB-HER-PAP","20","20","MaterialList","","","export"
"FAB-HER-RUS","20","20","MaterialList","","","export"
"FAB-HER-SAB","20","20","MaterialList","","","export"
"FAB-HER-SKY","20","20","MaterialList","","","export"
"FAB-HER-SLA","20","20","MaterialList","","","export"
"FAB-HER-SMO","20","20","MaterialList","","","export"
"FAB-HYB-SMO","20","20","MaterialList","","","export"
"FAB-IMP-DUN","20","20","MaterialList","","","export"
"FAB-IMP-STU","20","20","MaterialList","","","export"
"FAB-INF-GEM","20","20","MaterialList","","","export"
"FAB-KIN-IND","20","20","MaterialList","","","export"
"FAB-KIN-SIL","20","20","MaterialList","","","export"
"FAB-KLA-KLA","20","20","MaterialList","","","export"
"FAB-KRA-KRA","20","20","MaterialList","","","export"
"FAB-KUD-49MOR","20","20","MaterialList","","","export"
"FAB-LAB-CLO","20","20","MaterialList","","","export"
"FAB-LEA-STR","20","20","MaterialList","","","export"
"FAB-LEA-STRCLO","20","20","MaterialList","","","export"
"FAB-LEA-STRIND","20","20","MaterialList","","","export"
"FAB-LEA-STRSAN","20","20","MaterialList","","","export"
"FAB-LEO-MAL","20","20","MaterialList","","","export"
"FAB-LID-IND","20","20","MaterialList","","","export"
"FAB-LIN-CAM","20","20","MaterialList","","","export"
"FAB-LIN-CAN","20","20","MaterialList","","","export"
"FAB-LIN-DEN","20","20","MaterialList","","","export"
"FAB-LIN-IND","20","20","MaterialList","","","export"
"FAB-LIN-NAT","20","20","MaterialList","","","export"
"FAB-LIN-OYS","20","20","MaterialList","","","export"
"FAB-LIN-PAR","20","20","MaterialList","","","export"
"FAB-LIN-SES","20","20","MaterialList","","","export"
"FAB-LIN-SIL","20","20","MaterialList","","","export"
"FAB-LIN-SNO","20","20","MaterialList","","","export"
"FAB-LIN-SPA","20","20","MaterialList","","","export"
"FAB-LIN-STO","20","20","MaterialList","","","export"
"FAB-LIN-TAU","20","20","MaterialList","","","export"
"FAB-LIT-FOG","20","20","MaterialList","","","export"
"FAB-LIT-MID","20","20","MaterialList","","","export"
"FAB-LIT-PEB","20","20","MaterialList","","","export"
"FAB-LIT-SAN","20","20","MaterialList","","","export"
"FAB-LIT-SNO","20","20","MaterialList","","","export"
"FAB-LIV-PAR","20","20","MaterialList","","","export"
"FAB-LOR-MOS","20","20","MaterialList","","","export"
"FAB-LOT-CAN","20","20","MaterialList","","","export"
"FAB-LUX-IND","20","20","MaterialList","","","export"
"FAB-LYN-OYS","20","20","MaterialList","","","export"
"FAB-MAI-DOV","20","20","MaterialList","","","export"
"FAB-MAI-LAT","20","20","MaterialList","","","export"
"FAB-MAI-PUT","20","20","MaterialList","","","export"
"FAB-MAR-CLO","20","20","MaterialList","","","export"
"FAB-MAR-LIN","20","20","MaterialList","","","export"
"FAB-MAR-MUS","20","20","MaterialList","","","export"
"FAB-MAR-PAP","20","20","MaterialList","","","export"
"FAB-MAR-THA","20","20","MaterialList","","","export"
"FAB-MAS-FORGRE","20","20","MaterialList","","","export"
"FAB-MAT-SKY","20","20","MaterialList","","","export"
"FAB-MAX-HEABEI","20","20","MaterialList","","","export"
"FAB-MET-CLO","20","20","MaterialList","","","export"
"FAB-MET-FOG","20","20","MaterialList","","","export"
"FAB-MET-LAG","20","20","MaterialList","","","export"
"FAB-MET-SAN","20","20","MaterialList","","","export"
"FAB-MET-SLA","20","20","MaterialList","","","export"
"FAB-MET-SNO","20","20","MaterialList","","","export"
"FAB-MID-IND","20","20","MaterialList","","","export"
"FAB-MID-STO","20","20","MaterialList","","","export"
"FAB-MIL-CHA","20","20","MaterialList","","","export"
"FAB-MIL-COB","20","20","MaterialList","","","export"
"FAB-MOM-DOV","20","20","MaterialList","","","export"
"FAB-MOM-PAR","20","20","MaterialList","","","export"
"FAB-MOU-SNO","20","20","MaterialList","","","export"
"FAB-NAV-BLUULT","20","20","MaterialList","","","export"
"FAB-NUA-CLO","20","20","MaterialList","","","export"
"FAB-NUA-SAN","20","20","MaterialList","","","export"
"FAB-NUR-CHA","20","20","MaterialList","","","export"
"FAB-NUR-HAZ","20","20","MaterialList","","","export"
"FAB-NUR-IND","20","20","MaterialList","","","export"
"FAB-NUR-PEB","20","20","MaterialList","","","export"
"FAB-NUR-SMO","20","20","MaterialList","","","export"
"FAB-NUR-WHI","20","20","MaterialList","","","export"
"FAB-ORT-ONY","20","20","MaterialList","","","export"
"FAB-OYS-AWNMAR","20","20","MaterialList","","","export"
"FAB-PER-RAFVEL","20","20","MaterialList","","","export"
"FAB-PIA-GRA","20","20","MaterialList","","","export"
"FAB-PIA-LAG","20","20","MaterialList","","","export"
"FAB-PIA-PEB","20","20","MaterialList","","","export"
"FAB-PIA-VAP","20","20","MaterialList","","","export"
"FAB-PIN-SIECHA","20","20","MaterialList","","","export"
"FAB-PIN-TOMCLO","20","20","MaterialList","","","export"
"FAB-PIQ-FLA","20","20","MaterialList","","","export"
"FAB-PIQ-MID","20","20","MaterialList","","","export"
"FAB-PIQ-SAN","20","20","MaterialList","","","export"
"FAB-PLA-CLO","20","20","MaterialList","","","export"
"FAB-PLA-JUN","20","20","MaterialList","","","export"
"FAB-PLA-MOC","20","20","MaterialList","","","export"
"FAB-PLA-SAL","20","20","MaterialList","","","export"
"FAB-PLA-SNO","20","20","MaterialList","","","export"
"FAB-PLA-TEA","20","20","MaterialList","","","export"
"FAB-PLAY-ADOB","20","20","MaterialList","","","export"
"FAB-PLAY-ADOV","20","20","MaterialList","","","export"
"FAB-PLAY-CAMEL","20","20","MaterialList","","","export"
"FAB-PLAY-CAMEO","20","20","MaterialList","","","export"
"FAB-POS-AQU","20","20","MaterialList","","","export"
"FAB-POS-GRA","20","20","MaterialList","","","export"
"FAB-POS-SAP","20","20","MaterialList","","","export"
"FAB-POS-SKY","20","20","MaterialList","","","export"
"FAB-PRE-FAW","20","20","MaterialList","","","export"
"FAB-PRI-LAG","20","20","MaterialList","","","export"
"FAB-PRI-TRO","20","20","MaterialList","","","export"
"FAB-PUE-DUN","20","20","MaterialList","","","export"
"FAB-RAI-ULT","20","20","MaterialList","","","export"
"FAB-RAL-EMBWESMAY","20","20","MaterialList","","","export"
"FAB-RAL-GRA","20","20","MaterialList","","","export"
"FAB-REG-SAN","20","20","MaterialList","","","export"
"FAB-REL-HAR","20","20","MaterialList","","","export"
"FAB-REM-DEN","20","20","MaterialList","","","export"
"FAB-REM-MES","20","20","MaterialList","","","export"
"FAB-REM-MUS","20","20","MaterialList","","","export"
"FAB-REM-PAR","20","20","MaterialList","","","export"
"FAB-REM-SIL","20","20","MaterialList","","","export"
"FAB-REN-MIS","20","20","MaterialList","","","export"
"FAB-RES-CIT","20","20","MaterialList","","","export"
"FAB-REV-IND","20","20","MaterialList","","","export"
"FAB-REV-SAN","20","20","MaterialList","","","export"
"FAB-RIT-CHA","20","20","MaterialList","","","export"
"FAB-RIT-NEC","20","20","MaterialList","","","export"
"FAB-RIT-ROS","20","20","MaterialList","","","export"
"FAB-RUE-COS","20","20","MaterialList","","","export"
"FAB-SAI-AWADEN","20","20","MaterialList","","","export"
"FAB-SAI-AWASUN","20","20","MaterialList","","","export"
"FAB-SAI-SAH","20","20","MaterialList","","","export"
"FAB-SAI-SEA","20","20","MaterialList","","","export"
"FAB-SAI-SPA","20","20","MaterialList","","","export"
"FAB-SAV-IND","20","20","MaterialList","","","export"
"FAB-SAV-ULT","20","20","MaterialList","","","export"
"FAB-SAVV-ONYX","20","20","MaterialList","","","export"
"FAB-SAVY-ONYX","20","20","MaterialList","","","export"
"FAB-SCA-CLO","20","20","MaterialList","","","export"
"FAB-SCO-CAP","20","20","MaterialList","","","export"
"FAB-SEN-IISPL","20","20","MaterialList","","","export"
"FAB-SEV-SEA","20","20","MaterialList","","","export"
"FAB-SHA-SNO","20","20","MaterialList","","","export"
"FAB-SHE-LIN","20","20","MaterialList","","","export"
"FAB-SHE-SUR","20","20","MaterialList","","","export"
"FAB-SHE-WHI","20","20","MaterialList","","","export"
"FAB-SHI-CLA","20","20","MaterialList","","","export"
"FAB-SHO-CLA","20","20","MaterialList","","","export"
"FAB-SHO-LIN","20","20","MaterialList","","","export"
"FAB-SHO-REG","20","20","MaterialList","","","export"
"FAB-SKY-BLUAWNMAR","20","20","MaterialList","","","export"
"FAB-SNO-CAP","20","20","MaterialList","","","export"
"FAB-SOL-CLA","20","20","MaterialList","","","export"
"FAB-SOL-DEN","20","20","MaterialList","","","export"
"FAB-SOL-SEA","20","20","MaterialList","","","export"
"FAB-SPE-AZT","20","20","MaterialList","","","export"
"FAB-SPE-CAY","20","20","MaterialList","","","export"
"FAB-SPE-CIL","20","20","MaterialList","","","export"
"FAB-SPE-DEN","20","20","MaterialList","","","export"
"FAB-SPE-DOV","20","20","MaterialList","","","export"
"FAB-SPE-EGG","20","20","MaterialList","","","export"
"FAB-SPE-GRA","20","20","MaterialList","","","export"
"FAB-SPE-IND","20","20","MaterialList","","","export"
"FAB-SPE-KIW","20","20","MaterialList","","","export"
"FAB-SPE-MIS","20","20","MaterialList","","","export"
"FAB-SPE-MUS","20","20","MaterialList","","","export"
"FAB-SPE-PEW","20","20","MaterialList","","","export"
"FAB-SPE-SAN","20","20","MaterialList","","","export"
"FAB-SPEC-CARB","20","20","MaterialList","","","export"
"FAB-SPEC-CARI","20","20","MaterialList","","","export"
"FAB-STA-GRE","20","20","MaterialList","","","export"
"FAB-STA-LAG","20","20","MaterialList","","","export"
"FAB-STA-MES54ALM","20","20","MaterialList","","","export"
"FAB-STE-ALP","20","20","MaterialList","","","export"
"FAB-STE-GREULT","20","20","MaterialList","","","export"
"FAB-SUR-DUS","20","20","MaterialList","","","export"
"FAB-SWI-IND","20","20","MaterialList","","","export"
"FAB-TAO-STE","20","20","MaterialList","","","export"
"FAB-TIC-DOV","20","20","MaterialList","","","export"
"FAB-TRA-CAM","20","20","MaterialList","","","export"
"FAB-TRA-CLO","20","20","MaterialList","","","export"
"FAB-TRA-LIN","20","20","MaterialList","","","export"
"FAB-TRA-SAG","20","20","MaterialList","","","export"
"FAB-TROPIC-JUNGLE","20","20","MaterialList","","","export"
"FAB-TROPICS-JUNGLE","20","20","MaterialList","","","export"
"FAB-TRU-FOG","20","20","MaterialList","","","export"
"FAB-UND-SAN","20","20","MaterialList","","","export"
"FAB-UND-STO","20","20","MaterialList","","","export"
"FAB-UND-TID","20","20","MaterialList","","","export"
"FAB-UNW-CAM","20","20","MaterialList","","","export"
"FAB-UNW-RAI","20","20","MaterialList","","","export"
"FAB-VAL-DES","20","20","MaterialList","","","export"
"FAB-VAL-DUN","20","20","MaterialList","","","export"
"FAB-VAL-SED","20","20","MaterialList","","","export"
"FAB-VIE-NAU","20","20","MaterialList","","","export"
"FAB-VIO-BAL","20","20","MaterialList","","","export"
"FAB-VOY-DUN","20","20","MaterialList","","","export"
"FAB-VOY-IND","20","20","MaterialList","","","export"
"FAB-WHI-WITCANPINHORSTR","20","20","MaterialList","","","export"
"MET-10019150","1.15","1.15","MaterialList","","","export"
"MET-10019200","1.3","1.3","MaterialList","","","export"
"MET-10019300","1.78","1.78","MaterialList","","","export"
"MET-10025200","2.16","2.16","MaterialList","","","export"
"MET-10025300","4.03","4.03","MaterialList","","","export"
"MET-102841","121.95","121.95","MaterialList","","","export"
"MET-10R0750","17.46","17.46","MaterialList","","","export"
"MET-EVOLUTION14BLADEAL","125","125","MaterialList","","","export"
"MET-FH141","0.88","0.88","MaterialList","","","export"
"MET-FH18112","0.75","0.75","MaterialList","","","export"
"MET-FH316112","1.06","1.06","MaterialList","","","export"
"MET-FH3162","1.32","1.32","MaterialList","","","export"
"MET-HRP011510","1.14","1.14","MaterialList","","","export"
"MET-RAGWWK","1.55","1.55","MaterialList","","","export"
"MET-RDH12","0.69","0.69","MaterialList","","","export"
"MET-RT05015016","0.91","0.91","MaterialList","","","export"
"MET-RT07515016","1.03","1.03","MaterialList","","","export"
"MET-RT10020016","1.36","1.36","MaterialList","","","export"
"MET-SH16","116.1","116.1","MaterialList","","","export"
"MET-SQT12516","1.4","1.4","MaterialList","","","export"
"MET-SQT20012","3.29","3.29","MaterialList","","","export"
"MET-SQT20016","1.77","1.77","MaterialList","","","export"
"MET-SQT30016","2.71","2.71","MaterialList","","","export"
"MET-TB11060","0.96","0.96","MaterialList","","","export"
"MET-TB11212060","0.94","0.94","MaterialList","","","export"
"MET-TB11234060","1.21","1.21","MaterialList","","","export"
"MET-TB21060","1.6","1.6","MaterialList","","","export"
"MET-TB21120","3.32","3.32","MaterialList","","","export"
"MET-TB22060","2.2","2.2","MaterialList","","","export"
"MET-TB22120","4.24","4.24","MaterialList","","","export"
"MET-TB234060","2.14","2.14","MaterialList","","","export"
"MET-TB32060","2.76","2.76","MaterialList","","","export"
"MET-TB42060","3.3","3.3","MaterialList","","","export"
"MET-TBR34083","0.92","0.92","MaterialList","","","export"
"PWD-BLACK","6.39","8.64","MaterialList","","","export"
"PWD-BONE","8.64","8.64","MaterialList","","","export"
"PWD-FANUC-GRAY","6.92","8.64","MaterialList","","","export"
"PWD-GRAY-ZINC-EPOXY-PRIMER","9.45","9.45","MaterialList","","","export"
"PWD-HIGH-TEMP-SILICONE-TAPERED-MASKING-PLUGS","8.5","8.64","MaterialList","","","export"
"PWD-LITE-BEIGE","8.32","8.64","MaterialList","","","export"
"PWD-METAL-WIRE-FOR-HANGING-FRAMES","16.65","8.64","MaterialList","","","export"
"PWD-OIL-RUB-BRONZE","8.68","8.64","MaterialList","","","export"
"PWD-WILD-RICE","9.84","8.64","MaterialList","","","export"
"RM-DKT-GENERIC-SLAB","7.6","420","suppliers.csv","Cosentino / Dekton","suppliers.csv","export"
"RM-FAB-GENERIC","30","30","katana-bulk-materials","","","export"
"RM-FAB-TEST-FABRIC-RAW","0","20","MaterialList","","","export"
"RM-MET-15X075-TUBING","1","1","katana-bulk-materials","","","export"
"RM-MET-2X075-TUBING","2.14","2.14","MaterialList","","","export"
"RM-MET-2X1-TUBING","1.39","3.1","suppliers.csv","Aluminum Extrusions LLC","suppliers.csv","export"
"RM-MET-2X2-TUBING","1.83","4.25","suppliers.csv","Aluminum Extrusions LLC","suppliers.csv","export"
"RM-MET-FLATBAR","0.48","0.48","MaterialList","","","export"
"RM-PWD-GENERIC","8.64","8.5","suppliers.csv","Powder Coat Pros","suppliers.csv","export"
"RM-RAW-FOAM","0.7","0.7","MaterialList","","","export"
"RM-RAW-IRON-WOOD","10.42","10.42","MaterialList","","","export"
"STN-DKT-BC1.2","395","395","vividworks_material_options","","","export"
