file,fin_candidate,match,parent_sku,profile,recipe_sku,rejected_placeholder_sku,pieces,long_point_in,short_point_in,ends,net_ft,scrap_factor,katana_ft,confidence,flag
1 BRAVADA club chair.obj,FIN-BRV-CLB-CHA,not_checked,ASM-BRV-CLB-CHA-FRAME,SQ2-16,MET-TB22060,RM-MET-2X2-TUBING,1,34,30,45/45,2.8333,1.08,3.06,high,
1 BRAVADA club chair.obj,FIN-BRV-CLB-CHA,not_checked,ASM-BRV-CLB-CHA-FRAME,SQ2-16,MET-TB22060,RM-MET-2X2-TUBING,2,32,,45/45,5.3333,1.08,5.76,high,
1 BRAVADA club chair.obj,FIN-BRV-CLB-CHA,not_checked,ASM-BRV-CLB-CHA-FRAME,SQ2-16,MET-TB22060,RM-MET-2X2-TUBING,2,32,30,45/90,5.3333,1.08,5.76,high,
1 BRAVADA club chair.obj,FIN-BRV-CLB-CHA,not_checked,ASM-BRV-CLB-CHA-FRAME,SQ2-16,MET-TB22060,RM-MET-2X2-TUBING,3,30,,90/90,7.5,1.08,8.1,high,
1 BRAVADA club chair.obj,FIN-BRV-CLB-CHA,not_checked,ASM-BRV-CLB-CHA-FRAME,SQ2-16,MET-TB22060,RM-MET-2X2-TUBING,2,21,17,45/45,3.5,1.08,3.78,high,compound_long_edges
1 BRAVADA club chair.obj,FIN-BRV-CLB-CHA,not_checked,ASM-BRV-CLB-CHA-FRAME,SQ2-16,MET-TB22060,RM-MET-2X2-TUBING,2,14,12,45/90,2.3333,1.08,2.52,high,
1 BRAVADA club chair.obj,FIN-BRV-CLB-CHA,not_checked,ASM-BRV-CLB-CHA-FRAME,SQ2-16,MET-TB22060,RM-MET-2X2-TUBING,2,10,8,45/90,1.6667,1.08,1.8,high,
1 BRAVADA club chair.obj,FIN-BRV-CLB-CHA,not_checked,ASM-BRV-CLB-CHA-FRAME,SQ2-16,MET-TB22060,RM-MET-2X2-TUBING,2,8,,90/90,1.3333,1.08,1.44,high,
1 BRAVADA club chair.obj,FIN-BRV-CLB-CHA,not_checked,ASM-BRV-CLB-CHA-FRAME,FB1x0.125,MET-FH181,RM-MET-FLATBAR,5,30,,90/90,12.5,1.08,13.5,high,
1 BRAVADA club chair.obj,FIN-BRV-CLB-CHA,not_checked,ASM-BRV-CLB-CHA-FRAME,RT1.5x0.75-16,MET-TB11234060,RM-MET-15X075-TUBING,1,30,,90/90,2.5,1.08,2.7,high,
2 BRAVADA swivel chair.obj,FIN-BRV-SWV-CHA,not_checked,ASM-BRV-SWV-CHA-FRAME,SQ2-16,MET-TB22060,RM-MET-2X2-TUBING,1,34,30,45/45,2.8333,1.08,3.06,high,
2 BRAVADA swivel chair.obj,FIN-BRV-SWV-CHA,not_checked,ASM-BRV-SWV-CHA-FRAME,SQ2-16,MET-TB22060,RM-MET-2X2-TUBING,2,34,32,45/90,5.6667,1.08,6.12,high,
2 BRAVADA swivel chair.obj,FIN-BRV-SWV-CHA,not_checked,ASM-BRV-SWV-CHA-FRAME,SQ2-16,MET-TB22060,RM-MET-2X2-TUBING,2,32,30,45/90,5.3333,1.08,5.76,high,
2 BRAVADA swivel chair.obj,FIN-BRV-SWV-CHA,not_checked,ASM-BRV-SWV-CHA-FRAME,SQ2-16,MET-TB22060,RM-MET-2X2-TUBING,3,30,,90/90,7.5,1.08,8.1,high,
2 BRAVADA swivel chair.obj,FIN-BRV-SWV-CHA,not_checked,ASM-BRV-SWV-CHA-FRAME,SQ2-16,MET-TB22060,RM-MET-2X2-TUBING,2,21,17,45/45,3.5,1.08,3.78,high,compound_long_edges
2 BRAVADA swivel chair.obj,FIN-BRV-SWV-CHA,not_checked,ASM-BRV-SWV-CHA-FRAME,SQ2-16,MET-TB22060,RM-MET-2X2-TUBING,1,15,,90/90,1.25,1.08,1.35,high,
2 BRAVADA swivel chair.obj,FIN-BRV-SWV-CHA,not_checked,ASM-BRV-SWV-CHA-FRAME,SQ2-16,MET-TB22060,RM-MET-2X2-TUBING,2,14,12,45/90,2.3333,1.08,2.52,high,
2 BRAVADA swivel chair.obj,FIN-BRV-SWV-CHA,not_checked,ASM-BRV-SWV-CHA-FRAME,SQ2-16,MET-TB22060,RM-MET-2X2-TUBING,2,6.5,,90/90,1.0833,1.08,1.17,high,
2 BRAVADA swivel chair.obj,FIN-BRV-SWV-CHA,not_checked,ASM-BRV-SWV-CHA-FRAME,SQ2-16,MET-TB22060,RM-MET-2X2-TUBING,4,5.93,,90/90,1.9767,1.08,2.1348,high,
2 BRAVADA swivel chair.obj,FIN-BRV-SWV-CHA,not_checked,ASM-BRV-SWV-CHA-FRAME,FB1x0.125,MET-FH181,RM-MET-FLATBAR,5,30,,90/90,12.5,1.08,13.5,high,
2 BRAVADA swivel chair.obj,FIN-BRV-SWV-CHA,not_checked,ASM-BRV-SWV-CHA-FRAME,RT4x2-16,MET-TB42060,,1,30,,90/90,2.5,1.08,2.7,high,
3 BRAVADA loveseat 60.obj,FIN-BRV-LOV-SOF-60,not_checked,ASM-BRV-LOV-SOF-60-FRAME,SQ2-16,MET-TB22060,RM-MET-2X2-TUBING,1,60,56,45/45,5,1.08,5.4,high,
3 BRAVADA loveseat 60.obj,FIN-BRV-LOV-SOF-60,not_checked,ASM-BRV-LOV-SOF-60-FRAME,SQ2-16,MET-TB22060,RM-MET-2X2-TUBING,3,56,,90/90,14,1.08,15.12,high,
3 BRAVADA loveseat 60.obj,FIN-BRV-LOV-SOF-60,not_checked,ASM-BRV-LOV-SOF-60-FRAME,SQ2-16,MET-TB22060,RM-MET-2X2-TUBING,2,32,,45/45,5.3333,1.08,5.76,high,
3 BRAVADA loveseat 60.obj,FIN-BRV-LOV-SOF-60,not_checked,ASM-BRV-LOV-SOF-60-FRAME,SQ2-16,MET-TB22060,RM-MET-2X2-TUBING,2,32,30,45/90,5.3333,1.08,5.76,high,
3 BRAVADA loveseat 60.obj,FIN-BRV-LOV-SOF-60,not_checked,ASM-BRV-LOV-SOF-60-FRAME,SQ2-16,MET-TB22060,RM-MET-2X2-TUBING,2,21,17,45/45,3.5,1.08,3.78,high,compound_long_edges
3 BRAVADA loveseat 60.obj,FIN-BRV-LOV-SOF-60,not_checked,ASM-BRV-LOV-SOF-60-FRAME,SQ2-16,MET-TB22060,RM-MET-2X2-TUBING,2,14,12,45/90,2.3333,1.08,2.52,high,
3 BRAVADA loveseat 60.obj,FIN-BRV-LOV-SOF-60,not_checked,ASM-BRV-LOV-SOF-60-FRAME,SQ2-16,MET-TB22060,RM-MET-2X2-TUBING,2,10,8,45/90,1.6667,1.08,1.8,high,
3 BRAVADA loveseat 60.obj,FIN-BRV-LOV-SOF-60,not_checked,ASM-BRV-LOV-SOF-60-FRAME,SQ2-16,MET-TB22060,RM-MET-2X2-TUBING,2,8,,90/90,1.3333,1.08,1.44,high,
3 BRAVADA loveseat 60.obj,FIN-BRV-LOV-SOF-60,not_checked,ASM-BRV-LOV-SOF-60-FRAME,FB1x0.125,MET-FH181,RM-MET-FLATBAR,5,56,,90/90,23.3333,1.08,25.2,high,
3 BRAVADA loveseat 60.obj,FIN-BRV-LOV-SOF-60,not_checked,ASM-BRV-LOV-SOF-60-FRAME,RT1.5x0.75-16,MET-TB11234060,RM-MET-15X075-TUBING,3,30,,90/90,7.5,1.08,8.1,high,
4 BRAVADA sofa 72.obj,FIN-BRV-SOF-72,not_checked,ASM-BRV-SOF-72-FRAME,SQ2-16,MET-TB22060,RM-MET-2X2-TUBING,3,68,,90/90,17,1.08,18.36,high,
4 BRAVADA sofa 72.obj,FIN-BRV-SOF-72,not_checked,ASM-BRV-SOF-72-FRAME,SQ2-16,MET-TB22060,RM-MET-2X2-TUBING,2,32,,45/45,5.3333,1.08,5.76,high,
4 BRAVADA sofa 72.obj,FIN-BRV-SOF-72,not_checked,ASM-BRV-SOF-72-FRAME,SQ2-16,MET-TB22060,RM-MET-2X2-TUBING,2,32,30,45/90,5.3333,1.08,5.76,high,
4 BRAVADA sofa 72.obj,FIN-BRV-SOF-72,not_checked,ASM-BRV-SOF-72-FRAME,SQ2-16,MET-TB22060,RM-MET-2X2-TUBING,2,21,17,45/45,3.5,1.08,3.78,high,compound_long_edges
4 BRAVADA sofa 72.obj,FIN-BRV-SOF-72,not_checked,ASM-BRV-SOF-72-FRAME,SQ2-16,MET-TB22060,RM-MET-2X2-TUBING,2,14,12,45/90,2.3333,1.08,2.52,high,
4 BRAVADA sofa 72.obj,FIN-BRV-SOF-72,not_checked,ASM-BRV-SOF-72-FRAME,SQ2-16,MET-TB22060,RM-MET-2X2-TUBING,2,10,8,45/90,1.6667,1.08,1.8,high,
4 BRAVADA sofa 72.obj,FIN-BRV-SOF-72,not_checked,ASM-BRV-SOF-72-FRAME,SQ2-16,MET-TB22060,RM-MET-2X2-TUBING,2,8,,90/90,1.3333,1.08,1.44,high,
4 BRAVADA sofa 72.obj,FIN-BRV-SOF-72,not_checked,ASM-BRV-SOF-72-FRAME,FB1x0.125,MET-FH181,RM-MET-FLATBAR,5,68,,90/90,28.3333,1.08,30.6,high,
4 BRAVADA sofa 72.obj,FIN-BRV-SOF-72,not_checked,ASM-BRV-SOF-72-FRAME,RT1.5x0.75-16,MET-TB11234060,RM-MET-15X075-TUBING,4,30,,90/90,10,1.08,10.8,high,
5 BRAVADA armless sofa 72.obj,FIN-BRV-ARM-SOF-72,not_checked,ASM-BRV-ARM-SOF-72-FRAME,SQ2-16,MET-TB22060,RM-MET-2X2-TUBING,3,68,,90/90,17,1.08,18.36,high,
5 BRAVADA armless sofa 72.obj,FIN-BRV-ARM-SOF-72,not_checked,ASM-BRV-ARM-SOF-72-FRAME,SQ2-16,MET-TB22060,RM-MET-2X2-TUBING,2,32,,45/45,5.3333,1.08,5.76,high,
5 BRAVADA armless sofa 72.obj,FIN-BRV-ARM-SOF-72,not_checked,ASM-BRV-ARM-SOF-72-FRAME,SQ2-16,MET-TB22060,RM-MET-2X2-TUBING,2,21,17,45/45,3.5,1.08,3.78,high,compound_long_edges
5 BRAVADA armless sofa 72.obj,FIN-BRV-ARM-SOF-72,not_checked,ASM-BRV-ARM-SOF-72-FRAME,SQ2-16,MET-TB22060,RM-MET-2X2-TUBING,2,10,8,45/90,1.6667,1.08,1.8,high,
5 BRAVADA armless sofa 72.obj,FIN-BRV-ARM-SOF-72,not_checked,ASM-BRV-ARM-SOF-72-FRAME,SQ2-16,MET-TB22060,RM-MET-2X2-TUBING,2,8,,90/90,1.3333,1.08,1.44,high,
5 BRAVADA armless sofa 72.obj,FIN-BRV-ARM-SOF-72,not_checked,ASM-BRV-ARM-SOF-72-FRAME,FB1x0.125,MET-FH181,RM-MET-FLATBAR,5,68,,90/90,28.3333,1.08,30.6,high,
5 BRAVADA armless sofa 72.obj,FIN-BRV-ARM-SOF-72,not_checked,ASM-BRV-ARM-SOF-72-FRAME,RT1.5x0.75-16,MET-TB11234060,RM-MET-15X075-TUBING,4,30,,90/90,10,1.08,10.8,high,
6 BRAVADA corner sofa 72.obj,FIN-BRV-COR-SOF-72,not_checked,ASM-BRV-COR-SOF-72-FRAME,SQ2-16,MET-TB22060,RM-MET-2X2-TUBING,1,72,68,45/45,6,1.08,6.48,high,
6 BRAVADA corner sofa 72.obj,FIN-BRV-COR-SOF-72,not_checked,ASM-BRV-COR-SOF-72-FRAME,SQ2-16,MET-TB22060,RM-MET-2X2-TUBING,3,68,,90/90,17,1.08,18.36,high,
6 BRAVADA corner sofa 72.obj,FIN-BRV-COR-SOF-72,not_checked,ASM-BRV-COR-SOF-72-FRAME,SQ2-16,MET-TB22060,RM-MET-2X2-TUBING,2,32,,45/45,5.3333,1.08,5.76,high,
6 BRAVADA corner sofa 72.obj,FIN-BRV-COR-SOF-72,not_checked,ASM-BRV-COR-SOF-72-FRAME,SQ2-16,MET-TB22060,RM-MET-2X2-TUBING,1,32,30,45/90,2.6667,1.08,2.88,high,
6 BRAVADA corner sofa 72.obj,FIN-BRV-COR-SOF-72,not_checked,ASM-BRV-COR-SOF-72-FRAME,SQ2-16,MET-TB22060,RM-MET-2X2-TUBING,1,30,,90/90,2.5,1.08,2.7,high,
6 BRAVADA corner sofa 72.obj,FIN-BRV-COR-SOF-72,not_checked,ASM-BRV-COR-SOF-72-FRAME,SQ2-16,MET-TB22060,RM-MET-2X2-TUBING,2,21,17,45/45,3.5,1.08,3.78,high,compound_long_edges
6 BRAVADA corner sofa 72.obj,FIN-BRV-COR-SOF-72,not_checked,ASM-BRV-COR-SOF-72-FRAME,SQ2-16,MET-TB22060,RM-MET-2X2-TUBING,1,19,17,45/90,1.5833,1.08,1.71,high,
6 BRAVADA corner sofa 72.obj,FIN-BRV-COR-SOF-72,not_checked,ASM-BRV-COR-SOF-72-FRAME,SQ2-16,MET-TB22060,RM-MET-2X2-TUBING,2,10,8,45/90,1.6667,1.08,1.8,high,
6 BRAVADA corner sofa 72.obj,FIN-BRV-COR-SOF-72,not_checked,ASM-BRV-COR-SOF-72-FRAME,SQ2-16,MET-TB22060,RM-MET-2X2-TUBING,2,8,,90/90,1.3333,1.08,1.44,high,
6 BRAVADA corner sofa 72.obj,FIN-BRV-COR-SOF-72,not_checked,ASM-BRV-COR-SOF-72-FRAME,FB1x0.125,MET-FH181,RM-MET-FLATBAR,5,68,,90/90,28.3333,1.08,30.6,high,
6 BRAVADA corner sofa 72.obj,FIN-BRV-COR-SOF-72,not_checked,ASM-BRV-COR-SOF-72-FRAME,RT1.5x0.75-16,MET-TB11234060,RM-MET-15X075-TUBING,4,30,,90/90,10,1.08,10.8,high,
7 BROOKLYN corner chaise 72.obj,FIN-BRK-COR-CHS-72,not_checked,ASM-BRK-COR-CHS-72-FRAME,SQ2-16,MET-TB22060,RM-MET-2X2-TUBING,2,70,,45/45,11.6667,1.08,12.6,high,
7 BROOKLYN corner chaise 72.obj,FIN-BRK-COR-CHS-72,not_checked,ASM-BRK-COR-CHS-72-FRAME,SQ2-16,MET-TB22060,RM-MET-2X2-TUBING,1,34,30,45/45,2.8333,1.08,3.06,high,
7 BROOKLYN corner chaise 72.obj,FIN-BRK-COR-CHS-72,not_checked,ASM-BRK-COR-CHS-72-FRAME,SQ2-16,MET-TB22060,RM-MET-2X2-TUBING,1,32,30,45/90,2.6667,1.08,2.88,high,
7 BROOKLYN corner chaise 72.obj,FIN-BRK-COR-CHS-72,not_checked,ASM-BRK-COR-CHS-72-FRAME,SQ2-16,MET-TB22060,RM-MET-2X2-TUBING,4,30,,90/90,10,1.08,10.8,high,
7 BROOKLYN corner chaise 72.obj,FIN-BRK-COR-CHS-72,not_checked,ASM-BRK-COR-CHS-72-FRAME,SQ2-16,MET-TB22060,RM-MET-2X2-TUBING,2,21,17,45/45,3.5,1.08,3.78,high,compound_long_edges
7 BROOKLYN corner chaise 72.obj,FIN-BRK-COR-CHS-72,not_checked,ASM-BRK-COR-CHS-72-FRAME,SQ2-16,MET-TB22060,RM-MET-2X2-TUBING,1,19,17,45/90,1.5833,1.08,1.71,high,
7 BROOKLYN corner chaise 72.obj,FIN-BRK-COR-CHS-72,not_checked,ASM-BRK-COR-CHS-72-FRAME,SQ2-16,MET-TB22060,RM-MET-2X2-TUBING,2,10,8,45/90,1.6667,1.08,1.8,high,
7 BROOKLYN corner chaise 72.obj,FIN-BRK-COR-CHS-72,not_checked,ASM-BRK-COR-CHS-72-FRAME,SQ2-16,MET-TB22060,RM-MET-2X2-TUBING,2,8,,90/90,1.3333,1.08,1.44,high,
7 BROOKLYN corner chaise 72.obj,FIN-BRK-COR-CHS-72,not_checked,ASM-BRK-COR-CHS-72-FRAME,FB1x0.125,MET-FH181,RM-MET-FLATBAR,5,68,,90/90,28.3333,1.08,30.6,high,
7 BROOKLYN corner chaise 72.obj,FIN-BRK-COR-CHS-72,not_checked,ASM-BRK-COR-CHS-72-FRAME,RT1.5x0.75-16,MET-TB11234060,RM-MET-15X075-TUBING,4,30,,90/90,10,1.08,10.8,high,
8 BRAVADA single chaise lounge.obj,FIN-BRV-SGL-CHS,not_checked,ASM-BRV-SGL-CHS-FRAME,SQ2-16,MET-TB22060,RM-MET-2X2-TUBING,2,79,75,45/45,13.1667,1.08,14.22,high,
8 BRAVADA single chaise lounge.obj,FIN-BRV-SGL-CHS,not_checked,ASM-BRV-SGL-CHS-FRAME,SQ2-16,MET-TB22060,RM-MET-2X2-TUBING,2,29,25,45/45,4.8333,1.08,5.22,high,
8 BRAVADA single chaise lounge.obj,FIN-BRV-SGL-CHS,not_checked,ASM-BRV-SGL-CHS-FRAME,SQ2-16,MET-TB22060,RM-MET-2X2-TUBING,4,10,8,45/90,3.3333,1.08,3.6,high,
8 BRAVADA single chaise lounge.obj,FIN-BRV-SGL-CHS,not_checked,ASM-BRV-SGL-CHS-FRAME,FB1x0.125,MET-FH181,RM-MET-FLATBAR,8,26.04,,90/90,17.36,1.08,18.7488,high,
8 BRAVADA single chaise lounge.obj,FIN-BRV-SGL-CHS,not_checked,ASM-BRV-SGL-CHS-FRAME,SQ2x1-16,MET-TB21060,RM-MET-2X1-TUBING,1,48,,90/90,4,1.08,4.32,high,
8 BRAVADA single chaise lounge.obj,FIN-BRV-SGL-CHS,not_checked,ASM-BRV-SGL-CHS-FRAME,SQ2x1-16,MET-TB21060,RM-MET-2X1-TUBING,3,26,,90/90,6.5,1.08,7.02,high,
8 BRAVADA single chaise lounge.obj,FIN-BRV-SGL-CHS,not_checked,ASM-BRV-SGL-CHS-FRAME,SQ2x1-16,MET-TB21060,RM-MET-2X1-TUBING,3,21,,90/90,5.25,1.08,5.67,high,
9 BRAVADA round daybed 84 diameter.obj,FIN-BRV-DYB-84,not_checked,ASM-BRV-DYB-84-FRAME,UNMAPPED,,,4,82.44,,90/90,27.48,1.08,29.6784,unmapped,unmapped_section
9 BRAVADA round daybed 84 diameter.obj,FIN-BRV-DYB-84,not_checked,ASM-BRV-DYB-84-FRAME,UNMAPPED,,,3,28,,90/90,7,1.08,7.56,unmapped,unmapped_section
9 BRAVADA round daybed 84 diameter.obj,FIN-BRV-DYB-84,not_checked,ASM-BRV-DYB-84-FRAME,UNMAPPED,,,2,5,,90/90,0.8333,1.08,0.9,unmapped,unmapped_section
10 BRAVADA daybed 72 x 78.obj,FIN-BRV-DYB-72X78,not_checked,ASM-BRV-DYB-72X78-FRAME,SQ2-16,MET-TB22060,RM-MET-2X2-TUBING,2,76,72,45/45,12.6667,1.08,13.68,high,
10 BRAVADA daybed 72 x 78.obj,FIN-BRV-DYB-72X78,not_checked,ASM-BRV-DYB-72X78-FRAME,SQ2-16,MET-TB22060,RM-MET-2X2-TUBING,1,72,,90/90,6,1.08,6.48,high,
10 BRAVADA daybed 72 x 78.obj,FIN-BRV-DYB-72X78,not_checked,ASM-BRV-DYB-72X78-FRAME,SQ2-16,MET-TB22060,RM-MET-2X2-TUBING,4,72,68,45/45,24,1.08,25.92,high,
10 BRAVADA daybed 72 x 78.obj,FIN-BRV-DYB-72X78,not_checked,ASM-BRV-DYB-72X78-FRAME,SQ2-16,MET-TB22060,RM-MET-2X2-TUBING,3,32,28,45/45,8,1.08,8.64,high,
10 BRAVADA daybed 72 x 78.obj,FIN-BRV-DYB-72X78,not_checked,ASM-BRV-DYB-72X78-FRAME,SQ2-16,MET-TB22060,RM-MET-2X2-TUBING,2,25,21,45/45,4.1667,1.08,4.5,high,
10 BRAVADA daybed 72 x 78.obj,FIN-BRV-DYB-72X78,not_checked,ASM-BRV-DYB-72X78-FRAME,SQ2-16,MET-TB22060,RM-MET-2X2-TUBING,2,13,,90/90,2.1667,1.08,2.34,high,
10 BRAVADA daybed 72 x 78.obj,FIN-BRV-DYB-72X78,not_checked,ASM-BRV-DYB-72X78-FRAME,SQ2-16,MET-TB22060,RM-MET-2X2-TUBING,4,12,8,45/45,4,1.08,4.32,high,
10 BRAVADA daybed 72 x 78.obj,FIN-BRV-DYB-72X78,not_checked,ASM-BRV-DYB-72X78-FRAME,FB1x0.125,MET-FH181,RM-MET-FLATBAR,6,68,,90/90,34,1.08,36.72,high,
10 BRAVADA daybed 72 x 78.obj,FIN-BRV-DYB-72X78,not_checked,ASM-BRV-DYB-72X78-FRAME,RT1.5x0.75-16,MET-TB11234060,RM-MET-15X075-TUBING,1,68,,90/90,5.6667,1.08,6.12,high,
10 BRAVADA daybed 72 x 78.obj,FIN-BRV-DYB-72X78,not_checked,ASM-BRV-DYB-72X78-FRAME,RT1.5x0.75-16,MET-TB11234060,RM-MET-15X075-TUBING,5,34,,90/90,14.1667,1.08,15.3,high,
10 BRAVADA daybed 72 x 78.obj,FIN-BRV-DYB-72X78,not_checked,ASM-BRV-DYB-72X78-FRAME,RT1.5x0.75-16,MET-TB11234060,RM-MET-15X075-TUBING,5,33.25,,90/90,13.8542,1.08,14.9625,high,
10 BRAVADA daybed 72 x 78.obj,FIN-BRV-DYB-72X78,not_checked,ASM-BRV-DYB-72X78-FRAME,FB1x0.25,MET-FH141,,6,8,,90/90,4,1.08,4.32,high,
11 BROOKLYN single chaise lounge.obj,FIN-BRK-SGL-CHS,not_checked,ASM-BRK-SGL-CHS-FRAME,SQ2x1-16,MET-TB21060,RM-MET-2X1-TUBING,1,47,,90/90,3.9167,1.08,4.23,high,
11 BROOKLYN single chaise lounge.obj,FIN-BRK-SGL-CHS,not_checked,ASM-BRK-SGL-CHS-FRAME,SQ2x1-16,MET-TB21060,RM-MET-2X1-TUBING,2,34,,90/90,5.6667,1.08,6.12,high,
11 BROOKLYN single chaise lounge.obj,FIN-BRK-SGL-CHS,not_checked,ASM-BRK-SGL-CHS-FRAME,SQ2x1-16,MET-TB21060,RM-MET-2X1-TUBING,3,29,,90/90,7.25,1.08,7.83,high,
11 BROOKLYN single chaise lounge.obj,FIN-BRK-SGL-CHS,not_checked,ASM-BRK-SGL-CHS-FRAME,UNMAPPED,,,1,38,34,45/45,3.1667,1.08,3.42,unmapped,unmapped_section
12 BROOKLYN transitional double chaise.obj,FIN-BRK-TRA-DOU-CHS,not_checked,ASM-BRK-TRA-DOU-CHS-FRAME,FB1x0.125,MET-FH181,RM-MET-FLATBAR,7,68,,90/90,39.6667,1.08,42.84,high,
12 BROOKLYN transitional double chaise.obj,FIN-BRK-TRA-DOU-CHS,not_checked,ASM-BRK-TRA-DOU-CHS-FRAME,UNMAPPED,,,2,48,,45/45,8,1.08,8.64,unmapped,unmapped_section
12 BROOKLYN transitional double chaise.obj,FIN-BRK-TRA-DOU-CHS,not_checked,ASM-BRK-TRA-DOU-CHS-FRAME,RT1.5x0.75-16,MET-TB11234060,RM-MET-15X075-TUBING,2,44,,90/90,7.3333,1.08,7.92,high,
12 BROOKLYN transitional double chaise.obj,FIN-BRK-TRA-DOU-CHS,not_checked,ASM-BRK-TRA-DOU-CHS-FRAME,SQ2x1-16,MET-TB21060,RM-MET-2X1-TUBING,2,42,,90/90,7,1.08,7.56,high,
12 BROOKLYN transitional double chaise.obj,FIN-BRK-TRA-DOU-CHS,not_checked,ASM-BRK-TRA-DOU-CHS-FRAME,SQ2-16,MET-TB22060,RM-MET-2X2-TUBING,2,21,18,45/45,3.5,1.08,3.78,high,
13 BROOKLYN double chaise lounge.obj,FIN-BRK-DOU-CHS,not_checked,ASM-BRK-DOU-CHS-FRAME,SQ2x1-16,MET-TB21060,RM-MET-2X1-TUBING,2,54,,90/90,9,1.08,9.72,high,
13 BROOKLYN double chaise lounge.obj,FIN-BRK-DOU-CHS,not_checked,ASM-BRK-DOU-CHS-FRAME,SQ2x1-16,MET-TB21060,RM-MET-2X1-TUBING,3,49,,90/90,12.25,1.08,13.23,high,
13 BROOKLYN double chaise lounge.obj,FIN-BRK-DOU-CHS,not_checked,ASM-BRK-DOU-CHS-FRAME,SQ2x1-16,MET-TB21060,RM-MET-2X1-TUBING,2,47,,90/90,7.8333,1.08,8.46,high,
13 BROOKLYN double chaise lounge.obj,FIN-BRK-DOU-CHS,not_checked,ASM-BRK-DOU-CHS-FRAME,UNMAPPED,,,1,58,54,45/45,4.8333,1.08,5.22,unmapped,unmapped_section
14 BROOKLYN sofa 72.obj,FIN-BRK-SOF-72,not_checked,ASM-BRK-SOF-72-FRAME,FB1x0.125,MET-FH181,RM-MET-FLATBAR,5,67.43,,90/90,28.0958,1.08,30.3435,high,
14 BROOKLYN sofa 72.obj,FIN-BRK-SOF-72,not_checked,ASM-BRK-SOF-72-FRAME,SQ2-16,MET-TB22060,RM-MET-2X2-TUBING,2,72,67.43,45/45,12,1.08,12.96,high,
14 BROOKLYN sofa 72.obj,FIN-BRK-SOF-72,not_checked,ASM-BRK-SOF-72-FRAME,SQ2-16,MET-TB22060,RM-MET-2X2-TUBING,2,34,30,45/45,5.6667,1.08,6.12,high,
14 BROOKLYN sofa 72.obj,FIN-BRK-SOF-72,not_checked,ASM-BRK-SOF-72-FRAME,UNMAPPED,,,2,34,,45/45,5.6667,1.08,6.12,unmapped,unmapped_section
14 BROOKLYN sofa 72.obj,FIN-BRK-SOF-72,not_checked,ASM-BRK-SOF-72-FRAME,SQ2x1-16,MET-TB21060,RM-MET-2X1-TUBING,1,68,,90/90,5.6667,1.08,6.12,high,
14 BROOKLYN sofa 72.obj,FIN-BRK-SOF-72,not_checked,ASM-BRK-SOF-72-FRAME,UNMAPPED,,,2,30,,90/90,5,1.08,5.4,unmapped,unmapped_section
15 BROOKLYN corner sofa 72.obj,FIN-BRK-COR-SOF-72,not_checked,ASM-BRK-COR-SOF-72-FRAME,FB1x0.125,MET-FH181,RM-MET-FLATBAR,5,68,,90/90,28.3333,1.08,30.6,high,
15 BROOKLYN corner sofa 72.obj,FIN-BRK-COR-SOF-72,not_checked,ASM-BRK-COR-SOF-72-FRAME,SQ2-16,MET-TB22060,RM-MET-2X2-TUBING,2,72,68,45/45,12,1.08,12.96,high,
15 BROOKLYN corner sofa 72.obj,FIN-BRK-COR-SOF-72,not_checked,ASM-BRK-COR-SOF-72-FRAME,SQ2-16,MET-TB22060,RM-MET-2X2-TUBING,2,34,,45/45,5.6667,1.08,6.12,high,
15 BROOKLYN corner sofa 72.obj,FIN-BRK-COR-SOF-72,not_checked,ASM-BRK-COR-SOF-72-FRAME,SQ2-16,MET-TB22060,RM-MET-2X2-TUBING,2,34,30,45/45,5.6667,1.08,6.12,high,
15 BROOKLYN corner sofa 72.obj,FIN-BRK-COR-SOF-72,not_checked,ASM-BRK-COR-SOF-72-FRAME,SQ2x1-16,MET-TB21060,RM-MET-2X1-TUBING,1,68,,90/90,5.6667,1.08,6.12,high,
15 BROOKLYN corner sofa 72.obj,FIN-BRK-COR-SOF-72,not_checked,ASM-BRK-COR-SOF-72-FRAME,SQ2x1-16,MET-TB21060,RM-MET-2X1-TUBING,1,30,,90/90,2.5,1.08,2.7,high,
15 BROOKLYN corner sofa 72.obj,FIN-BRK-COR-SOF-72,not_checked,ASM-BRK-COR-SOF-72-FRAME,RT1.5x0.75-16,MET-TB11234060,RM-MET-15X075-TUBING,2,26,,90/90,4.3333,1.08,4.68,high,
16 BROOKLYN corner chaise 84.obj,FIN-BRK-COR-CHS-84,not_checked,ASM-BRK-COR-CHS-84-FRAME,FB1x0.125,MET-FH181,RM-MET-FLATBAR,5,80,,90/90,33.3333,1.08,36,high,
16 BROOKLYN corner chaise 84.obj,FIN-BRK-COR-CHS-84,not_checked,ASM-BRK-COR-CHS-84-FRAME,SQ2-16,MET-TB22060,RM-MET-2X2-TUBING,2,84,80,45/45,14,1.08,15.12,high,
16 BROOKLYN corner chaise 84.obj,FIN-BRK-COR-CHS-84,not_checked,ASM-BRK-COR-CHS-84-FRAME,SQ2-16,MET-TB22060,RM-MET-2X2-TUBING,2,34,,45/45,5.6667,1.08,6.12,high,
16 BROOKLYN corner chaise 84.obj,FIN-BRK-COR-CHS-84,not_checked,ASM-BRK-COR-CHS-84-FRAME,SQ2-16,MET-TB22060,RM-MET-2X2-TUBING,2,34,30,45/45,5.6667,1.08,6.12,high,
16 BROOKLYN corner chaise 84.obj,FIN-BRK-COR-CHS-84,not_checked,ASM-BRK-COR-CHS-84-FRAME,RT1.5x0.75-16,MET-TB11234060,RM-MET-15X075-TUBING,3,30,,90/90,7.5,1.08,8.1,high,
16 BROOKLYN corner chaise 84.obj,FIN-BRK-COR-CHS-84,not_checked,ASM-BRK-COR-CHS-84-FRAME,SQ2x1-16,MET-TB21060,RM-MET-2X1-TUBING,2,30,,90/90,5,1.08,5.4,high,
17 OCEAN club chair.obj,FIN-OCN-CLB-CHA,not_checked,ASM-OCN-CLB-CHA-FRAME,SQ2-16,MET-TB22060,RM-MET-2X2-TUBING,2,38,34,45/45,6.3333,1.08,6.84,high,
17 OCEAN club chair.obj,FIN-OCN-CLB-CHA,not_checked,ASM-OCN-CLB-CHA-FRAME,SQ2-16,MET-TB22060,RM-MET-2X2-TUBING,2,30,26,45/45,5,1.08,5.4,high,
17 OCEAN club chair.obj,FIN-OCN-CLB-CHA,not_checked,ASM-OCN-CLB-CHA-FRAME,SQ2-16,MET-TB22060,RM-MET-2X2-TUBING,2,29,25,45/45,4.8333,1.08,5.22,high,
17 OCEAN club chair.obj,FIN-OCN-CLB-CHA,not_checked,ASM-OCN-CLB-CHA-FRAME,SQ2-16,MET-TB22060,RM-MET-2X2-TUBING,2,27,24.58,45/90,4.5,1.08,4.86,high,compound_long_edges
17 OCEAN club chair.obj,FIN-OCN-CLB-CHA,not_checked,ASM-OCN-CLB-CHA-FRAME,SQ2-16,MET-TB22060,RM-MET-2X2-TUBING,1,26,22,45/45,2.1667,1.08,2.34,high,
17 OCEAN club chair.obj,FIN-OCN-CLB-CHA,not_checked,ASM-OCN-CLB-CHA-FRAME,SQ2-16,MET-TB22060,RM-MET-2X2-TUBING,4,20,16,45/45,6.6667,1.08,7.2,high,
17 OCEAN club chair.obj,FIN-OCN-CLB-CHA,not_checked,ASM-OCN-CLB-CHA-FRAME,FB1x0.125,MET-FH181,RM-MET-FLATBAR,5,26,,90/90,10.8333,1.08,11.7,high,
17 OCEAN club chair.obj,FIN-OCN-CLB-CHA,not_checked,ASM-OCN-CLB-CHA-FRAME,SQ2x1-16,MET-TB21060,RM-MET-2X1-TUBING,3,22,,90/90,5.5,1.08,5.94,high,
17 OCEAN club chair.obj,FIN-OCN-CLB-CHA,not_checked,ASM-OCN-CLB-CHA-FRAME,RT1.5x0.75-16,MET-TB11234060,RM-MET-15X075-TUBING,1,25,,90/90,2.0833,1.08,2.25,high,
18 OCEAN swivel chair.obj,FIN-OCN-SWV-CHA,not_checked,ASM-OCN-SWV-CHA-FRAME,SQ2-16,MET-TB22060,RM-MET-2X2-TUBING,4,38,34,45/45,12.6667,1.08,13.68,high,
18 OCEAN swivel chair.obj,FIN-OCN-SWV-CHA,not_checked,ASM-OCN-SWV-CHA-FRAME,SQ2-16,MET-TB22060,RM-MET-2X2-TUBING,4,30,26,45/45,10,1.08,10.8,high,
18 OCEAN swivel chair.obj,FIN-OCN-SWV-CHA,not_checked,ASM-OCN-SWV-CHA-FRAME,SQ2-16,MET-TB22060,RM-MET-2X2-TUBING,2,27,25,45/90,4.5,1.08,4.86,high,
18 OCEAN swivel chair.obj,FIN-OCN-SWV-CHA,not_checked,ASM-OCN-SWV-CHA-FRAME,SQ2-16,MET-TB22060,RM-MET-2X2-TUBING,1,26,22,45/45,2.1667,1.08,2.34,high,
18 OCEAN swivel chair.obj,FIN-OCN-SWV-CHA,not_checked,ASM-OCN-SWV-CHA-FRAME,SQ2-16,MET-TB22060,RM-MET-2X2-TUBING,1,22,,90/90,1.8333,1.08,1.98,high,
18 OCEAN swivel chair.obj,FIN-OCN-SWV-CHA,not_checked,ASM-OCN-SWV-CHA-FRAME,SQ2-16,MET-TB22060,RM-MET-2X2-TUBING,4,20,16,45/45,6.6667,1.08,7.2,high,
18 OCEAN swivel chair.obj,FIN-OCN-SWV-CHA,not_checked,ASM-OCN-SWV-CHA-FRAME,SQ2-16,MET-TB22060,RM-MET-2X2-TUBING,1,15,,45/45,1.25,1.08,1.35,high,
18 OCEAN swivel chair.obj,FIN-OCN-SWV-CHA,not_checked,ASM-OCN-SWV-CHA-FRAME,SQ2-16,MET-TB22060,RM-MET-2X2-TUBING,2,6.5,,45/45,1.0833,1.08,1.17,high,
18 OCEAN swivel chair.obj,FIN-OCN-SWV-CHA,not_checked,ASM-OCN-SWV-CHA-FRAME,FB1x0.125,MET-FH181,RM-MET-FLATBAR,5,26,,90/90,10.8333,1.08,11.7,high,
18 OCEAN swivel chair.obj,FIN-OCN-SWV-CHA,not_checked,ASM-OCN-SWV-CHA-FRAME,SQ1-16,MET-TB11060,,2,30,,90/90,5,1.08,5.4,high,
18 OCEAN swivel chair.obj,FIN-OCN-SWV-CHA,not_checked,ASM-OCN-SWV-CHA-FRAME,SQ2x1-16,MET-TB21060,RM-MET-2X1-TUBING,2,22,,90/90,3.6667,1.08,3.96,high,
19 OCEAN sofa 72.obj,FIN-OCN-SOF-72,not_checked,ASM-OCN-SOF-72-FRAME,SQ2-16,MET-TB22060,RM-MET-2X2-TUBING,2,68,64,45/45,11.3333,1.08,12.24,high,
19 OCEAN sofa 72.obj,FIN-OCN-SOF-72,not_checked,ASM-OCN-SOF-72-FRAME,SQ2-16,MET-TB22060,RM-MET-2X2-TUBING,2,38,34,45/45,6.3333,1.08,6.84,high,
19 OCEAN sofa 72.obj,FIN-OCN-SOF-72,not_checked,ASM-OCN-SOF-72-FRAME,SQ2-16,MET-TB22060,RM-MET-2X2-TUBING,2,29,25,45/45,4.8333,1.08,5.22,high,
19 OCEAN sofa 72.obj,FIN-OCN-SOF-72,not_checked,ASM-OCN-SOF-72-FRAME,SQ2-16,MET-TB22060,RM-MET-2X2-TUBING,2,27,24.58,45/90,4.5,1.08,4.86,high,compound_long_edges
19 OCEAN sofa 72.obj,FIN-OCN-SOF-72,not_checked,ASM-OCN-SOF-72-FRAME,SQ2-16,MET-TB22060,RM-MET-2X2-TUBING,4,20,16,45/45,6.6667,1.08,7.2,high,
19 OCEAN sofa 72.obj,FIN-OCN-SOF-72,not_checked,ASM-OCN-SOF-72-FRAME,FB1x0.125,MET-FH181,RM-MET-FLATBAR,5,64,,90/90,26.6667,1.08,28.8,high,
19 OCEAN sofa 72.obj,FIN-OCN-SOF-72,not_checked,ASM-OCN-SOF-72-FRAME,SQ2x1-16,MET-TB21060,RM-MET-2X1-TUBING,3,60,,90/90,15,1.08,16.2,high,
19 OCEAN sofa 72.obj,FIN-OCN-SOF-72,not_checked,ASM-OCN-SOF-72-FRAME,RT1.5x0.75-16,MET-TB11234060,RM-MET-15X075-TUBING,4,25,,90/90,8.3333,1.08,9,high,
20 OCEAN mini loveseat 48.obj,FIN-OCN-MIN-LOV-48,not_checked,ASM-OCN-MIN-LOV-48-FRAME,SQ2-16,MET-TB22060,RM-MET-2X2-TUBING,2,44,40,45/45,7.3333,1.08,7.92,high,
20 OCEAN mini loveseat 48.obj,FIN-OCN-MIN-LOV-48,not_checked,ASM-OCN-MIN-LOV-48-FRAME,SQ2-16,MET-TB22060,RM-MET-2X2-TUBING,2,38,34,45/45,6.3333,1.08,6.84,high,
20 OCEAN mini loveseat 48.obj,FIN-OCN-MIN-LOV-48,not_checked,ASM-OCN-MIN-LOV-48-FRAME,SQ2-16,MET-TB22060,RM-MET-2X2-TUBING,2,29,25,45/45,4.8333,1.08,5.22,high,
20 OCEAN mini loveseat 48.obj,FIN-OCN-MIN-LOV-48,not_checked,ASM-OCN-MIN-LOV-48-FRAME,SQ2-16,MET-TB22060,RM-MET-2X2-TUBING,2,27,24.58,45/90,4.5,1.08,4.86,high,compound_long_edges
20 OCEAN mini loveseat 48.obj,FIN-OCN-MIN-LOV-48,not_checked,ASM-OCN-MIN-LOV-48-FRAME,SQ2-16,MET-TB22060,RM-MET-2X2-TUBING,4,20,16,45/45,6.6667,1.08,7.2,high,
20 OCEAN mini loveseat 48.obj,FIN-OCN-MIN-LOV-48,not_checked,ASM-OCN-MIN-LOV-48-FRAME,FB1x0.125,MET-FH181,RM-MET-FLATBAR,5,40,,90/90,16.6667,1.08,18,high,
20 OCEAN mini loveseat 48.obj,FIN-OCN-MIN-LOV-48,not_checked,ASM-OCN-MIN-LOV-48-FRAME,SQ2x1-16,MET-TB21060,RM-MET-2X1-TUBING,3,36,,90/90,9,1.08,9.72,high,
20 OCEAN mini loveseat 48.obj,FIN-OCN-MIN-LOV-48,not_checked,ASM-OCN-MIN-LOV-48-FRAME,RT1.5x0.75-16,MET-TB11234060,RM-MET-15X075-TUBING,2,25,,90/90,4.1667,1.08,4.5,high,
21 OCEAN single chaise lounge.obj,FIN-OCN-SGL-CHS,not_checked,ASM-OCN-SGL-CHS-FRAME,FB1x0.125,MET-FH181,RM-MET-FLATBAR,7,34,,90/90,19.8333,1.08,21.42,high,
21 OCEAN single chaise lounge.obj,FIN-OCN-SGL-CHS,not_checked,ASM-OCN-SGL-CHS-FRAME,SQ2x1-16,MET-TB21060,RM-MET-2X1-TUBING,1,48,,90/90,4,1.08,4.32,high,
21 OCEAN single chaise lounge.obj,FIN-OCN-SGL-CHS,not_checked,ASM-OCN-SGL-CHS-FRAME,SQ2x1-16,MET-TB21060,RM-MET-2X1-TUBING,3,34,,90/90,8.5,1.08,9.18,high,
22 MILAN club chair.obj,FIN-MLN-CLB-CHA,not_checked,ASM-MLN-CLB-CHA-FRAME,SQ1-16,MET-TB11060,,2,36,34,45/45,6,1.08,6.48,high,
22 MILAN club chair.obj,FIN-MLN-CLB-CHA,not_checked,ASM-MLN-CLB-CHA-FRAME,SQ1-16,MET-TB11060,,2,34,32,45/45,5.6667,1.08,6.12,high,
22 MILAN club chair.obj,FIN-MLN-CLB-CHA,not_checked,ASM-MLN-CLB-CHA-FRAME,SQ1-16,MET-TB11060,,2,32,30,45/45,5.3333,1.08,5.76,high,
22 MILAN club chair.obj,FIN-MLN-CLB-CHA,not_checked,ASM-MLN-CLB-CHA-FRAME,SQ1-16,MET-TB11060,,3,30,,90/90,7.5,1.08,8.1,high,
22 MILAN club chair.obj,FIN-MLN-CLB-CHA,not_checked,ASM-MLN-CLB-CHA-FRAME,SQ1-16,MET-TB11060,,1,22,,90/90,1.8333,1.08,1.98,high,
22 MILAN club chair.obj,FIN-MLN-CLB-CHA,not_checked,ASM-MLN-CLB-CHA-FRAME,SQ1-16,MET-TB11060,,1,22,20,45/45,1.8333,1.08,1.98,high,
22 MILAN club chair.obj,FIN-MLN-CLB-CHA,not_checked,ASM-MLN-CLB-CHA-FRAME,SQ1-16,MET-TB11060,,2,19,,90/90,3.1667,1.08,3.42,high,
22 MILAN club chair.obj,FIN-MLN-CLB-CHA,not_checked,ASM-MLN-CLB-CHA-FRAME,SQ1-16,MET-TB11060,,4,17,16,45/90,5.6667,1.08,6.12,high,
22 MILAN club chair.obj,FIN-MLN-CLB-CHA,not_checked,ASM-MLN-CLB-CHA-FRAME,SQ2-16,MET-TB22060,RM-MET-2X2-TUBING,4,28,24,45/45,9.3333,1.08,10.08,high,
22 MILAN club chair.obj,FIN-MLN-CLB-CHA,not_checked,ASM-MLN-CLB-CHA-FRAME,FB1x0.125,MET-FH181,RM-MET-FLATBAR,3,34,,90/90,8.5,1.08,9.18,high,
23 MILAN ottoman 42 x 34.obj,FIN-MLN-OTT-42X34,not_checked,ASM-MLN-OTT-42X34-FRAME,SQ1-16,MET-TB11060,,2,42,40,45/45,7,1.08,7.56,high,
23 MILAN ottoman 42 x 34.obj,FIN-MLN-OTT-42X34,not_checked,ASM-MLN-OTT-42X34-FRAME,SQ1-16,MET-TB11060,,3,40,,90/90,10,1.08,10.8,high,
23 MILAN ottoman 42 x 34.obj,FIN-MLN-OTT-42X34,not_checked,ASM-MLN-OTT-42X34-FRAME,SQ1-16,MET-TB11060,,2,34,32,45/45,5.6667,1.08,6.12,high,
23 MILAN ottoman 42 x 34.obj,FIN-MLN-OTT-42X34,not_checked,ASM-MLN-OTT-42X34-FRAME,FB1x0.125,MET-FH181,RM-MET-FLATBAR,4,34,,90/90,11.3333,1.08,12.24,high,
23 MILAN ottoman 42 x 34.obj,FIN-MLN-OTT-42X34,not_checked,ASM-MLN-OTT-42X34-FRAME,SQ2-16,MET-TB22060,RM-MET-2X2-TUBING,2,34,30,45/45,5.6667,1.08,6.12,high,
23 MILAN ottoman 42 x 34.obj,FIN-MLN-OTT-42X34,not_checked,ASM-MLN-OTT-42X34-FRAME,SQ2-16,MET-TB22060,RM-MET-2X2-TUBING,2,28,24,45/45,4.6667,1.08,5.04,high,
24 MILAN on sided sofa 60.obj,FIN-MLN-SOF-60,not_checked,ASM-MLN-SOF-60-FRAME,SQ1-16,MET-TB11060,,2,60,58,45/45,10,1.08,10.8,high,
24 MILAN on sided sofa 60.obj,FIN-MLN-SOF-60,not_checked,ASM-MLN-SOF-60-FRAME,SQ1-16,MET-TB11060,,3,58,,90/90,14.5,1.08,15.66,high,
24 MILAN on sided sofa 60.obj,FIN-MLN-SOF-60,not_checked,ASM-MLN-SOF-60-FRAME,SQ1-16,MET-TB11060,,1,52,50,45/45,4.3333,1.08,4.68,high,
24 MILAN on sided sofa 60.obj,FIN-MLN-SOF-60,not_checked,ASM-MLN-SOF-60-FRAME,SQ1-16,MET-TB11060,,1,50,,90/90,4.1667,1.08,4.5,high,
24 MILAN on sided sofa 60.obj,FIN-MLN-SOF-60,not_checked,ASM-MLN-SOF-60-FRAME,SQ1-16,MET-TB11060,,2,36,34,45/45,6,1.08,6.48,high,
24 MILAN on sided sofa 60.obj,FIN-MLN-SOF-60,not_checked,ASM-MLN-SOF-60-FRAME,SQ1-16,MET-TB11060,,2,19,18,45/90,3.1667,1.08,3.42,high,
24 MILAN on sided sofa 60.obj,FIN-MLN-SOF-60,not_checked,ASM-MLN-SOF-60-FRAME,FB1x0.125,MET-FH181,RM-MET-FLATBAR,6,34,,90/90,17,1.08,18.36,high,
24 MILAN on sided sofa 60.obj,FIN-MLN-SOF-60,not_checked,ASM-MLN-SOF-60-FRAME,SQ2-16,MET-TB22060,RM-MET-2X2-TUBING,2,52,48,45/45,8.6667,1.08,9.36,high,
24 MILAN on sided sofa 60.obj,FIN-MLN-SOF-60,not_checked,ASM-MLN-SOF-60-FRAME,SQ2-16,MET-TB22060,RM-MET-2X2-TUBING,2,28,24,45/45,4.6667,1.08,5.04,high,
25 MILAN double sided sofa 60.obj,FIN-MLN-SOF-60,not_checked,ASM-MLN-SOF-60-FRAME,SQ1-16,MET-TB11060,,2,60,58,45/45,10,1.08,10.8,high,
25 MILAN double sided sofa 60.obj,FIN-MLN-SOF-60,not_checked,ASM-MLN-SOF-60-FRAME,SQ1-16,MET-TB11060,,2,60,57.97,45/45,10,1.08,10.8,high,
25 MILAN double sided sofa 60.obj,FIN-MLN-SOF-60,not_checked,ASM-MLN-SOF-60-FRAME,SQ1-16,MET-TB11060,,5,58,,90/90,24.1667,1.08,26.1,high,
25 MILAN double sided sofa 60.obj,FIN-MLN-SOF-60,not_checked,ASM-MLN-SOF-60-FRAME,SQ1-16,MET-TB11060,,1,52,50,45/45,4.3333,1.08,4.68,high,
25 MILAN double sided sofa 60.obj,FIN-MLN-SOF-60,not_checked,ASM-MLN-SOF-60-FRAME,SQ1-16,MET-TB11060,,1,50,,90/90,4.1667,1.08,4.5,high,
25 MILAN double sided sofa 60.obj,FIN-MLN-SOF-60,not_checked,ASM-MLN-SOF-60-FRAME,SQ1-16,MET-TB11060,,2,19,18,45/90,3.1667,1.08,3.42,high,
25 MILAN double sided sofa 60.obj,FIN-MLN-SOF-60,not_checked,ASM-MLN-SOF-60-FRAME,FB1x0.125,MET-FH181,RM-MET-FLATBAR,6,59,,90/90,29.5,1.08,31.86,high,
25 MILAN double sided sofa 60.obj,FIN-MLN-SOF-60,not_checked,ASM-MLN-SOF-60-FRAME,SQ2-16,MET-TB22060,RM-MET-2X2-TUBING,4,52,48,45/45,17.3333,1.08,18.72,high,
26 MILAN t shaped sofa.obj,FIN-MLN-SOF,not_checked,ASM-MLN-SOF-FRAME,SQ1-16,MET-TB11060,,2,60,58,45/45,10,1.08,10.8,high,
26 MILAN t shaped sofa.obj,FIN-MLN-SOF,not_checked,ASM-MLN-SOF-FRAME,SQ1-16,MET-TB11060,,2,42,40,45/45,7,1.08,7.56,high,
26 MILAN t shaped sofa.obj,FIN-MLN-SOF,not_checked,ASM-MLN-SOF-FRAME,SQ1-16,MET-TB11060,,5,40,,90/90,16.6667,1.08,18,high,
26 MILAN t shaped sofa.obj,FIN-MLN-SOF,not_checked,ASM-MLN-SOF-FRAME,SQ1-16,MET-TB11060,,1,34,33,45/90,2.8333,1.08,3.06,high,
26 MILAN t shaped sofa.obj,FIN-MLN-SOF,not_checked,ASM-MLN-SOF-FRAME,SQ1-16,MET-TB11060,,1,32,,90/90,2.6667,1.08,2.88,high,
26 MILAN t shaped sofa.obj,FIN-MLN-SOF,not_checked,ASM-MLN-SOF-FRAME,SQ1-16,MET-TB11060,,1,19,18,45/90,1.5833,1.08,1.71,high,
26 MILAN t shaped sofa.obj,FIN-MLN-SOF,not_checked,ASM-MLN-SOF-FRAME,FB1x0.125,MET-FH181,RM-MET-FLATBAR,4,58,,90/90,19.3333,1.08,20.88,high,
26 MILAN t shaped sofa.obj,FIN-MLN-SOF,not_checked,ASM-MLN-SOF-FRAME,SQ2-16,MET-TB22060,RM-MET-2X2-TUBING,2,52,48,45/45,8.6667,1.08,9.36,high,
26 MILAN t shaped sofa.obj,FIN-MLN-SOF,not_checked,ASM-MLN-SOF-FRAME,SQ2-16,MET-TB22060,RM-MET-2X2-TUBING,2,34,30,45/45,5.6667,1.08,6.12,high,
27  OCEAN round side table 36 Diameter.obj,FIN-OCN-SID-TAB-36,not_checked,ASM-OCN-SID-TAB-36-FRAME,UNMAPPED,,,1,32.85,,90/90,2.7375,1.08,2.9565,unmapped,unmapped_section
27  OCEAN round side table 36 Diameter.obj,FIN-OCN-SID-TAB-36,not_checked,ASM-OCN-SID-TAB-36-FRAME,UNMAPPED,,,1,15.96,,90/90,1.33,1.08,1.4364,unmapped,unmapped_section
27  OCEAN round side table 36 Diameter.obj,FIN-OCN-SID-TAB-36,not_checked,ASM-OCN-SID-TAB-36-FRAME,UNMAPPED,,,1,15.42,,90/90,1.285,1.08,1.3878,unmapped,unmapped_section
27  OCEAN round side table 36 Diameter.obj,FIN-OCN-SID-TAB-36,not_checked,ASM-OCN-SID-TAB-36-FRAME,UNMAPPED,,,4,13,,90/90,4.3333,1.08,4.68,unmapped,unmapped_section
28 Bravada coffee table 42 x 28.obj,FIN-BRV-COF-TAB-42X28,not_checked,ASM-BRV-COF-TAB-42X28-FRAME,SQ2-16,MET-TB22060,RM-MET-2X2-TUBING,3,38,,90/90,9.5,1.08,10.26,high,
28 Bravada coffee table 42 x 28.obj,FIN-BRV-COF-TAB-42X28,not_checked,ASM-BRV-COF-TAB-42X28-FRAME,SQ2-16,MET-TB22060,RM-MET-2X2-TUBING,4,28,24,45/45,9.3333,1.08,10.08,high,
28 Bravada coffee table 42 x 28.obj,FIN-BRV-COF-TAB-42X28,not_checked,ASM-BRV-COF-TAB-42X28-FRAME,SQ2-16,MET-TB22060,RM-MET-2X2-TUBING,4,15,11,45/45,5,1.08,5.4,high,
29 BRAVADA side table 20 x 20.obj,FIN-BRV-SID-TAB-20,not_checked,ASM-BRV-SID-TAB-20-FRAME,SQ2-16,MET-TB22060,RM-MET-2X2-TUBING,4,20,16,45/45,6.6667,1.08,7.2,high,
29 BRAVADA side table 20 x 20.obj,FIN-BRV-SID-TAB-20,not_checked,ASM-BRV-SID-TAB-20-FRAME,SQ2-16,MET-TB22060,RM-MET-2X2-TUBING,2,16,,90/90,2.6667,1.08,2.88,high,
29 BRAVADA side table 20 x 20.obj,FIN-BRV-SID-TAB-20,not_checked,ASM-BRV-SID-TAB-20-FRAME,SQ2-16,MET-TB22060,RM-MET-2X2-TUBING,4,15,11,45/45,5,1.08,5.4,high,
30 OCEAN coffe table 56 x 28.obj,FIN-OCN-TAB-56X28,not_checked,ASM-OCN-TAB-56X28-FRAME,UNMAPPED,,,3,15,,90/90,3.75,1.08,4.05,unmapped,unmapped_section
31 Fly table 34 x 12.obj,FIN-FLY-TAB-34X12,not_checked,ASM-FLY-TAB-34X12-FRAME,SQ2-16,MET-TB22060,RM-MET-2X2-TUBING,1,32,28,45/45,2.6667,1.08,2.88,high,
31 Fly table 34 x 12.obj,FIN-FLY-TAB-34X12,not_checked,ASM-FLY-TAB-34X12-FRAME,SQ2-16,MET-TB22060,RM-MET-2X2-TUBING,2,12,8,45/45,2,1.08,2.16,high,
31 Fly table 34 x 12.obj,FIN-FLY-TAB-34X12,not_checked,ASM-FLY-TAB-34X12-FRAME,FB1x0.25,MET-FH141,,3,8,,90/90,2,1.08,2.16,high,
32 Triangle side table 32 x 32.obj,FIN-TRI-SID-TAB-32,not_checked,ASM-TRI-SID-TAB-32-FRAME,UNMAPPED,,,1,23.17,1,45/90,1.9308,1.08,2.0853,unmapped,unmapped_section
32 Triangle side table 32 x 32.obj,FIN-TRI-SID-TAB-32,not_checked,ASM-TRI-SID-TAB-32-FRAME,UNMAPPED,,,1,14.17,1,45/90,1.1808,1.08,1.2753,unmapped,unmapped_section
32 Triangle side table 32 x 32.obj,FIN-TRI-SID-TAB-32,not_checked,ASM-TRI-SID-TAB-32-FRAME,UNMAPPED,,,1,5.17,1,45/90,0.4308,1.08,0.4653,unmapped,unmapped_section
32 Triangle side table 32 x 32.obj,FIN-TRI-SID-TAB-32,not_checked,ASM-TRI-SID-TAB-32-FRAME,UNMAPPED,,,2,11,,90/90,1.8333,1.08,1.98,unmapped,unmapped_section
32 Triangle side table 32 x 32.obj,FIN-TRI-SID-TAB-32,not_checked,ASM-TRI-SID-TAB-32-FRAME,SQ2-16,MET-TB22060,RM-MET-2X2-TUBING,1,11,,90/90,0.9167,1.08,0.99,high,
33 T table 13 x 30.obj,FIN-MIS-TAB-13X30,not_checked,ASM-MIS-TAB-13X30-FRAME,UNMAPPED,,,4,30,,90/90,10,1.08,10.8,unmapped,unmapped_section
33 T table 13 x 30.obj,FIN-MIS-TAB-13X30,not_checked,ASM-MIS-TAB-13X30-FRAME,UNMAPPED,,,2,13,,90/90,2.1667,1.08,2.34,unmapped,unmapped_section
33 T table 13 x 30.obj,FIN-MIS-TAB-13X30,not_checked,ASM-MIS-TAB-13X30-FRAME,UNMAPPED,,,1,10,,90/90,0.8333,1.08,0.9,unmapped,unmapped_section
33 T table 13 x 30.obj,FIN-MIS-TAB-13X30,not_checked,ASM-MIS-TAB-13X30-FRAME,RT1.5x0.75-16,MET-TB11234060,RM-MET-15X075-TUBING,3,10,,90/90,2.5,1.08,2.7,high,
34 Waterfall side table 40 x 13.obj,FIN-WFT-SID-TAB-40X13,not_checked,ASM-WFT-SID-TAB-40X13-FRAME,,,,0,,,,0,1.08,0,fused_mesh,assumed_16_ga|envelope_ok
35 Daisy base round table  table.obj,FIN-DAI-RND-TAB,not_checked,ASM-DAI-RND-TAB-FRAME,UNMAPPED,,,1,47.94,,90/90,3.995,1.08,4.3146,unmapped,unmapped_section
35 Daisy base round table  table.obj,FIN-DAI-RND-TAB,not_checked,ASM-DAI-RND-TAB-FRAME,UNMAPPED,,,4,26,,90/90,8.6667,1.08,9.36,unmapped,unmapped_section
35 Daisy base round table  table.obj,FIN-DAI-RND-TAB,not_checked,ASM-DAI-RND-TAB-FRAME,UNMAPPED,,,1,23.56,,90/90,1.9633,1.08,2.1204,unmapped,unmapped_section
36 Daisy base table 120 x 42 bar height.obj,FIN-DAI-TAB-120X42,not_checked,ASM-DAI-TAB-120X42-FRAME,SQ2-16,MET-TB22060,RM-MET-2X2-TUBING,2,96,92,45/45,16,1.08,17.28,high,
36 Daisy base table 120 x 42 bar height.obj,FIN-DAI-TAB-120X42,not_checked,ASM-DAI-TAB-120X42-FRAME,SQ2-16,MET-TB22060,RM-MET-2X2-TUBING,2,92,88,45/45,15.3333,1.08,16.56,high,
36 Daisy base table 120 x 42 bar height.obj,FIN-DAI-TAB-120X42,not_checked,ASM-DAI-TAB-120X42-FRAME,SQ2-16,MET-TB22060,RM-MET-2X2-TUBING,6,38,,90/90,19,1.08,20.52,high,
36 Daisy base table 120 x 42 bar height.obj,FIN-DAI-TAB-120X42,not_checked,ASM-DAI-TAB-120X42-FRAME,SQ2-16,MET-TB22060,RM-MET-2X2-TUBING,2,18,14,45/45,3,1.08,3.24,high,
36 Daisy base table 120 x 42 bar height.obj,FIN-DAI-TAB-120X42,not_checked,ASM-DAI-TAB-120X42-FRAME,SQ2-16,MET-TB22060,RM-MET-2X2-TUBING,2,14,10,45/45,2.3333,1.08,2.52,high,
36 Daisy base table 120 x 42 bar height.obj,FIN-DAI-TAB-120X42,not_checked,ASM-DAI-TAB-120X42-FRAME,SQ2x1-16,MET-TB21060,RM-MET-2X1-TUBING,1,44,,90/90,3.6667,1.08,3.96,high,
36 Daisy base table 120 x 42 bar height.obj,FIN-DAI-TAB-120X42,not_checked,ASM-DAI-TAB-120X42-FRAME,SQ2x1-16,MET-TB21060,RM-MET-2X1-TUBING,2,32,,90/90,5.3333,1.08,5.76,high,
36 Daisy base table 120 x 42 bar height.obj,FIN-DAI-TAB-120X42,not_checked,ASM-DAI-TAB-120X42-FRAME,SQ2x1-16,MET-TB21060,RM-MET-2X1-TUBING,2,31,,90/90,5.1667,1.08,5.58,high,
37 BROOKLYN table bar height 120 x 28..obj,FIN-BRK-TAB-120X28,not_checked,ASM-BRK-TAB-120X28-FRAME,RT1.5x0.75-16,MET-TB11234060,RM-MET-15X075-TUBING,3,112.5,,90/90,28.125,1.08,30.375,high,
37 BROOKLYN table bar height 120 x 28..obj,FIN-BRK-TAB-120X28,not_checked,ASM-BRK-TAB-120X28-FRAME,RT1.5x0.75-16,MET-TB11234060,RM-MET-15X075-TUBING,2,26,,90/90,4.3333,1.08,4.68,high,
37 BROOKLYN table bar height 120 x 28..obj,FIN-BRK-TAB-120X28,not_checked,ASM-BRK-TAB-120X28-FRAME,RT1.5x0.75-16,MET-TB11234060,RM-MET-15X075-TUBING,4,25,,90/90,8.3333,1.08,9,high,
37 BROOKLYN table bar height 120 x 28..obj,FIN-BRK-TAB-120X28,not_checked,ASM-BRK-TAB-120X28-FRAME,UNMAPPED,,,6,26,,90/90,13,1.08,14.04,unmapped,unmapped_section
38 Star leg table 36 x 36 bar height.obj,FIN-STA-TAB-36,not_checked,ASM-STA-TAB-36-FRAME,SQ2-16,MET-TB22060,RM-MET-2X2-TUBING,1,24,,45/45,2,1.08,2.16,high,
38 Star leg table 36 x 36 bar height.obj,FIN-STA-TAB-36,not_checked,ASM-STA-TAB-36-FRAME,SQ2-16,MET-TB22060,RM-MET-2X2-TUBING,2,10.5,,45/45,1.75,1.08,1.89,high,
38 Star leg table 36 x 36 bar height.obj,FIN-STA-TAB-36,not_checked,ASM-STA-TAB-36-FRAME,UNMAPPED,,,1,38,,90/90,3.1667,1.08,3.42,unmapped,unmapped_section
38 Star leg table 36 x 36 bar height.obj,FIN-STA-TAB-36,not_checked,ASM-STA-TAB-36-FRAME,RT1.5x0.75-16,MET-TB11234060,RM-MET-15X075-TUBING,2,16.25,,90/90,2.7083,1.08,2.925,high,
38 Star leg table 36 x 36 bar height.obj,FIN-STA-TAB-36,not_checked,ASM-STA-TAB-36-FRAME,UNMAPPED,,,1,9,,90/90,0.75,1.08,0.81,unmapped,unmapped_section
39 Waterfall table 120 x 28 bar height.obj,FIN-WFT-TAB-120X28,not_checked,ASM-WFT-TAB-120X28-FRAME,SQ2-16,MET-TB22060,RM-MET-2X2-TUBING,2,118,114,45/45,19.6667,1.08,21.24,high,
39 Waterfall table 120 x 28 bar height.obj,FIN-WFT-TAB-120X28,not_checked,ASM-WFT-TAB-120X28-FRAME,SQ2-16,MET-TB22060,RM-MET-2X2-TUBING,3,41,37,45/45,10.25,1.08,11.07,high,compound_long_edges
39 Waterfall table 120 x 28 bar height.obj,FIN-WFT-TAB-120X28,not_checked,ASM-WFT-TAB-120X28-FRAME,SQ2-16,MET-TB22060,RM-MET-2X2-TUBING,2,26,22,45/45,4.3333,1.08,4.68,high,
39 Waterfall table 120 x 28 bar height.obj,FIN-WFT-TAB-120X28,not_checked,ASM-WFT-TAB-120X28-FRAME,SQ2-16,MET-TB22060,RM-MET-2X2-TUBING,6,22,,90/90,11,1.08,11.88,high,
39 Waterfall table 120 x 28 bar height.obj,FIN-WFT-TAB-120X28,not_checked,ASM-WFT-TAB-120X28-FRAME,SQ2x1-16,MET-TB21060,RM-MET-2X1-TUBING,4,22,,90/90,7.3333,1.08,7.92,high,
40 Daisy base fire pit dining table 84 x 56.obj,FIN-DAI-FIR-TAB-84X56,not_checked,ASM-DAI-FIR-TAB-84X56-FRAME,SQ2-16,MET-TB22060,RM-MET-2X2-TUBING,1,62,58,45/45,5.1667,1.08,5.58,high,
40 Daisy base fire pit dining table 84 x 56.obj,FIN-DAI-FIR-TAB-84X56,not_checked,ASM-DAI-FIR-TAB-84X56-FRAME,SQ2-16,MET-TB22060,RM-MET-2X2-TUBING,1,58,54,45/45,4.8333,1.08,5.22,high,
40 Daisy base fire pit dining table 84 x 56.obj,FIN-DAI-FIR-TAB-84X56,not_checked,ASM-DAI-FIR-TAB-84X56-FRAME,SQ2-16,MET-TB22060,RM-MET-2X2-TUBING,1,58,,90/90,4.8333,1.08,5.22,high,
40 Daisy base fire pit dining table 84 x 56.obj,FIN-DAI-FIR-TAB-84X56,not_checked,ASM-DAI-FIR-TAB-84X56-FRAME,SQ2-16,MET-TB22060,RM-MET-2X2-TUBING,2,33,31,45/90,5.5,1.08,5.94,high,
40 Daisy base fire pit dining table 84 x 56.obj,FIN-DAI-FIR-TAB-84X56,not_checked,ASM-DAI-FIR-TAB-84X56-FRAME,SQ2-16,MET-TB22060,RM-MET-2X2-TUBING,2,29,25,45/45,4.8333,1.08,5.22,high,
40 Daisy base fire pit dining table 84 x 56.obj,FIN-DAI-FIR-TAB-84X56,not_checked,ASM-DAI-FIR-TAB-84X56-FRAME,SQ2-16,MET-TB22060,RM-MET-2X2-TUBING,2,29,,90/90,4.8333,1.08,5.22,high,
40 Daisy base fire pit dining table 84 x 56.obj,FIN-DAI-FIR-TAB-84X56,not_checked,ASM-DAI-FIR-TAB-84X56-FRAME,SQ2-16,MET-TB22060,RM-MET-2X2-TUBING,6,26,,90/90,13,1.08,14.04,high,
40 Daisy base fire pit dining table 84 x 56.obj,FIN-DAI-FIR-TAB-84X56,not_checked,ASM-DAI-FIR-TAB-84X56-FRAME,SQ2-16,MET-TB22060,RM-MET-2X2-TUBING,2,19,17,45/90,3.1667,1.08,3.42,high,
40 Daisy base fire pit dining table 84 x 56.obj,FIN-DAI-FIR-TAB-84X56,not_checked,ASM-DAI-FIR-TAB-84X56-FRAME,SQ2x1-16,MET-TB21060,RM-MET-2X1-TUBING,2,58,,90/90,9.6667,1.08,10.44,high,
40 Daisy base fire pit dining table 84 x 56.obj,FIN-DAI-FIR-TAB-84X56,not_checked,ASM-DAI-FIR-TAB-84X56-FRAME,SQ2x1-16,MET-TB21060,RM-MET-2X1-TUBING,2,49,,90/90,8.1667,1.08,8.82,high,
40 Daisy base fire pit dining table 84 x 56.obj,FIN-DAI-FIR-TAB-84X56,not_checked,ASM-DAI-FIR-TAB-84X56-FRAME,SQ2x1-16,MET-TB21060,RM-MET-2X1-TUBING,4,18.5,,90/90,6.1667,1.08,6.66,high,
40 Daisy base fire pit dining table 84 x 56.obj,FIN-DAI-FIR-TAB-84X56,not_checked,ASM-DAI-FIR-TAB-84X56-FRAME,SQ2x1-16,MET-TB21060,RM-MET-2X1-TUBING,2,10,,90/90,1.6667,1.08,1.8,high,
41 Propane fire pit table 56 x 42.obj,FIN-MIS-FIR-TAB-56X42,not_checked,ASM-MIS-FIR-TAB-56X42-FRAME,SQ1-16,MET-TB11060,,2,20,18.5,45/45,3.3333,1.08,3.6,high,
41 Propane fire pit table 56 x 42.obj,FIN-MIS-FIR-TAB-56X42,not_checked,ASM-MIS-FIR-TAB-56X42-FRAME,SQ1-16,MET-TB11060,,4,19,17.5,45/45,6.3333,1.08,6.84,high,
41 Propane fire pit table 56 x 42.obj,FIN-MIS-FIR-TAB-56X42,not_checked,ASM-MIS-FIR-TAB-56X42-FRAME,RT1.5x0.75-16,MET-TB11234060,RM-MET-15X075-TUBING,2,34,,90/90,5.6667,1.08,6.12,high,
41 Propane fire pit table 56 x 42.obj,FIN-MIS-FIR-TAB-56X42,not_checked,ASM-MIS-FIR-TAB-56X42-FRAME,RT1.5x0.75-16,MET-TB11234060,RM-MET-15X075-TUBING,2,8.5,,90/90,1.4167,1.08,1.53,high,
42 Waterfall fire pit table  56 x 36.obj,FIN-WFT-FIR-TAB-56X36,not_checked,ASM-WFT-FIR-TAB-56X36-FRAME,SQ2-16,MET-TB22060,RM-MET-2X2-TUBING,4,54.34,50.34,45/45,18.1133,1.08,19.5624,high,
42 Waterfall fire pit table  56 x 36.obj,FIN-WFT-FIR-TAB-56X36,not_checked,ASM-WFT-FIR-TAB-56X36-FRAME,SQ2-16,MET-TB22060,RM-MET-2X2-TUBING,3,24,,90/90,6,1.08,6.48,high,
42 Waterfall fire pit table  56 x 36.obj,FIN-WFT-FIR-TAB-56X36,not_checked,ASM-WFT-FIR-TAB-56X36-FRAME,SQ2-16,MET-TB22060,RM-MET-2X2-TUBING,4,15,11,45/45,5,1.08,5.4,high,
42 Waterfall fire pit table  56 x 36.obj,FIN-WFT-FIR-TAB-56X36,not_checked,ASM-WFT-FIR-TAB-56X36-FRAME,SQ2-16,MET-TB22060,RM-MET-2X2-TUBING,3,11,,90/90,2.75,1.08,2.97,high,
43 Dining bench w no arms 72 x 22.obj,FIN-MIS-DIN-BCH-72X22,not_checked,ASM-MIS-DIN-BCH-72X22-FRAME,SQ2-16,MET-TB22060,RM-MET-2X2-TUBING,2,68,,90/90,11.3333,1.08,12.24,high,
43 Dining bench w no arms 72 x 22.obj,FIN-MIS-DIN-BCH-72X22,not_checked,ASM-MIS-DIN-BCH-72X22-FRAME,SQ2-16,MET-TB22060,RM-MET-2X2-TUBING,4,22,18,45/45,7.3333,1.08,7.92,high,
43 Dining bench w no arms 72 x 22.obj,FIN-MIS-DIN-BCH-72X22,not_checked,ASM-MIS-DIN-BCH-72X22-FRAME,SQ2-16,MET-TB22060,RM-MET-2X2-TUBING,4,18,14,45/45,6,1.08,6.48,high,
43 Dining bench w no arms 72 x 22.obj,FIN-MIS-DIN-BCH-72X22,not_checked,ASM-MIS-DIN-BCH-72X22-FRAME,SQ2-16,MET-TB22060,RM-MET-2X2-TUBING,2,18,,90/90,3,1.08,3.24,high,
43 Dining bench w no arms 72 x 22.obj,FIN-MIS-DIN-BCH-72X22,not_checked,ASM-MIS-DIN-BCH-72X22-FRAME,RT1.5x0.75-16,MET-TB11234060,RM-MET-15X075-TUBING,8,18,,90/90,12,1.08,12.96,high,
43 Dining bench w no arms 72 x 22.obj,FIN-MIS-DIN-BCH-72X22,not_checked,ASM-MIS-DIN-BCH-72X22-FRAME,FB1x0.125,MET-FH181,RM-MET-FLATBAR,2,68,,90/90,11.3333,1.08,12.24,high,
44 Fly leg barstool 18 x 18 bar height.obj,FIN-FLY-FLY-BST-18,not_checked,ASM-FLY-FLY-BST-18-FRAME,UNMAPPED,,,2,25.25,1.5,45/90,4.2083,1.08,4.545,unmapped,unmapped_section
44 Fly leg barstool 18 x 18 bar height.obj,FIN-FLY-FLY-BST-18,not_checked,ASM-FLY-FLY-BST-18-FRAME,FB1x0.125,MET-FH181,RM-MET-FLATBAR,3,15,,90/90,3.75,1.08,4.05,high,
44 Fly leg barstool 18 x 18 bar height.obj,FIN-FLY-FLY-BST-18,not_checked,ASM-FLY-FLY-BST-18-FRAME,SQ1-16,MET-TB11060,,1,18,16.5,45/45,1.5,1.08,1.62,high,
44 Fly leg barstool 18 x 18 bar height.obj,FIN-FLY-FLY-BST-18,not_checked,ASM-FLY-FLY-BST-18-FRAME,UNMAPPED,,,1,18,,90/90,1.5,1.08,1.62,unmapped,unmapped_section
44 Fly leg barstool 18 x 18 bar height.obj,FIN-FLY-FLY-BST-18,not_checked,ASM-FLY-FLY-BST-18-FRAME,RT1.5x0.75-16,MET-TB11234060,RM-MET-15X075-TUBING,1,15,,90/90,1.25,1.08,1.35,high,
45 Fly leg bench 42 x 18 dining height.obj,FIN-FLY-BCH-42X18,not_checked,ASM-FLY-BCH-42X18-FRAME,SQ2-16,MET-TB22060,RM-MET-2X2-TUBING,3,42,38,45/45,10.5,1.08,11.34,high,
45 Fly leg bench 42 x 18 dining height.obj,FIN-FLY-BCH-42X18,not_checked,ASM-FLY-BCH-42X18-FRAME,SQ2-16,MET-TB22060,RM-MET-2X2-TUBING,4,18,14,45/45,6,1.08,6.48,high,compound_long_edges
45 Fly leg bench 42 x 18 dining height.obj,FIN-FLY-BCH-42X18,not_checked,ASM-FLY-BCH-42X18-FRAME,SQ2-16,MET-TB22060,RM-MET-2X2-TUBING,2,12,10,45/90,2,1.08,2.16,high,
45 Fly leg bench 42 x 18 dining height.obj,FIN-FLY-BCH-42X18,not_checked,ASM-FLY-BCH-42X18-FRAME,FB1x0.125,MET-FH181,RM-MET-FLATBAR,3,38,,90/90,9.5,1.08,10.26,high,
45 Fly leg bench 42 x 18 dining height.obj,FIN-FLY-BCH-42X18,not_checked,ASM-FLY-BCH-42X18-FRAME,RT1.5x0.75-16,MET-TB11234060,RM-MET-15X075-TUBING,3,14,,90/90,3.5,1.08,3.78,high,
46 Half back barstool 17 x 21 bar height.obj,FIN-MIS-FLY-BST-17X21,not_checked,ASM-MIS-FLY-BST-17X21-FRAME,RT1.5x0.75-16,MET-TB11234060,RM-MET-15X075-TUBING,1,25.5,,90/90,2.125,1.08,2.295,high,
46 Half back barstool 17 x 21 bar height.obj,FIN-MIS-FLY-BST-17X21,not_checked,ASM-MIS-FLY-BST-17X21-FRAME,RT1.5x0.75-16,MET-TB11234060,RM-MET-15X075-TUBING,1,18,,90/90,1.5,1.08,1.62,high,
46 Half back barstool 17 x 21 bar height.obj,FIN-MIS-FLY-BST-17X21,not_checked,ASM-MIS-FLY-BST-17X21-FRAME,RT1.5x0.75-16,MET-TB11234060,RM-MET-15X075-TUBING,3,14,,90/90,3.5,1.08,3.78,high,
46 Half back barstool 17 x 21 bar height.obj,FIN-MIS-FLY-BST-17X21,not_checked,ASM-MIS-FLY-BST-17X21-FRAME,FB1x0.125,MET-FH181,RM-MET-FLATBAR,4,14,,90/90,4.6667,1.08,5.04,high,
46 Half back barstool 17 x 21 bar height.obj,FIN-MIS-FLY-BST-17X21,not_checked,ASM-MIS-FLY-BST-17X21-FRAME,UNMAPPED,,,2,11,1.5,45/90,1.8333,1.08,1.98,unmapped,unmapped_section
47 Taylor bench 72 x 23 bar height.obj,FIN-TAY-BCH-72X23,not_checked,ASM-TAY-BCH-72X23-FRAME,RT1.5x0.75-16,MET-TB11234060,RM-MET-15X075-TUBING,4,69,,90/90,23,1.08,24.84,high,
47 Taylor bench 72 x 23 bar height.obj,FIN-TAY-BCH-72X23,not_checked,ASM-TAY-BCH-72X23-FRAME,RT1.5x0.75-16,MET-TB11234060,RM-MET-15X075-TUBING,2,24.5,,90/90,4.0833,1.08,4.41,high,
47 Taylor bench 72 x 23 bar height.obj,FIN-TAY-BCH-72X23,not_checked,ASM-TAY-BCH-72X23-FRAME,RT1.5x0.75-16,MET-TB11234060,RM-MET-15X075-TUBING,5,20,,90/90,8.3333,1.08,9,high,
47 Taylor bench 72 x 23 bar height.obj,FIN-TAY-BCH-72X23,not_checked,ASM-TAY-BCH-72X23-FRAME,UNMAPPED,,,2,18,1.5,45/90,3,1.08,3.24,unmapped,unmapped_section
48 Taylor chair 19 x 23 dining height.obj,FIN-TAY-DIN-CHA-19X23,not_checked,ASM-TAY-DIN-CHA-19X23-FRAME,RT1.5x0.75-16,MET-TB11234060,RM-MET-15X075-TUBING,1,20,,90/90,1.6667,1.08,1.8,high,
48 Taylor chair 19 x 23 dining height.obj,FIN-TAY-DIN-CHA-19X23,not_checked,ASM-TAY-DIN-CHA-19X23-FRAME,RT1.5x0.75-16,MET-TB11234060,RM-MET-15X075-TUBING,3,16,,90/90,4,1.08,4.32,high,
48 Taylor chair 19 x 23 dining height.obj,FIN-TAY-DIN-CHA-19X23,not_checked,ASM-TAY-DIN-CHA-19X23-FRAME,RT1.5x0.75-16,MET-TB11234060,RM-MET-15X075-TUBING,1,12.5,,90/90,1.0417,1.08,1.125,high,
48 Taylor chair 19 x 23 dining height.obj,FIN-TAY-DIN-CHA-19X23,not_checked,ASM-TAY-DIN-CHA-19X23-FRAME,UNMAPPED,,,2,18,1.5,45/90,3,1.08,3.24,unmapped,unmapped_section
49 BRAVADA Rounded bench 96 x 34.obj,FIN-BRV-BCH-96X34,not_checked,ASM-BRV-BCH-96X34-FRAME,SQ2x1-16,MET-TB21060,RM-MET-2X1-TUBING,4,8,,90/90,2.6667,1.08,2.88,high,
50 BRAVADA ottoman 30 x 22.obj,FIN-BRV-OTT-30X22,not_checked,ASM-BRV-OTT-30X22-FRAME,SQ2-16,MET-TB22060,RM-MET-2X2-TUBING,2,30,26,45/45,5,1.08,5.4,high,
50 BRAVADA ottoman 30 x 22.obj,FIN-BRV-OTT-30X22,not_checked,ASM-BRV-OTT-30X22-FRAME,SQ2-16,MET-TB22060,RM-MET-2X2-TUBING,2,22,18,45/45,3.6667,1.08,3.96,high,
50 BRAVADA ottoman 30 x 22.obj,FIN-BRV-OTT-30X22,not_checked,ASM-BRV-OTT-30X22-FRAME,SQ2-16,MET-TB22060,RM-MET-2X2-TUBING,4,8,,90/90,2.6667,1.08,2.88,high,
50 BRAVADA ottoman 30 x 22.obj,FIN-BRV-OTT-30X22,not_checked,ASM-BRV-OTT-30X22-FRAME,FB1x0.125,MET-FH181,RM-MET-FLATBAR,1,26,,90/90,2.1667,1.08,2.34,high,
50 BRAVADA ottoman 30 x 22.obj,FIN-BRV-OTT-30X22,not_checked,ASM-BRV-OTT-30X22-FRAME,FB1x0.125,MET-FH181,RM-MET-FLATBAR,2,18,,90/90,3,1.08,3.24,high,
51 BROOKLYN ottoman 42 x 22.obj,FIN-BRK-OTT-42X22,not_checked,ASM-BRK-OTT-42X22-FRAME,FB1x0.125,MET-FH181,RM-MET-FLATBAR,1,38,,90/90,3.1667,1.08,3.42,high,
51 BROOKLYN ottoman 42 x 22.obj,FIN-BRK-OTT-42X22,not_checked,ASM-BRK-OTT-42X22-FRAME,FB1x0.125,MET-FH181,RM-MET-FLATBAR,3,18,,90/90,4.5,1.08,4.86,high,
51 BROOKLYN ottoman 42 x 22.obj,FIN-BRK-OTT-42X22,not_checked,ASM-BRK-OTT-42X22-FRAME,UNMAPPED,,,2,22,,45/45,3.6667,1.08,3.96,unmapped,unmapped_section
52 OCEAN ottoman 30 x 22.obj,FIN-OCN-OTT-30X22,not_checked,ASM-OCN-OTT-30X22-FRAME,SQ2-16,MET-TB22060,RM-MET-2X2-TUBING,2,30,26,45/45,5,1.08,5.4,high,
52 OCEAN ottoman 30 x 22.obj,FIN-OCN-OTT-30X22,not_checked,ASM-OCN-OTT-30X22-FRAME,SQ2-16,MET-TB22060,RM-MET-2X2-TUBING,4,22,18,45/45,7.3333,1.08,7.92,high,
52 OCEAN ottoman 30 x 22.obj,FIN-OCN-OTT-30X22,not_checked,ASM-OCN-OTT-30X22-FRAME,SQ2-16,MET-TB22060,RM-MET-2X2-TUBING,4,8,6,45/90,2.6667,1.08,2.88,high,
52 OCEAN ottoman 30 x 22.obj,FIN-OCN-OTT-30X22,not_checked,ASM-OCN-OTT-30X22-FRAME,FB1x0.125,MET-FH181,RM-MET-FLATBAR,1,26,,90/90,2.1667,1.08,2.34,high,
52 OCEAN ottoman 30 x 22.obj,FIN-OCN-OTT-30X22,not_checked,ASM-OCN-OTT-30X22-FRAME,FB1x0.125,MET-FH181,RM-MET-FLATBAR,2,18,,90/90,3,1.08,3.24,high,
53 Cube ottoman 22 x 22.obj,FIN-MIS-OTT-22,not_checked,ASM-MIS-OTT-22-FRAME,SQ2-16,MET-TB22060,RM-MET-2X2-TUBING,4,22,18,45/45,7.3333,1.08,7.92,high,
53 Cube ottoman 22 x 22.obj,FIN-MIS-OTT-22,not_checked,ASM-MIS-OTT-22-FRAME,FB1x0.125,MET-FH181,RM-MET-FLATBAR,3,18,,90/90,4.5,1.08,4.86,high,
54 Custom storage ottoman 72 x 22.obj,FIN-CUS-OTT-72X22,not_checked,ASM-CUS-OTT-72X22-FRAME,RT1.5x0.75-16,MET-TB11234060,RM-MET-15X075-TUBING,6,18,,90/90,9,1.08,9.72,high,
55 Round swing 60 Diameter.obj,FIN-MIS-SWG-60,not_checked,ASM-MIS-SWG-60-FRAME,SQ2x1-16,MET-TB21060,RM-MET-2X1-TUBING,4,6,,90/90,2,1.08,2.16,high,
56 BRAVADA swing 66 x 42.obj,FIN-BRV-SWG-66X42,not_checked,ASM-BRV-SWG-66X42-FRAME,FB1x0.125,MET-FH181,RM-MET-FLATBAR,7,62,,90/90,36.1667,1.08,39.06,high,
56 BRAVADA swing 66 x 42.obj,FIN-BRV-SWG-66X42,not_checked,ASM-BRV-SWG-66X42-FRAME,SQ2-16,MET-TB22060,RM-MET-2X2-TUBING,2,66,62,45/45,11,1.08,11.88,high,
56 BRAVADA swing 66 x 42.obj,FIN-BRV-SWG-66X42,not_checked,ASM-BRV-SWG-66X42-FRAME,SQ2-16,MET-TB22060,RM-MET-2X2-TUBING,2,62,,90/90,10.3333,1.08,11.16,high,
56 BRAVADA swing 66 x 42.obj,FIN-BRV-SWG-66X42,not_checked,ASM-BRV-SWG-66X42-FRAME,SQ2-16,MET-TB22060,RM-MET-2X2-TUBING,2,40,38,45/90,6.6667,1.08,7.2,high,
56 BRAVADA swing 66 x 42.obj,FIN-BRV-SWG-66X42,not_checked,ASM-BRV-SWG-66X42-FRAME,SQ2-16,MET-TB22060,RM-MET-2X2-TUBING,2,21,17,45/45,3.5,1.08,3.78,high,compound_long_edges
56 BRAVADA swing 66 x 42.obj,FIN-BRV-SWG-66X42,not_checked,ASM-BRV-SWG-66X42-FRAME,SQ2-16,MET-TB22060,RM-MET-2X2-TUBING,2,14,12,45/90,2.3333,1.08,2.52,high,
56 BRAVADA swing 66 x 42.obj,FIN-BRV-SWG-66X42,not_checked,ASM-BRV-SWG-66X42-FRAME,RT1.5x0.75-16,MET-TB11234060,RM-MET-15X075-TUBING,4,38,,90/90,12.6667,1.08,13.68,high,
57 BRAVADA cabana daybed  84 x  84.obj,FIN-BRV-DYB-84,not_checked,ASM-BRV-DYB-84-FRAME,SQ2-16,MET-TB22060,RM-MET-2X2-TUBING,5,84,80,45/45,35,1.08,37.8,high,
57 BRAVADA cabana daybed  84 x  84.obj,FIN-BRV-DYB-84,not_checked,ASM-BRV-DYB-84-FRAME,SQ2-16,MET-TB22060,RM-MET-2X2-TUBING,2,80,,90/90,13.3333,1.08,14.4,high,
57 BRAVADA cabana daybed  84 x  84.obj,FIN-BRV-DYB-84,not_checked,ASM-BRV-DYB-84-FRAME,SQ2-16,MET-TB22060,RM-MET-2X2-TUBING,4,72,68,45/45,24,1.08,25.92,high,
57 BRAVADA cabana daybed  84 x  84.obj,FIN-BRV-DYB-84,not_checked,ASM-BRV-DYB-84-FRAME,SQ2-16,MET-TB22060,RM-MET-2X2-TUBING,2,66,,90/90,11,1.08,11.88,high,
57 BRAVADA cabana daybed  84 x  84.obj,FIN-BRV-DYB-84,not_checked,ASM-BRV-DYB-84-FRAME,SQ2-16,MET-TB22060,RM-MET-2X2-TUBING,2,48,,90/90,8,1.08,8.64,high,
57 BRAVADA cabana daybed  84 x  84.obj,FIN-BRV-DYB-84,not_checked,ASM-BRV-DYB-84-FRAME,SQ2-16,MET-TB22060,RM-MET-2X2-TUBING,2,34,32,45/90,5.6667,1.08,6.12,high,
57 BRAVADA cabana daybed  84 x  84.obj,FIN-BRV-DYB-84,not_checked,ASM-BRV-DYB-84-FRAME,SQ2-16,MET-TB22060,RM-MET-2X2-TUBING,2,33,,90/90,5.5,1.08,5.94,high,
57 BRAVADA cabana daybed  84 x  84.obj,FIN-BRV-DYB-84,not_checked,ASM-BRV-DYB-84-FRAME,SQ2-16,MET-TB22060,RM-MET-2X2-TUBING,2,32,,90/90,5.3333,1.08,5.76,high,
57 BRAVADA cabana daybed  84 x  84.obj,FIN-BRV-DYB-84,not_checked,ASM-BRV-DYB-84-FRAME,SQ2-16,MET-TB22060,RM-MET-2X2-TUBING,2,20,18,45/90,3.3333,1.08,3.6,high,
57 BRAVADA cabana daybed  84 x  84.obj,FIN-BRV-DYB-84,not_checked,ASM-BRV-DYB-84-FRAME,SQ2-16,MET-TB22060,RM-MET-2X2-TUBING,2,18,16,45/90,3,1.08,3.24,high,
57 BRAVADA cabana daybed  84 x  84.obj,FIN-BRV-DYB-84,not_checked,ASM-BRV-DYB-84-FRAME,SQ2-16,MET-TB22060,RM-MET-2X2-TUBING,4,8,,90/90,2.6667,1.08,2.88,high,
57 BRAVADA cabana daybed  84 x  84.obj,FIN-BRV-DYB-84,not_checked,ASM-BRV-DYB-84-FRAME,RT1.5x0.75-16,MET-TB11234060,RM-MET-15X075-TUBING,1,80,,90/90,6.6667,1.08,7.2,high,
57 BRAVADA cabana daybed  84 x  84.obj,FIN-BRV-DYB-84,not_checked,ASM-BRV-DYB-84-FRAME,RT1.5x0.75-16,MET-TB11234060,RM-MET-15X075-TUBING,6,34,,90/90,17,1.08,18.36,high,
57 BRAVADA cabana daybed  84 x  84.obj,FIN-BRV-DYB-84,not_checked,ASM-BRV-DYB-84-FRAME,RT1.5x0.75-16,MET-TB11234060,RM-MET-15X075-TUBING,6,33.25,,90/90,16.625,1.08,17.955,high,
57 BRAVADA cabana daybed  84 x  84.obj,FIN-BRV-DYB-84,not_checked,ASM-BRV-DYB-84-FRAME,FB1x0.125,MET-FH181,RM-MET-FLATBAR,6,80,,90/90,40,1.08,43.2,high,
58 Flexy twin no base.obj,FIN-ESY-MIS,not_checked,ASM-ESY-MIS-FRAME,UNMAPPED,,,10,120,,90/90,100,1.08,108,unmapped,unmapped_section
58 Flexy twin no base.obj,FIN-ESY-MIS,not_checked,ASM-ESY-MIS-FRAME,UNMAPPED,,,4,96,,90/90,32,1.08,34.56,unmapped,unmapped_section
58 Flexy twin no base.obj,FIN-ESY-MIS,not_checked,ASM-ESY-MIS-FRAME,SQ1-16,MET-TB11060,,4,5,,90/90,1.6667,1.08,1.8,high,
59 Flexy Zen shade system no base.obj,FIN-ESY-MIS,not_checked,ASM-ESY-MIS-FRAME,UNMAPPED,,,15,120,,90/90,150,1.08,162,unmapped,unmapped_section
59 Flexy Zen shade system no base.obj,FIN-ESY-MIS,not_checked,ASM-ESY-MIS-FRAME,UNMAPPED,,,2,198.24,,90/90,33.04,1.08,35.6832,unmapped,unmapped_section
59 Flexy Zen shade system no base.obj,FIN-ESY-MIS,not_checked,ASM-ESY-MIS-FRAME,SQ1-16,MET-TB11060,,2,5,,90/90,0.8333,1.08,0.9,high,
"61 Laylo lounger, no risers.obj",FIN-MIS-MIS,not_checked,ASM-MIS-MIS-FRAME,,,,0,,,,0,1.08,0,fused_mesh,assumed_16_ga|envelope_ok
62 Freelo Chair splash.obj,FIN-MIS-CHA,not_checked,ASM-MIS-CHA-FRAME,,,,0,,,,0,1.08,0,fused_mesh,assumed_16_ga|envelope_ok
63 Two shayz Loungers for 5 depth.obj,FIN-MIS-MIS,not_checked,ASM-MIS-MIS-FRAME,,,,0,,,,0,1.08,0,fused_mesh,assumed_16_ga|envelope_ok
64 Moon chair with cup holders.obj,FIN-MIS-CHA,not_checked,ASM-MIS-CHA-FRAME,,,,0,,,,0,1.08,0,fused_mesh,assumed_16_ga|envelope_ok
65 Mibster chair with cup holders.obj,FIN-MIS-CHA,not_checked,ASM-MIS-CHA-FRAME,,,,0,,,,0,1.08,0,fused_mesh,assumed_16_ga|envelope_ok
66 Lido 3M umbrella no base.obj,FIN-MIS-UMB,not_checked,ASM-MIS-UMB-FRAME,,,,0,,,,0,1.08,0,fused_mesh,assumed_16_ga|envelope_ok
67  Cantilever umbrella with base.obj,FIN-CAN-UMB,not_checked,ASM-CAN-UMB-FRAME,,,,0,,,,0,1.08,0,fused_mesh,assumed_16_ga|envelope_ok
