FIN SKU,Identity stem,Family,Missing roles
FIN-BRK-COR-SOF-72X34,BRK-COR-SOF-72X34,seating,FRAME+CUSH
FIN-BRK-COR-SOF-84X34,BRK-COR-SOF-84X34,seating,FRAME+CUSH
FIN-BRK-COR-SOF-96X34,BRK-COR-SOF-96X34,seating,FRAME+CUSH
FIN-BRK-DOU-CHS-58X79,BRK-DOU-CHS-58X79,seating,FRAME+CUSH
FIN-BRK-DOU-CHS-58X79-BE,BRK-DOU-CHS-58X79,seating,FRAME+CUSH
FIN-BRK-DOU-CHS-58X79-BO,BRK-DOU-CHS-58X79,seating,FRAME+CUSH
FIN-BRK-DOU-CHS-58X79-BR,BRK-DOU-CHS-58X79,seating,FRAME+CUSH
FIN-BRK-DOU-CHS-58X79-GR,BRK-DOU-CHS-58X79,seating,FRAME+CUSH
FIN-BRK-DOU-CHS-58X79-WH,BRK-DOU-CHS-58X79,seating,FRAME+CUSH
FIN-BRK-LOV-SOF,,seating,FRAME+CUSH
FIN-BRK-LOV-SOF-BE,,seating,FRAME+CUSH
FIN-BRK-LOV-SOF-BO,,seating,FRAME+CUSH
FIN-BRK-LOV-SOF-BR,,seating,FRAME+CUSH
FIN-BRK-LOV-SOF-GR,,seating,FRAME+CUSH
FIN-BRK-LOV-SOF-WH,,seating,FRAME+CUSH
FIN-BRK-SGL-CHS-38X79,BRK-SGL-CHS-38X79,seating,FRAME+CUSH
FIN-BRK-SGL-CHS-38X79-BE,BRK-SGL-CHS-38X79,seating,FRAME+CUSH
FIN-BRK-SGL-CHS-38X79-BO,BRK-SGL-CHS-38X79,seating,FRAME+CUSH
FIN-BRK-SGL-CHS-38X79-BR,BRK-SGL-CHS-38X79,seating,FRAME+CUSH
FIN-BRK-SGL-CHS-38X79-GR,BRK-SGL-CHS-38X79,seating,FRAME+CUSH
FIN-BRK-SGL-CHS-38X79-WH,BRK-SGL-CHS-38X79,seating,FRAME+CUSH
FIN-BRV-COF-TAB,,table,FRAME
FIN-BRV-COR-SOF-72X34,BRV-COR-SOF-72X34,seating,FRAME+CUSH
FIN-BRV-COR-SOF-84X34,BRV-COR-SOF-84X34,seating,FRAME+CUSH
FIN-BRV-COR-SOF-96X34,BRV-COR-SOF-96X34,seating,FRAME+CUSH
FIN-BRV-DOU-CHS-58X79,BRV-DOU-CHS-58X79,seating,FRAME+CUSH
FIN-BRV-DOU-CHS-58X79-BE,BRV-DOU-CHS-58X79,seating,FRAME+CUSH
FIN-BRV-DOU-CHS-58X79-BO,BRV-DOU-CHS-58X79,seating,FRAME+CUSH
FIN-BRV-DOU-CHS-58X79-BR,BRV-DOU-CHS-58X79,seating,FRAME+CUSH
FIN-BRV-DOU-CHS-58X79-GR,BRV-DOU-CHS-58X79,seating,FRAME+CUSH
FIN-BRV-DOU-CHS-58X79-NOARM,BRV-DOU-CHS-58X79-NOARM,seating,FRAME+CUSH
FIN-BRV-DOU-CHS-58X79-NOARM-BE,BRV-DOU-CHS-58X79-NOARM,seating,FRAME+CUSH
FIN-BRV-DOU-CHS-58X79-NOARM-BO,BRV-DOU-CHS-58X79-NOARM,seating,FRAME+CUSH
FIN-BRV-DOU-CHS-58X79-NOARM-BR,BRV-DOU-CHS-58X79-NOARM,seating,FRAME+CUSH
FIN-BRV-DOU-CHS-58X79-NOARM-GR,BRV-DOU-CHS-58X79-NOARM,seating,FRAME+CUSH
FIN-BRV-DOU-CHS-58X79-NOARM-WH,BRV-DOU-CHS-58X79-NOARM,seating,FRAME+CUSH
FIN-BRV-DOU-CHS-58X79-WH,BRV-DOU-CHS-58X79,seating,FRAME+CUSH
FIN-BRV-DYB-72X72,BRV-DYB-72X72,seating,FRAME+CUSH
FIN-BRV-DYB-72X72-BE,BRV-DYB-72X72,seating,FRAME+CUSH
FIN-BRV-DYB-72X72-BO,BRV-DYB-72X72,seating,FRAME+CUSH
FIN-BRV-DYB-72X72-BR,BRV-DYB-72X72,seating,FRAME+CUSH
FIN-BRV-DYB-72X72-GR,BRV-DYB-72X72,seating,FRAME+CUSH
FIN-BRV-DYB-72X72-WH,BRV-DYB-72X72,seating,FRAME+CUSH
FIN-BRV-SGL-CHS-30X79,BRV-SGL-CHS-30X79,seating,FRAME+CUSH
FIN-BRV-SGL-CHS-30X79-BE,BRV-SGL-CHS-30X79,seating,FRAME+CUSH
FIN-BRV-SGL-CHS-30X79-BO,BRV-SGL-CHS-30X79,seating,FRAME+CUSH
FIN-BRV-SGL-CHS-30X79-BR,BRV-SGL-CHS-30X79,seating,FRAME+CUSH
FIN-BRV-SGL-CHS-30X79-GR,BRV-SGL-CHS-30X79,seating,FRAME+CUSH
FIN-BRV-SGL-CHS-30X79-NOARM,BRV-SGL-CHS-30X79-NOARM,seating,FRAME+CUSH
FIN-BRV-SGL-CHS-30X79-NOARM-BE,BRV-SGL-CHS-30X79-NOARM,seating,FRAME+CUSH
FIN-BRV-SGL-CHS-30X79-NOARM-BO,BRV-SGL-CHS-30X79-NOARM,seating,FRAME+CUSH
FIN-BRV-SGL-CHS-30X79-NOARM-BR,BRV-SGL-CHS-30X79-NOARM,seating,FRAME+CUSH
FIN-BRV-SGL-CHS-30X79-NOARM-GR,BRV-SGL-CHS-30X79-NOARM,seating,FRAME+CUSH
FIN-BRV-SGL-CHS-30X79-NOARM-WH,BRV-SGL-CHS-30X79-NOARM,seating,FRAME+CUSH
FIN-BRV-SGL-CHS-30X79-WH,BRV-SGL-CHS-30X79,seating,FRAME+CUSH
FIN-BRV-SWG-66X42,BRV-SWG-66X42,seating,FRAME+CUSH
FIN-BRV-SWG-66X42-SWINGFRAME,,seating,FRAME+CUSH
FIN-BRV-SWG-72X12,BRV-SWG-72X12,seating,FRAME+CUSH
FIN-BRV-SWG-72X42,BRV-SWG-72X42,seating,FRAME+CUSH
FIN-BRV-SWG-72X42-SWINGFRAME,,seating,FRAME+CUSH
FIN-BRV-SWG-72X42-SWINGFRAME2,,seating,FRAME+CUSH
FIN-BRV-SWG-84,BRV-SWG-84,seating,FRAME+CUSH
FIN-BRV-SWG-84X42,BRV-SWG-84X42,seating,FRAME+CUSH
FIN-BRV-SWG-96X32,BRV-SWG-96X32,seating,FRAME+CUSH
FIN-CAB-MIS-12X24,CAB-MIS-12X24,seating,FRAME+CUSH
FIN-CAB-MIS-17X17,CAB-MIS-17X17,seating,FRAME+CUSH
FIN-CAB-MIS-23X23,CAB-MIS-23X23,seating,FRAME+CUSH
FIN-ESY-CHS,,seating,FRAME+CUSH
FIN-ESY-MIS,,seating,FRAME+CUSH
FIN-ESY-MIS-ADDIRONWOOD,,seating,FRAME+CUSH
FIN-ESY-MIS-TWINBASE,,seating,FRAME+CUSH
FIN-ESY-MIS-UNFABRICATEDDE,,seating,FRAME+CUSH
FIN-ESY-MIS-WEATHERPROOFCO,,seating,FRAME+CUSH
FIN-ESY-MIS-ZENBASE,,seating,FRAME+CUSH
FIN-ESY-MIS-ZENCOVER,,seating,FRAME+CUSH
FIN-ESY-MIS-ZENSHADE,,seating,FRAME+CUSH
FIN-ESY-MIS-ZENSHADE2,,seating,FRAME+CUSH
FIN-ESY-MIS-ZENTWIN,,seating,FRAME+CUSH
FIN-FLY-LEG-BAR-COU-HEI,,seating,FRAME+CUSH
FIN-FLY-TAB-38X8,,table,FRAME
FIN-HAL-BAC-BAR-BAR-HEI,,seating,FRAME+CUSH
FIN-KIN-MIS,,seating,FRAME+CUSH
FIN-KIN-MIS-KINDLELIVING,,seating,FRAME+CUSH
FIN-LED-CHA,,seating,FRAME+CUSH
FIN-LED-SID-TAB,,table,FRAME
FIN-MLN-MIS,,seating,FRAME+CUSH
FIN-MLN-SOF,,seating,FRAME+CUSH
FIN-OCN-COF-TAB-72X42-V23143105,,table,FRAME
FIN-OCN-MIN-LOV,,seating,FRAME+CUSH
FIN-OCN-MIN-LOV-BE-N,,seating,FRAME+CUSH
FIN-OCN-MIN-LOV-BE-Y,,seating,FRAME+CUSH
FIN-OCN-MIN-LOV-BL-Y,,seating,FRAME+CUSH
FIN-OCN-MIN-LOV-BO-N,,seating,FRAME+CUSH
FIN-OCN-MIN-LOV-BO-Y,,seating,FRAME+CUSH
FIN-OCN-MIN-LOV-BR-N,,seating,FRAME+CUSH
FIN-OCN-MIN-LOV-BR-Y,,seating,FRAME+CUSH
FIN-OCN-MIN-LOV-GR-N,,seating,FRAME+CUSH
FIN-OCN-MIN-LOV-GR-Y,,seating,FRAME+CUSH
FIN-OCN-MIN-LOV-WH-N,,seating,FRAME+CUSH
FIN-OCN-MIN-LOV-WH-Y,,seating,FRAME+CUSH
FIN-OCN-SID-TAB-12,OCN-SID-TAB-12,table,FRAME
FIN-OCN-SID-TAB-36X36,OCN-SID-TAB-36X36,table,FRAME
FIN-OCN-SID-TAB-36X36-BE,OCN-SID-TAB-36X36,table,FRAME
FIN-OCN-SID-TAB-36X36-BO,OCN-SID-TAB-36X36,table,FRAME
FIN-OCN-SID-TAB-36X36-BR,OCN-SID-TAB-36X36,table,FRAME
FIN-OCN-SID-TAB-36X36-GR,OCN-SID-TAB-36X36,table,FRAME
FIN-OCN-SID-TAB-36X36-WH,OCN-SID-TAB-36X36,table,FRAME
FIN-TAY-BAR-W-ARM-COU-HEI,,seating,FRAME+CUSH
FIN-TJM-CHA,,seating,FRAME+CUSH
FIN-TJM-CHA-MIBSTERCHAIR,,seating,FRAME+CUSH
FIN-TJM-CHA-MOONCHAIR,,seating,FRAME+CUSH
FIN-TJM-MIS,,seating,FRAME+CUSH
FIN-TJM-MIS-12X17,TJM-MIS-12X17,seating,FRAME+CUSH
FIN-TJM-MIS-13,TJM-MIS-13,seating,FRAME+CUSH
FIN-TJM-MIS-LAYLOLOUNGER,,seating,FRAME+CUSH
FIN-TJM-MIS-ONECOATED,,seating,FRAME+CUSH
FIN-TJM-MIS-PILLOWLOUNGERS,,seating,FRAME+CUSH
FIN-TJM-MIS-TWOCOATED,,seating,FRAME+CUSH
FIN-TJM-MIS-TWOSHAYZ,,seating,FRAME+CUSH
FIN-TJM-MIS-TWOSHAYZ2,,seating,FRAME+CUSH
FIN-TJM-MIS-TWOWOOSAH,,seating,FRAME+CUSH
FIN-TJM-TAB,,table,FRAME
FIN-WFT-DIN-TAB-72X28,WFT-DIN-TAB-72X28,table,FRAME
