Collection Prefix,Official SKU,Original Product Name
BRK,FIN-BRK-BAR-TAB-120X28,"BROOKLYN TABLE (BAR HEIGHT) 28 X 120"
BRK,FIN-BRK-BAR-TAB-120X36,"BROOKLYN TABLE (BAR HEIGHT) 36 X 120"
BRK,FIN-BRK-BAR-TAB-28X120,"BROOKLYN TABLE (BAR HEIGHT) 28"" x 120"" x 42"""
BRK,FIN-BRK-BAR-TAB-28X72,"BROOKLYN TABLE (BAR HEIGHT) 28"" x 72"" x 42"""
BRK,FIN-BRK-BAR-TAB-28X96,"BROOKLYN TABLE (BAR HEIGHT) 28"" x 96"" x 42"""
BRK,FIN-BRK-BAR-TAB-36X120,"BROOKLYN TABLE (BAR HEIGHT) 36"" x 120"" x 42"""
BRK,FIN-BRK-BAR-TAB-36X36,"STAR LEG TABLE (BAR HEIGHT) 36"" x 36"" x 42"""
BRK,FIN-BRK-BAR-TAB-36X72,"BROOKLYN TABLE (BAR HEIGHT) 36"" x 72"" x 42"""
BRK,FIN-BRK-BAR-TAB-36X96,"BROOKLYN TABLE (BAR HEIGHT) 36"" x 96"" x 42"""
BRK,FIN-BRK-BAR-TAB-42X42,"STAR LEG TABLE (BAR HEIGHT) 42"" x 42"" x 42"""
BRK,FIN-BRK-BAR-TAB-72X28,"BROOKLYN TABLE (BAR HEIGHT) 28 X 72"
BRK,FIN-BRK-BAR-TAB-72X36,"BROOKLYN TABLE (BAR HEIGHT) 36 X 72"
BRK,FIN-BRK-BAR-TAB-96X36,"BROOKLYN TABLE (BAR HEIGHT) 36 X 96"
BRK,FIN-BRK-BAR-TAB-98X28,"BROOKLYN TABLE (BAR HEIGHT) 28 X 96"
BRK,FIN-BRK-CHS-72X34-LS,"Brooklyn Chaise 72 x 34 (Left Facing)"
BRK,FIN-BRK-CHS-72X34-RS,"Brooklyn Chaise 72 x 34 (Right Facing)"
BRK,FIN-BRK-CHS-72X42-LS,"Brooklyn Chaise 72 x 42 (Left Facing)"
BRK,FIN-BRK-CHS-72X42-RS,"Brooklyn Chaise 72 x 42 (Right Facing)"
BRK,FIN-BRK-CHS-84X34-LS,"Brooklyn Chaise 84 x 34 (Left Facing)"
BRK,FIN-BRK-CHS-84X34-RS,"Brooklyn Chaise 84 x 34 (Right Facing)"
BRK,FIN-BRK-CHS-84X42-LS,"Brooklyn Chaise 84 x 42 (Left Facing)"
BRK,FIN-BRK-CHS-84X42-RS,"Brooklyn Chaise 84 x 42 (Right Facing)"
BRK,FIN-BRK-CNT-TAB-120X28,"BROOKLYN TABLE (COUNTER HEIGHT) 28 X 120"
BRK,FIN-BRK-CNT-TAB-120X36,"BROOKLYN TABLE (COUNTER HEIGHT) 36 X 120"
BRK,FIN-BRK-CNT-TAB-28X120,"BROOKLYN TABLE (COUNTER HEIGHT) 28"" x 120"" x 36"""
BRK,FIN-BRK-CNT-TAB-28X72,"BROOKLYN TABLE (COUNTER HEIGHT) 28"" x 72"" x 36"""
BRK,FIN-BRK-CNT-TAB-28X96,"BROOKLYN TABLE (COUNTER HEIGHT) 28"" x 96"" x 36"""
BRK,FIN-BRK-CNT-TAB-36X120,"BROOKLYN TABLE (COUNTER HEIGHT) 36"" x 120"" x 36"""
BRK,FIN-BRK-CNT-TAB-36X36,"STAR LEG TABLE (COUNTER HEIGHT) 36"" x 36"" x 36"""
BRK,FIN-BRK-CNT-TAB-36X72,"BROOKLYN TABLE (COUNTER HEIGHT) 36"" x 72"" x 36"""
BRK,FIN-BRK-CNT-TAB-36X96,"BROOKLYN TABLE (COUNTER HEIGHT) 36"" x 96"" x 36"""
BRK,FIN-BRK-CNT-TAB-42X42,"STAR LEG TABLE (COUNTER HEIGHT) 42"" x 42"" x 36"""
BRK,FIN-BRK-CNT-TAB-72X18,"BROOKLYN TABLE (COUNTER HEIGHT) 18 X 72"
BRK,FIN-BRK-CNT-TAB-72X28,"BROOKLYN TABLE (COUNTER HEIGHT) 28 X 72"
BRK,FIN-BRK-CNT-TAB-72X36,"BROOKLYN TABLE (COUNTER HEIGHT) 36 X 72"
BRK,FIN-BRK-CNT-TAB-96X28,"BROOKLYN TABLE (COUNTER HEIGHT) 28 X 96"
BRK,FIN-BRK-CNT-TAB-96X36,"BROOKLYN TABLE (COUNTER HEIGHT) 36 X 96"
BRK,FIN-BRK-COR-CHS-84X42,"BROOKLYN CORNER CHAISE 84"" x 42"" x 30"" BH"
BRK,FIN-BRK-COR-SOF-72X34,"BROOKLYN CORNER SOFA 72"" x 34"" x 30"" BH"
BRK,FIN-BRK-COR-SOF-72X34-LS,"Brooklyn Corner Sofa 72 (Left Facing)"
BRK,FIN-BRK-COR-SOF-72X34-RS,"Brooklyn Corner Sofa 72 (Right Facing)"
BRK,FIN-BRK-COR-SOF-84X34,"BROOKLYN CORNER SOFA 84"" x 34"" x 30"" BH"
BRK,FIN-BRK-COR-SOF-84X34-LS,"Brooklyn Corner Sofa 84 (Left Facing)"
BRK,FIN-BRK-COR-SOF-84X34-RS,"Brooklyn Corner Sofa 84 (Right Facing)"
BRK,FIN-BRK-COR-SOF-96X34,"BROOKLYN CORNER SOFA 96"" x 34"" x 30"" BH"
BRK,FIN-BRK-COR-SOF-96X34-LS,"Brooklyn Corner Sofa 96 (Left Facing)"
BRK,FIN-BRK-COR-SOF-96X34-RS,"Brooklyn Corner Sofa 96 (Right Facing)"
BRK,FIN-BRK-DIN-TAB-120X28,"BROOKLYN TABLE (DINING HEIGHT) 28 X 120"
BRK,FIN-BRK-DIN-TAB-120X36,"BROOKLYN TABLE (DINING HEIGHT) 36 X 120"
BRK,FIN-BRK-DIN-TAB-28X120,"BROOKLYN TABLE (DINING HEIGHT) 28"" x 120"" x 30"""
BRK,FIN-BRK-DIN-TAB-28X72,"BROOKLYN TABLE (DINING HEIGHT) 28"" x 72"" x 30"""
BRK,FIN-BRK-DIN-TAB-28X96,"BROOKLYN TABLE (DINING HEIGHT) 28"" x 96"" x 30"""
BRK,FIN-BRK-DIN-TAB-36X120,"BROOKLYN TABLE (DINING HEIGHT) 36"" x 120"" x 30"""
BRK,FIN-BRK-DIN-TAB-36X36,"STAR LEG TABLE (DINING HEIGHT) 36"" x 36"" x 30"""
BRK,FIN-BRK-DIN-TAB-36X72,"BROOKLYN TABLE (DINING HEIGHT) 36"" x 72"" x 30"""
BRK,FIN-BRK-DIN-TAB-36X96,"BROOKLYN TABLE (DINING HEIGHT) 36"" x 96"" x 30"""
BRK,FIN-BRK-DIN-TAB-42X42,"STAR LEG TABLE (DINING HEIGHT) 42"" x 42"" x 30"""
BRK,FIN-BRK-DIN-TAB-72X28,"BROOKLYN TABLE (DINING HEIGHT) 28 X 72"
BRK,FIN-BRK-DIN-TAB-72X36,"BROOKLYN TABLE (DINING HEIGHT) 36 X 72"
BRK,FIN-BRK-DIN-TAB-96X28,"BROOKLYN TABLE (DINING HEIGHT) 28 X 96"
BRK,FIN-BRK-DIN-TAB-96X36,"BROOKLYN TABLE (DINING HEIGHT) 36 X 96"
BRK,FIN-BRK-DOU-CHS-58X79,"BROOKLYN DOUBLE CHAISE LOUNGE 58"" x 79"" x 11"" SH"
BRK,FIN-BRK-LOV-SOF,"Brooklyn Loveseat"
BRK,FIN-BRK-OTT-22X42,"BROOKLYN OTTOMAN 22"" x 42"" x 17"""
BRK,FIN-BRK-OTT-22X60,"BROOKLYN OTTOMAN 22"" x 60"" x 17"""
BRK,FIN-BRK-OTT-22X72,"BROOKLYN OTTOMAN 22"" x 72"" x 17"""
BRK,FIN-BRK-OTT-34X34,"BROOKLYN OTTOMAN 34"" x 34"" x 17"""
BRK,FIN-BRK-OTT-34X42,"BROOKLYN OTTOMAN 34"" x 42"" x 17"""
BRK,FIN-BRK-OTT-34X60,"BROOKLYN OTTOMAN 34"" x 60"" x 17"""
BRK,FIN-BRK-OTT-34X72,"BROOKLYN OTTOMAN 34"" x 72"" x 17"""
BRK,FIN-BRK-OTT-42X22,"BROOKLYN OTTOMAN 22 X 42"
BRK,FIN-BRK-OTT-42X34,"BROOKLYN OTTOMAN 34 X 42"
BRK,FIN-BRK-OTT-56X42,"BROOKLYN OTTOMAN 56"" x 42"" x 17"""
BRK,FIN-BRK-OTT-60X22,"BROOKLYN OTTOMAN 22 X 60"
BRK,FIN-BRK-OTT-60X34,"BROOKLYN OTTOMAN 34 X 60"
BRK,FIN-BRK-OTT-72X22,"BROOKLYN OTTOMAN 22 X 72"
BRK,FIN-BRK-OTT-72X34,"BROOKLYN OTTOMAN 34 X 72"
BRK,FIN-BRK-SGL-CHS-38X79,"BROOKLYN SINGLE CHAISE LOUNGE 38"" x 79"" x 11"" SH"
BRK,FIN-BRK-SOF-60X34,"BROOKLYN SOFA 60"" x 34"" x 30"" BH"
BRK,FIN-BRK-SOF-72X34,"BROOKLYN SOFA 72"" x 34"" x 30"" BH"
BRK,FIN-BRK-SOF-84X34,"BROOKLYN SOFA 84"" x 34"" x 30"" BH"
BRK,FIN-BRK-SOF-96X34,"BROOKLYN SOFA 96"" x 34"" x 30"" BH"
BRK,FIN-BRK-TRA-DOU-CHS-48X72,"BROOKLYN TRANSITIONAL DOUBLE CHAISE 48"" x 72"" x 30"" BH"
BRK,FIN-BRK-TRA-SGL-CHS-36X72,"BROOKLYN TRANSITIONAL SINGLE CHAISE 36"" x 72"" x 30"" BH"
BRV,FIN-BRV-ARM-LOV-60,"Bravada Armless Loveseat"
BRV,FIN-BRV-ARM-SOF-34X34,"BRAVADA ARMLESS SOFA 34"" x 34"" x 31"" BH"
BRV,FIN-BRV-ARM-SOF-72,"Bravada Armless Sofa 72"
BRV,FIN-BRV-ARM-SOF-72X34,"BRAVADA ARMLESS SOFA 72"" x 34"" x 31"" BH"
BRV,FIN-BRV-ARM-SOF-84,"Bravada Armless Sofa 84"
BRV,FIN-BRV-ARM-SOF-84X34,"BRAVADA ARMLESS SOFA 84"" x 34"" x 31"" BH"
BRV,FIN-BRV-ARM-SOF-96,"Bravada Armless Sofa 96"
BRV,FIN-BRV-ARM-SOF-96X34,"BRAVADA ARMLESS SOFA 96"" x 34"" x 31"" BH"
BRV,FIN-BRV-BCH-96X34,"BRAVADA ROUNDED BENCH 96"" X 34"" X 18"" SH"
BRV,FIN-BRV-CHS-34X72-LS,"Bravada Chaise 34 X 72 (Left Facing)"
BRV,FIN-BRV-CHS-34X72-RS,"Bravada Chaise 34 X 72 (Right Facing)"
BRV,FIN-BRV-CHS-34X84-LS,"Bravada Chaise 34 X 84 (Left Facing)"
BRV,FIN-BRV-CHS-34X84-RS,"Bravada Chaise 34 X 84 (Right Facing)"
BRV,FIN-BRV-CHS-42X72-LS,"Bravada Chaise 42X72 (Left Facing)"
BRV,FIN-BRV-CHS-42X72-RS,"Bravada Chaise 42X72 (Right Facing)"
BRV,FIN-BRV-CHS-42X84-LS,"Bravada Chaise 42 X 84 (Left Facing)"
BRV,FIN-BRV-CHS-42X84-RS,"Bravada Chaise 42 X 84 (Right Facing)"
BRV,FIN-BRV-CLB-CHA,"Bravada Club Chair"
BRV,FIN-BRV-CLB-CHA-34X34,"BRAVADA CLUB CHAIR 34"" x 34"" x 31"" BH"
BRV,FIN-BRV-COF-TAB-28X42,"BRAVADA COFFEE TABLE 28"" x 42"" x 17"""
BRV,FIN-BRV-COF-TAB-36X36,"BRAVADA COFFEE TABLE 36"" x 36"" x 17"""
BRV,FIN-BRV-COF-TAB-36X56,"BRAVADA COFFEE TABLE 36"" x 56"" x 17"""
BRV,FIN-BRV-COF-TAB-42X28,"BRAVADA COFFEE TABLE 28 X 42"
BRV,FIN-BRV-COF-TAB-42X42,"BRAVADA COFFEE TABLE 42"" x 42"" x 17"""
BRV,FIN-BRV-COF-TAB-42X56,"BRAVADA COFFEE TABLE 42"" x 56"" x 17"""
BRV,FIN-BRV-COF-TAB-42X72,"BRAVADA COFFEE TABLE 42"" x 72"" x 17"""
BRV,FIN-BRV-COF-TAB-56X28,"Bravada Coffee Table 56 x 28"
BRV,FIN-BRV-COF-TAB-56X36,"BRAVADA COFFEE TABLE 36 X 56"
BRV,FIN-BRV-COF-TAB-56X42,"BRAVADA COFFEE TABLE 42 X 56"
BRV,FIN-BRV-COF-TAB-56X56,"BRAVADA COFFEE TABLE 56"" x 56"" x 17"""
BRV,FIN-BRV-COF-TAB-56X72,"BRAVADA COFFEE TABLE 56"" x 72"" x 17"""
BRV,FIN-BRV-COF-TAB-72X36,"BRAVADA COFFEE TABLE 36 X 72"
BRV,FIN-BRV-COF-TAB-72X42,"BRAVADA COFFEE TABLE 42 X 72"
BRV,FIN-BRV-COF-TAB-72X56,"BRAVADA COFFEE TABLE 56 X 72"
BRV,FIN-BRV-COR-CHS-72X34,"BRAVADA CORNER CHAISE 72"" x 34"" x 31"" BH"
BRV,FIN-BRV-COR-CHS-84X34,"BRAVADA CORNER CHAISE 84"" x 34"" x 31"" BH"
BRV,FIN-BRV-COR-SOF-72X34,"BRAVADA CORNER SOFA 72"" x 34"" x 31"" BH"
BRV,FIN-BRV-COR-SOF-72X34-LS,"Bravada Corner Sofa 72 (Left Facing)"
BRV,FIN-BRV-COR-SOF-72X34-RS,"Bravada Corner Sofa 72 (Right Facing)"
BRV,FIN-BRV-COR-SOF-84X34,"BRAVADA CORNER SOFA 84"" x 34"" x 31"" BH"
BRV,FIN-BRV-COR-SOF-84X34-LS,"Bravada Corner Sofa 84 (Left Facing)"
BRV,FIN-BRV-COR-SOF-84X34-RS,"Bravada Corner Sofa 84 (Right Facing)"
BRV,FIN-BRV-COR-SOF-96X34,"BRAVADA CORNER SOFA 96"" x 34"" x 31"" BH"
BRV,FIN-BRV-COR-SOF-96X34-LS,"Bravada Corner Sofa 96 (Left Facing)"
BRV,FIN-BRV-COR-SOF-96X34-RS,"Bravada Corner Sofa 96 (Right Facing)"
BRV,FIN-BRV-DOU-CHS-58X79,"BRAVADA DOUBLE CHAISE LOUNGE 58"" x 79"" x 14"" SH"
BRV,FIN-BRV-DOU-CHS-58X79-NOARM,"Bravada Chaise Lounge Double (No Metal Arms)"
BRV,FIN-BRV-DYB-72X72,"BRAVADA DAYBED 72"" x 72"" x 27"" BH"
BRV,FIN-BRV-DYB-72X78,"BRAVADA DAYBED 72 X 78"
BRV,FIN-BRV-DYB-78X72,"Bravada Daybed 78"
BRV,FIN-BRV-DYB-78X78,"BRAVADA DAYBED 78 X 78"
BRV,FIN-BRV-DYB-84X72,"BRAVADA DAYBED 84"" x 72"" x 27"" BH"
BRV,FIN-BRV-DYB-84X78,"BRAVADA DAYBED 84 X 78"
BRV,FIN-BRV-DYB-84X84,"BRAVADA ROUND DAYBED 84"" DIAMETER"
BRV,FIN-BRV-LOV-SOF-60X34,"BRAVADA LOVESEAT 60"" x 34"" x 31"" BH"
BRV,FIN-BRV-MIN-LOV-48X34,"BRAVADA MINI LOVESEAT 48"" x 34"" x 31"" BH"
BRV,FIN-BRV-OTT-22X30,"BRAVADA OTTOMAN 22"" x 30"" x 16"""
BRV,FIN-BRV-OTT-22X42,"BRAVADA OTTOMAN 22"" x 42"" x 16"""
BRV,FIN-BRV-OTT-22X60,"BRAVADA OTTOMAN 22"" x 60"" x 16"""
BRV,FIN-BRV-OTT-22X72,"BRAVADA OTTOMAN 22"" x 72"" x 16"""
BRV,FIN-BRV-OTT-30X22,"BRAVADA OTTOMAN 22 X 30"
BRV,FIN-BRV-OTT-34X34,"BRAVADA OTTOMAN 34"" x 34"" x 16"""
BRV,FIN-BRV-OTT-34X42,"BRAVADA OTTOMAN 34"" x 42"" x 16"""
BRV,FIN-BRV-OTT-34X60,"BRAVADA OTTOMAN 34"" x 60"" x 16"""
BRV,FIN-BRV-OTT-34X72,"BRAVADA OTTOMAN 34"" x 72"" x 16"""
BRV,FIN-BRV-OTT-42X22,"BRAVADA OTTOMAN 22 X 42"
BRV,FIN-BRV-OTT-42X34,"BRAVADA OTTOMAN 34 X 42"
BRV,FIN-BRV-OTT-60X22,"BRAVADA OTTOMAN 22 X 60"
BRV,FIN-BRV-OTT-60X34,"BRAVADA OTTOMAN 34 X 60"
BRV,FIN-BRV-OTT-72X22,"BRAVADA OTTOMAN 22 X 72"
BRV,FIN-BRV-OTT-72X34,"BRAVADA OTTOMAN 34 X 72"
BRV,FIN-BRV-OTT-DKT-30X22,"Bravada Ottoman 30X22 (Dekton Top)"
BRV,FIN-BRV-OTT-DKT-34X34,"Bravada Ottoman 34X34 (Dekton Top)"
BRV,FIN-BRV-OTT-DKT-42X22,"Bravada Ottoman 42X22 (Dekton Top)"
BRV,FIN-BRV-OTT-DKT-42X34,"Bravada Ottoman 42X34 (Dekton Top)"
BRV,FIN-BRV-OTT-DKT-60X22,"Bravada Ottoman 60X22 (Dekton Top)"
BRV,FIN-BRV-OTT-DKT-60X34,"Bravada Ottoman 60 x 34 (Dekton Top)"
BRV,FIN-BRV-OTT-DKT-72X22,"Bravada Ottoman 72X22 (Dekton Top)"
BRV,FIN-BRV-OTT-DKT-72X34,"Bravada Ottoman 72 x 34 (Dekton Top)"
BRV,FIN-BRV-OVS-CHS-72X42,"BRAVADA OVERSIZED CHAISE 72"" x 42"" x 31"" BH"
BRV,FIN-BRV-OVS-CHS-84X42,"BRAVADA OVERSIZED CHAISE 84"" x 42"" x 31"" BH"
BRV,FIN-BRV-SGL-CHS-30X79,"BRAVADA SINGLE CHAISE LOUNGE 30"" x 79"" x 14"" SH"
BRV,FIN-BRV-SGL-CHS-30X79-NOARM,"Bravada Chaise Lounge Single (No Metal Arms)"
BRV,FIN-BRV-SID-TAB-20X20,"BRAVADA SIDE TABLE 20"" x 20"" x 17"""
BRV,FIN-BRV-SOF-72X34,"BRAVADA SOFA 72"" x 34"" x 31"" BH"
BRV,FIN-BRV-SOF-84X34,"BRAVADA SOFA 84"" x 34"" x 31"" BH"
BRV,FIN-BRV-SOF-96X34,"BRAVADA SOFA 96"" x 34"" x 31"" BH"
BRV,FIN-BRV-SWG-102X60,"BRAVADA SWING 72 X 42 W/FRAME"
BRV,FIN-BRV-SWG-66X42,"BRAVADA SWING 66"" x 42"" x 23"" BH"
BRV,FIN-BRV-SWG-72X12,"BRAVADA 60"" ROUND SWING 72"" x 12"" SH"
BRV,FIN-BRV-SWG-72X42,"BRAVADA SWING 72"" x 42"" x 23"" BH"
BRV,FIN-BRV-SWG-84,"BRAVADA SWING FRAME ONLY 84""+ Thicker Gauge"
BRV,FIN-BRV-SWG-84X42,"BRAVADA SWING 84"" x 42"" x 23"" BH"
BRV,FIN-BRV-SWG-96X32,"BRAVADA SWING 96"" x 32"" x 23"" BH"
BRV,FIN-BRV-SWG-96X60,"BRAVADA SWING 66 X 42 W/FRAME"
BRV,FIN-BRV-SWV-CHA,"BRAVADA SWIVEL CHAIR W/DEKTON SIDEARM"
BRV,FIN-BRV-SWV-CHA-34X34,"BRAVADA SWIVEL CHAIR 34"" x 34"" x 31"" BH"
CAB,FIN-CAB-DYB-84X84,"CABANA DAYBED 84"" x 84"" x 78"""
CAB,FIN-CAB-MIS,"LUMBAR PILLOW (alt size)"
CAB,FIN-CAB-MIS-10X10,"CABANA 10' X 10' X 9' w/Sunbrella Top & Curtains"
CAB,FIN-CAB-MIS-12X24,"LUMBAR PILLOW 12"" X 24"""
CAB,FIN-CAB-MIS-17X17,"SQUARE PILLOW 17"" X 17"""
CAB,FIN-CAB-MIS-23X23,"SQUARE PILLOW 23"" X 23"""
CAN,FIN-CAN-UMB,"CANTILEVER UMBRELLA w/BASE"
CAN,FIN-CAN-UMB-W-BAS,"CANTILEVER UMBRELLA W/BASE"
CUS,FIN-CUS-OTT-22X72,"CUSTOM STORAGE OTTOMAN 22"" x 72"" x 23"""
CUS,FIN-CUS-OTT-23X82,"CUSTOM STORAGE OTTOMAN 23"" x 82"""
CUS,FIN-CUS-OTT-72X22,"CUSTOM STORAGE OTTOMAN 22 X 72"
CUS,FIN-CUS-OTT-82X23,"CUSTOM STORAGE OTTOMAN 23 X 82"
DAI,FIN-DAI-BAR-TAB-120X42,"DAISY BASE TABLE (BAR HEIGHT) 42 X 120"
DAI,FIN-DAI-BAR-TAB-120X56,"DAISY BASE TABLE (BAR HEIGHT) 56 X 120"
DAI,FIN-DAI-BAR-TAB-42X120,"DAISY BASE TABLE (BAR HEIGHT) 42"" x 120"" x 42"""
DAI,FIN-DAI-BAR-TAB-42X72,"DAISY BASE TABLE (BAR HEIGHT) 42"" x 72"" x 42"""
DAI,FIN-DAI-BAR-TAB-42X96,"DAISY BASE TABLE (BAR HEIGHT) 42"" x 96"" x 42"""
DAI,FIN-DAI-BAR-TAB-56X120,"DAISY BASE TABLE (BAR HEIGHT) 56"" x 120"" x 42"""
DAI,FIN-DAI-BAR-TAB-56X56,"DAISY BASE TABLE (BAR HEIGHT) 56"" x 56"" x 42"""
DAI,FIN-DAI-BAR-TAB-56X72,"DAISY BASE TABLE (BAR HEIGHT) 56"" x 72"" x 42"""
DAI,FIN-DAI-BAR-TAB-56X96,"DAISY BASE TABLE (BAR HEIGHT) 56"" x 96"" x 42"""
DAI,FIN-DAI-BAR-TAB-72X42,"DAISY BASE TABLE (BAR HEIGHT) 42 X 72"
DAI,FIN-DAI-BAR-TAB-72X56,"DAISY BASE TABLE (BAR HEIGHT) 56 X 72"
DAI,FIN-DAI-BAR-TAB-96X42,"DAISY BASE TABLE (BAR HEIGHT) 42 X 96"
DAI,FIN-DAI-BAR-TAB-96X56,"DAISY BASE TABLE (BAR HEIGHT) 56 X 96"
DAI,FIN-DAI-CNT-TAB-120X42,"DAISY BASE TABLE (COUNTER HEIGHT) 42 X 120"
DAI,FIN-DAI-CNT-TAB-120X56,"DAISY BASE TABLE (COUNTER HEIGHT) 56 X 120"
DAI,FIN-DAI-CNT-TAB-42X120,"DAISY BASE TABLE (COUNTER HEIGHT) 42"" x 120"" x 36"""
DAI,FIN-DAI-CNT-TAB-42X72,"DAISY BASE TABLE (COUNTER HEIGHT) 42"" x 72"" x 36"""
DAI,FIN-DAI-CNT-TAB-42X96,"DAISY BASE TABLE (COUNTER HEIGHT) 42"" x 96"" x 36"""
DAI,FIN-DAI-CNT-TAB-56X120,"DAISY BASE TABLE (COUNTER HEIGHT) 56"" x 120"" x 36"""
DAI,FIN-DAI-CNT-TAB-56X56,"DAISY BASE TABLE (COUNTER HEIGHT) 56"" x 56"" x 36"""
DAI,FIN-DAI-CNT-TAB-56X72,"DAISY BASE TABLE (COUNTER HEIGHT) 56"" x 72"" x 36"""
DAI,FIN-DAI-CNT-TAB-56X96,"DAISY BASE TABLE (COUNTER HEIGHT) 56"" x 96"" x 36"""
DAI,FIN-DAI-CNT-TAB-72X42,"DAISY BASE TABLE (COUNTER HEIGHT) 42 X 72"
DAI,FIN-DAI-CNT-TAB-72X56,"DAISY BASE TABLE (COUNTER HEIGHT) 56 X 72"
DAI,FIN-DAI-CNT-TAB-96X42,"DAISY BASE TABLE (COUNTER HEIGHT) 42 X 96"
DAI,FIN-DAI-CNT-TAB-96X56,"DAISY BASE TABLE (COUNTER HEIGHT) 56 X 96"
DAI,FIN-DAI-DIN-TAB-120X42,"DAISY BASE TABLE (DINING HEIGHT) 42 X 120"
DAI,FIN-DAI-DIN-TAB-120X56,"DAISY BASE TABLE (DINING HEIGHT) 56 X 120"
DAI,FIN-DAI-DIN-TAB-42X30,"DAISY BASE ROUND TABLE (DINING HEIGHT) 42"" x 30"""
DAI,FIN-DAI-DIN-TAB-42X42,"DAISY BASE ROUND TABLE (DINING HEIGHT) 42"
DAI,FIN-DAI-DIN-TAB-56X30,"DAISY BASE ROUND TABLE (DINING HEIGHT) 56"" x 30"""
DAI,FIN-DAI-DIN-TAB-56X56,"DAISY BASE TABLE (DINING HEIGHT) 56 X 56"
DAI,FIN-DAI-DIN-TAB-56X72,"DAISY BASE TABLE (DINING HEIGHT) 56"" x 72"" x 30"""
DAI,FIN-DAI-DIN-TAB-56X96,"DAISY BASE TABLE (DINING HEIGHT) 56"" x 96"" x 30"""
DAI,FIN-DAI-DIN-TAB-72X42,"DAISY BASE TABLE (DINING HEIGHT) 42 X 72"
DAI,FIN-DAI-DIN-TAB-72X56,"DAISY BASE TABLE (DINING HEIGHT) 56 X 72"
DAI,FIN-DAI-DIN-TAB-96X42,"DAISY BASE TABLE (DINING HEIGHT) 42 X 96"
DAI,FIN-DAI-DIN-TAB-96X56,"DAISY BASE TABLE (DINING HEIGHT) 56 X 96"
DAI,FIN-DAI-FIR-TAB-42X42,"PROPANE FIRE PIT TABLE 42"" x 42"" x 21"""
DAI,FIN-DAI-FIR-TAB-56X42,"PROPANE FIRE PIT TABLE 56"" x 42"" x 21"""
DAI,FIN-DAI-FIR-TAB-84X56,"DAISY BASE FIRE PIT DINING TABLE 84"" x 56"" x 30"""
DAI,FIN-DAI-FIR-TAB-96X56,"DAISY BASE FIRE PIT DINING TABLE 96"" x 56"" x 30"""
DAI,FIN-DAI-TAB-108X56,"DAISY BASE OVAL TABLE 108"" X 56"" X 30"""
ESY,FIN-ESY-CHS,"ADD-ON WHEELS FOR CHAISE LOUNGERS"
ESY,FIN-ESY-MIS,"FLEXY TWIN NO BASE"
FLE,FIN-FLE-TWI-NO-BAS,"FLEXY TWIN NO BASE"
FLE,FIN-FLE-ZEN-NO-BAS,"FLEXY ZEN NO BASE"
FLY,FIN-FLY-BCH-42X18,"FLY LEG BENCH (BAR HEIGHT) 42"
FLY,FIN-FLY-DIN-CHA-18X18,"FLY LEG CHAIR (DINING HEIGHT)"
FLY,FIN-FLY-FLY-BST-18X18,"FLY LEG BARSTOOL (BAR HEIGHT)"
FLY,FIN-FLY-LEG-BAR-COU-HEI,"FLY LEG BARSTOOL (COUNTER HEIGHT)"
FLY,FIN-FLY-LEG-BEN-COU-HEI-42,"FLY LEG BENCH (COUNTER HEIGHT) 42"
FLY,FIN-FLY-LEG-BEN-DIN-HEI-42,"FLY LEG BENCH (DINING HEIGHT) 42"
FLY,FIN-FLY-TAB-38X8,"FLY TABLE 8"
FLY,FIN-FLY-TAB-60X12,"FLY TABLE 60"
FLY,FIN-FLY-TAB-72X12,"FLY TABLE 72"
FLY,FIN-FLY-TAB-84X12,"FLY TABLE 84"
FLY,FIN-FLY-TAB-96X12,"FLY TABLE 96"
HAL,FIN-HAL-BAC-BAR-BAR-HEI,"HALF BACK BARSTOOL (BAR HEIGHT)"
IRO,FIN-IRO,"IRONWOOD"
KIN,FIN-KIN-LIV-LAM,"KINDLE LIVING LAMP"
KIN,FIN-KIN-MIS,"KINDLE LIVING HEATER (Allison)"
LED,FIN-LED-CHA,"LEDGE LOUNGER SIGNATURE LOWBACK CHAIR"
LED,FIN-LED-MIS,"LEDGE LOUNGER"
LED,FIN-LED-SID-TAB,"LEDGE LOUNGER AUTOGRAPH SIDE TABLE"
MAR,FIN-MAR-2X2-UMB-NO-BAS,"MARINA 2X2 UMBRELLA NO BASE"
MAR,FIN-MAR-3M-UMB-NO-BAS,"MARINA 3M UMBRELLA NO BASE"
MIS,FIN-MIS-DIN-BCH-72X22,"DINING BENCH W/NO ARMS 72 X 22"
MIS,FIN-MIS-DIN-BCH-96X22,"DINING BENCH W/NO ARMS 96 X 22"
MIS,FIN-MIS-DIN-CHA-17X21,"HALF BACK CHAIR (DINING HEIGHT"
MIS,FIN-MIS-FIR-TAB-42X42,"PROPANE FIRE PIT TABLE 42 X 42"
MIS,FIN-MIS-FLY-BST-17X21,"HALF BACK BARSTOOL (COUNTER HEIGHT)"
MIS,FIN-MIS-MIS,"FABRICATED DEKTON SLAB"
MIS,FIN-MIS-MIS-16X11,"ACCRUAL BASIS THURSDAY, JANUARY 16, 2025 11"
MIS,FIN-MIS-OTT-22X22,"CUBE OTTOMAN 22"" x 22"" x 16"""
MIS,FIN-MIS-SID-TAB-13X30,"U SIDE TABLE"
MIS,FIN-MIS-TAB-13X30,"T TABLE"
MLN,FIN-MLN-CLB-CHA-32X36,"MILAN CLUB CHAIR 32"" x 36"" x 16"" SH"
MLN,FIN-MLN-MIS,"FABRICATED DEKTON SLAB"
MLN,FIN-MLN-OTT-22X60,"MILAN OTTOMAN 22"" x 60"" x 16"""
MLN,FIN-MLN-OTT-22X72,"MILAN OTTOMAN 22"" x 72"" x 16"""
MLN,FIN-MLN-OTT-34X34,"MILAN OTTOMAN 34"" x 34"" x 16"""
MLN,FIN-MLN-OTT-34X42,"MILAN OTTOMAN 34"" x 42"" x 16"""
MLN,FIN-MLN-OTT-34X60,"MILAN OTTOMAN 34"" x 60"" x 16"""
MLN,FIN-MLN-OTT-34X72,"MILAN OTTOMAN 34"" x 72"" x 16"""
MLN,FIN-MLN-OTT-56X42,"MILAN OTTOMAN 56"" x 42"" x 16"""
MLN,FIN-MLN-SOF-60X62,"MILAN DOUBLE-SIDED SOFA 60"" x 62"" x 16"" SH"
MLN,FIN-MLN-SOF-62X42,"MILAN T-SHAPED SOFA 62"" x 42"" x 22"" x 16"" SH"
MLN,FIN-MLN-SOF-72X36,"MILAN ONE-SIDED SOFA 72"" x 36"" x 16"" SH"
MLN,FIN-MLN-SOF-84X36,"MILAN ONE SIDED SOFA 84"" x 36"" x 16"" SH"
MLN,FIN-MLN-SOF-96X36,"MILAN ONE-SIDED SOFA 96"" x 36"" x 16"" SH"
MLN,FIN-MLN-TAB-56X14,"OCCASIONAL TABLE 56""x14""x36"""
MLN,FIN-MLN-UMB,"LIDO UMBRELLA"
OCC,FIN-OCC-TAB-56X14,"OCCASIONAL TABLE"
OCN,FIN-OCN-CLB-CHA-34X38,"OCEAN CLUB CHAIR w/METAL ARM 34"" x 38"" x 33"" BH"
OCN,FIN-OCN-COF-TAB-28X42,"OCEAN COFFEE TABLE 28"" x 42"" x 17"""
OCN,FIN-OCN-COF-TAB-28X56,"OCEAN COFFEE TABLE 28"" x 56"" x 17"""
OCN,FIN-OCN-COF-TAB-36X36,"OCEAN COFFEE TABLE 36"" x 36"" x 17"""
OCN,FIN-OCN-COF-TAB-36X56,"OCEAN COFFEE TABLE 36"" x 56"" x 17"""
OCN,FIN-OCN-COF-TAB-36X72,"OCEAN COFFEE TABLE 36"" x 72"" x 17"""
OCN,FIN-OCN-COF-TAB-42X28,"OCEAN COFFEE TABLE 28 X 42"
OCN,FIN-OCN-COF-TAB-42X42,"OCEAN COFFEE TABLE 42"" x 42"" x 17"""
OCN,FIN-OCN-COF-TAB-42X56,"OCEAN COFFEE TABLE 42"" x 56"" x 17"""
OCN,FIN-OCN-COF-TAB-42X72,"OCEAN COFFEE TABLE 42"" x 72"" x 17"""
OCN,FIN-OCN-COF-TAB-56X28,"OCEAN COFFEE TABLE 28 X 56"
OCN,FIN-OCN-COF-TAB-56X36,"OCEAN COFFEE TABLE 36 X 56"
OCN,FIN-OCN-COF-TAB-56X42,"OCEAN COFFEE TABLE 42 X 56"
OCN,FIN-OCN-COF-TAB-56X56,"OCEAN COFFEE TABLE 56"" x 56"" x 17"""
OCN,FIN-OCN-COF-TAB-56X72,"OCEAN COFFEE TABLE 56"" x 72"" x 17"""
OCN,FIN-OCN-COF-TAB-72X36,"OCEAN COFFEE TABLE 36 X 72"
OCN,FIN-OCN-COF-TAB-72X42,"OCEAN COFFEE TABLE 42 X 72"
OCN,FIN-OCN-COF-TAB-72X56,"OCEAN COFFEE TABLE 56 X 72"
OCN,FIN-OCN-DOU-CHS-58X79,"OCEAN DOUBLE CHAISE LOUNGE 58"" x 79"" x 14"" SH"
OCN,FIN-OCN-LOV-SOF-60X38,"OCEAN LOVESEAT 60"" x 38"" x 33"" BH"
OCN,FIN-OCN-MIN-LOV-48X38,"OCEAN MINI LOVESEAT 48"" x 38"" x 33"" BH"
OCN,FIN-OCN-MIN-LOV-60X48,"OCEAN MINI LOVESEAT 48"
OCN,FIN-OCN-OTT-30X22,"OCEAN OTTOMAN 30"" x 22"" x 16"""
OCN,FIN-OCN-OTT-42X22,"OCEAN OTTOMAN 42"" x 22"" x 16"""
OCN,FIN-OCN-OTT-60X22,"OCEAN OTTOMAN 60"" x 22"" x 16"""
OCN,FIN-OCN-OTT-72X22,"OCEAN OTTOMAN 72"" x 22"" x 16"""
OCN,FIN-OCN-SGL-CHS-36X79,"OCEAN SINGLE CHAISE LOUNGE 36"" x 79"" x 14"" SH"
OCN,FIN-OCN-SID-TAB-12,"ANGULAR SIDE TABLE"
OCN,FIN-OCN-SID-TAB-13X30,"U SIDE TABLE 13"" x 30"" x 21"""
OCN,FIN-OCN-SID-TAB-20X20,"OCEAN SIDE TABLE 20"" x 20"" x 17"""
OCN,FIN-OCN-SID-TAB-32X32,"TRIANGLE SIDE TABLE 32"" x 32"" x 17"""
OCN,FIN-OCN-SID-TAB-36X17,"OCEAN ROUND SIDE TABLE 36"" x 17"""
OCN,FIN-OCN-SID-TAB-36X36,"OCEAN ROUND SIDE TABLE 36"
OCN,FIN-OCN-SID-TAB-42,"Ocean Round Side Table 42"
OCN,FIN-OCN-SOF-72X38,"OCEAN SOFA 72"" x 38"" x 33"" BH"
OCN,FIN-OCN-SOF-84X38,"OCEAN SOFA 84"" x 38"" x 33"" BH"
OCN,FIN-OCN-SOF-96X38,"OCEAN SOFA 96"" x 38"" x 33"" BH"
OCN,FIN-OCN-SWV-CHA-34X34,"OCEAN SWIVEL CHAIR 34"
OCN,FIN-OCN-SWV-CHA-34X38,"OCEAN SWIVEL CHAIR 34"" x 38"" x 33"" BH"
OCN,FIN-OCN-TAB-13X30,"T TABLE 13"" x 30"" x 16"""
OCN,FIN-OCN-TAB-34X12,"FLY TABLE 34"" X 12"""
OCN,FIN-OCN-TAB-72X12,"FLY TABLE 72"" X 12"""
OCN,FIN-OCN-TAB-84X12,"FLY TABLE 84"" X 12"""
OCN,FIN-OCN-TAB-96X12,"FLY TABLE 96"" X 12"""
STA,FIN-STA-BAR-TAB-36X36,"STAR LEG TABLE (BAR HEIGHT) 36 X 36"
STA,FIN-STA-BAR-TAB-42X42,"STAR LEG TABLE (BAR HEIGHT) 42 X 42"
STA,FIN-STA-BAR-TAB-72X36,"STAR LEG TABLE (BAR HEIGHT) 36 X 72"
STA,FIN-STA-CNT-TAB-36X36,"STAR LEG TABLE (COUNTER HEIGHT) 36 X 36"
STA,FIN-STA-CNT-TAB-42X42,"STAR LEG TABLE (COUNTER HEIGHT) 42 X 42"
STA,FIN-STA-CNT-TAB-72X36,"STAR LEG TABLE (COUNTER HEIGHT) 36 X 72"
STA,FIN-STA-DIN-TAB-36X36,"STAR LEG TABLE (DINING HEIGHT) 36 X 36"
STA,FIN-STA-DIN-TAB-42X42,"STAR LEG TABLE (DINING HEIGHT) 42 X 42"
STA,FIN-STA-DIN-TAB-72X36,"STAR LEG TABLE (DINING HEIGHT) 36 X 72"
TAY,FIN-TAY-BAR-W-ARM-COU-HEI,"TAYLOR BARSTOOL W/ARMS (COUNTER HEIGHT)"
TAY,FIN-TAY-BCH-24X23,"TAYLOR BENCH (BAR HEIGHT) 24"" x 23"" x 42"" SH"
TAY,FIN-TAY-BCH-42X23,"TAYLOR BENCH (COUNTER HEIGHT) 42"" x 23"" x 24"" SH"
TAY,FIN-TAY-BCH-72X23,"TAYLOR BENCH (BAR HEIGHT) 72"" x 23"" x 30"" SH"
TAY,FIN-TAY-BEN-BAR-HEI-72,"TAYLOR BENCH (BAR HEIGHT) 72"
TAY,FIN-TAY-BEN-DIN-HEI-42,"TAYLOR BENCH (DINING HEIGHT) 42"
TAY,FIN-TAY-BEN-DIN-HEI-72,"TAYLOR BENCH (DINING HEIGHT) 72"
TAY,FIN-TAY-BST-18X23,"TAYLOR BARSTOOL (COUNTER HEIGHT)"
TAY,FIN-TAY-BST-19X23,"TAYLOR BARSTOOL (BAR HEIGHT) 19"" x 23"" x 30"" SH"
TAY,FIN-TAY-BST-24X23,"TAYLOR BARSTOOL w/ARMS (BAR HEIGHT) 24"" x 23"" x 30"" SH"
TAY,FIN-TAY-DIN-CHA-19X23,"TAYLOR CHAIR (DINING HEIGHT)"
TAY,FIN-TAY-DIN-CHA-24X23,"TAYLOR CHAIR w/ARMS (DINING HEIGHT) 24"" x 23"" x 18"" SH"
TJM,FIN-TJM-CHA,"FREELO CHAIR SPLASH"
TJM,FIN-TJM-MIS,"LAYLO LOUNGER, NO RISERS"
TJM,FIN-TJM-MIS-12X17,"TWO SHAYZ LOUNGERS & TWO SETS OF 12"" RISERS FOR 17"" DEPTH"
TJM,FIN-TJM-MIS-13,"TWO SHAYZ LOUNGERS & TWO SETS OF 8"" RISERS, FOR 13"" DEPTH"
TJM,FIN-TJM-TAB,"Ripple Table"
TRI,FIN-TRI-SID-TAB-32X32,"TRIANGLE SIDE TABLE"
UNF,FIN-UNF-DEK-SLA,"UNFABRICATED DEKTON SLAB"
WEA,FIN-WEA-COV,"WEATHERPROOF COVERS"
WFT,FIN-WFT-BAR-TAB-120X28,"WATERFALL TABLE (BAR HEIGHT) 28 X 120"
WFT,FIN-WFT-BAR-TAB-120X36,"WATERFALL TABLE (BAR HEIGHT) 36 X 120"
WFT,FIN-WFT-BAR-TAB-28X120,"WATERFALL TABLE (BAR HEIGHT) 28"" x 120"" x 42"""
WFT,FIN-WFT-BAR-TAB-28X72,"WATERFALL TABLE (BAR HEIGHT) 28"" x 72"" x 42"""
WFT,FIN-WFT-BAR-TAB-28X96,"WATERFALL TABLE (BAR HEIGHT) 28"" x 96"" x 42"""
WFT,FIN-WFT-BAR-TAB-36X120,"WATERFALL TABLE (BAR HEIGHT) 36"" x 120"" x 42"""
WFT,FIN-WFT-BAR-TAB-36X72,"WATERFALL TABLE (BAR HEIGHT) 36"" x 72"" x 42"""
WFT,FIN-WFT-BAR-TAB-36X96,"WATERFALL TABLE (BAR HEIGHT) 36"" x 96"" x 42"""
WFT,FIN-WFT-BAR-TAB-72X28,"WATERFALL TABLE (BAR HEIGHT) 28 X 72"
WFT,FIN-WFT-BAR-TAB-72X36,"WATERFALL TABLE (BAR HEIGHT) 36 X 72"
WFT,FIN-WFT-BAR-TAB-96X28,"WATERFALL TABLE (BAR HEIGHT) 28 X 96"
WFT,FIN-WFT-BAR-TAB-96X36,"WATERFALL TABLE (BAR HEIGHT) 36 X 96"
WFT,FIN-WFT-BCH-42X18,"FLY LEG BENCH (DINING HEIGHT) 42"" x 18"" x 18"" SH"
WFT,FIN-WFT-CNT-TAB-120X28,"WATERFALL TABLE (COUNTER HEIGHT) 28 X 120"
WFT,FIN-WFT-CNT-TAB-120X36,"WATERFALL TABLE (COUNTER HEIGHT) 36 X 120"
WFT,FIN-WFT-CNT-TAB-28X120,"WATERFALL TABLE (COUNTER HEIGHT) 28"" x 120"" x 36"""
WFT,FIN-WFT-CNT-TAB-28X72,"WATERFALL TABLE (COUNTER HEIGHT) 28"" x 72"" x 36"""
WFT,FIN-WFT-CNT-TAB-28X96,"WATERFALL TABLE (COUNTER HEIGHT) 28"" x 96"" x 36"""
WFT,FIN-WFT-CNT-TAB-36X120,"WATERFALL TABLE (COUNTER HEIGHT) 36"" x 120"" x 36"""
WFT,FIN-WFT-CNT-TAB-36X72,"WATERFALL TABLE (COUNTER HEIGHT) 36"" x 72"" x 36"""
WFT,FIN-WFT-CNT-TAB-36X96,"WATERFALL TABLE (COUNTER HEIGHT) 36"" x 96"" x 36"""
WFT,FIN-WFT-CNT-TAB-72X28,"WATERFALL TABLE (COUNTER HEIGHT) 28 X 72"
WFT,FIN-WFT-CNT-TAB-72X36,"WATERFALL TABLE (COUNTER HEIGHT) 36 X 72"
WFT,FIN-WFT-CNT-TAB-96X28,"WATERFALL TABLE (COUNTER HEIGHT) 28 X 96"
WFT,FIN-WFT-CNT-TAB-96X36,"WATERFALL TABLE (COUNTER HEIGHT) 36 X 96"
WFT,FIN-WFT-DIN-BCH-72X22,"DINING BENCH w/NO ARMS 72"" x 22"" x 18"" SH"
WFT,FIN-WFT-DIN-BCH-96X22,"DINING BENCH w/NO ARMS 96"" x 22"" x 18"" SH"
WFT,FIN-WFT-DIN-CHA-17X21,"HALF BACK CHAIR (DINING HEIGHT) 17"" x 21"" x 18"" SH"
WFT,FIN-WFT-DIN-CHA-18X18,"FLY LEG CHAIR (DINING HEIGHT) 18"" x 18"" x 18"" SH"
WFT,FIN-WFT-DIN-TAB-120X28,"WATERFALL TABLE (DINING HEIGHT) 28 X 120"
WFT,FIN-WFT-DIN-TAB-120X36,"WATERFALL TABLE (DINING HEIGHT) 36 X 120"
WFT,FIN-WFT-DIN-TAB-28X120,"WATERFALL TABLE (DINING HEIGHT) 28"" x 120"" x 30"""
WFT,FIN-WFT-DIN-TAB-28X72,"WATERFALL TABLE (DINING HEIGHT) 28"" x 72"" x 30"""
WFT,FIN-WFT-DIN-TAB-28X96,"WATERFALL TABLE (DINING HEIGHT) 28"" x 96"" x 30"""
WFT,FIN-WFT-DIN-TAB-36X120,"WATERFALL TABLE (DINING HEIGHT) 36"" x 120"" x 30"""
WFT,FIN-WFT-DIN-TAB-36X72,"WATERFALL TABLE (DINING HEIGHT) 36"" x 72"" x 30"""
WFT,FIN-WFT-DIN-TAB-36X96,"WATERFALL TABLE (DINING HEIGHT) 36"" x 96"" x 30"""
WFT,FIN-WFT-DIN-TAB-72X28,"WATERFALL TABLE (DINING HEIGHT) 28 X 72"
WFT,FIN-WFT-DIN-TAB-72X36,"WATERFALL TABLE (DINING HEIGHT) 36 X 72"
WFT,FIN-WFT-DIN-TAB-96X28,"WATERFALL TABLE (DINING HEIGHT) 28 X 96"
WFT,FIN-WFT-DIN-TAB-96X36,"WATERFALL TABLE (DINING HEIGHT) 36 X 96"
WFT,FIN-WFT-FIR-TAB-56X36,"WATERFALL FIRE PIT TABLE 56"" x 36"" x 16"""
WFT,FIN-WFT-FIR-TAB-72X36,"WATERFALL FIRE PIT TABLE 72"" x 36"" x 16"""
WFT,FIN-WFT-FLY-BST-17X21,"HALF BACK BARSTOOL (BAR HEIGHT) 17"" x 21"" x 30"" SH"
WFT,FIN-WFT-FLY-BST-18X18,"FLY LEG BARSTOOL (BAR HEIGHT) 18"" x 18"" x 30"" SH"
WFT,FIN-WFT-SID-TAB-13X40,"WATERFALL SIDE TABLE 40X13"
WFT,FIN-WFT-SID-TAB-40X13,"WATERFALL SIDE TABLE 40"" x 13"" x 12"""
TNJ,FUR-TNJ-BAJSIDTABSTOCB,"TENJAM BAJA SIDE TABLE/STOOL CLOUD BLUE"
TNJ,FUR-TNJ-BAJSIDTABSTOCG,"TENJAM BAJA SIDE TABLE/STOOL CLOUD GRAY"
TNJ,FUR-TNJ-BAJSIDTABSTOCH,"TENJAM BAJA SIDE TABLE/STOOL CRYSTAL HONEY"
TNJ,FUR-TNJ-BAJSIDTABSTOCT,"TENJAM BAJA SIDE TABLE/STOOL CRYSTAL TOPAZ"
TNJ,FUR-TNJ-RIPSIDTABDS,"TENJAM RIPPLE SIDE TABLE DESERT SANDSTONE"
TNJ,FUR-TNJ-RIPSIDTABGG,"TENJAM RIPPLE SIDE TABLE GRAY GRANITE"
TNJ,FUR-TNJ-RIPSIDTABLB,"TENJAM RIPPLE SIDE TABLE LIGHT BLUE"
TNJ,FUR-TNJ-RIPSIDTABRR,"TENJAM RIPPLE SIDE TABLE RIVER ROCK"
TNJ,FUR-TNJ-RIPSIDTABSB,"TENJAM RIPPLE SIDE TABLE SURF BLUE"
TNJ,FUR-TNJ-RIPSIDTABSW,"TENJAM RIPPLE SIDE TABLE SOLID WHITE"
TNJ,FUR-TNJ-RIPSIDTABWG,"TENJAM RIPPLE SIDE TABLE WHITE GRANITE"
TNJ,FUR-TNJ-RIPSIDTABYEL,"TENJAM RIPPLE SIDE TABLE YELLOW"
