,CC Patio Scottsdale LLC,,,,,,,,,,,,,,,
,,,,,,,,,,,,,,,,
,**Referral & Designer Pricing are available for Approved Trade Partners Only.  Pricing is subject to change at CC Patio's discretion. ,,,,,,,,,,,,,,,
,Email Sales@CCPatio.com for more information.,,,,,,,,,,,,,,,
,,,,,,,,,,,,,,,,
,Drawing,Collections,Code,Arm Height,Sit Height,Length,Depth,Height,Product/Service full name,Memo/Description,MSRP,Pricing Increase 10/01/26,Adjusted in QB,MSRP w/Aluminum Frame,MSRP W/Aluminum,Designer Pricing (20% off Aluminum)
,"SOFAS, CHAISES & CLUB CHAIRS",,,,,,,,,,,,,,,
,,Bravada,,24'',18'',34'',34'',31'',"BRAVADA SWIVEL CHAIR 34"":BRAVADA SWIVEL CHAIR 34""","BRAVADA CLUB CHAIR 34"" x 34"" x 31"" BH","$2,080.00","$2,300",x,"$2,392.00","$2,392.00","$1,913.60"
,,Bravada,,24'',18'',34'',34'',31'',"BRAVADA SWIVEL CHAIR 34"":BRAVADA SWIVEL CHAIR 34""","BRAVADA SWIVEL CHAIR 34"" x 34"" x 31"" BH","$2,580.00","$2,700",x,"$2,967.00","$2,967.00","$2,373.60"
,,Bravada,,,,,,,,BRAVADA SWIVEL CHAIR W/DEKTON SIDEARM,"$2,880.00","$3,100",x,,"$3,312.00","$2,649.60"
,,Bravada,,24'',18'',60'',34'',31'',"BRAVADA LOVESEAT 60"":BRAVADA LOVESEAT 60""","BRAVADA LOVESEAT 60"" x 34"" x 31"" BH","$2,750.00","$2,885",x,"$3,162.50","$3,162.50","$2,530.00"
,,Bravada,,24'',18'',"48""","34""",31'',"BRAVADA MINI LOVESEAT 48"":BRAVADA MINI LOVESEAT 48""","BRAVADA MINI LOVESEAT 48"" x 34"" x 31"" BH","$2,520.00","$2,650",x,"$2,898.00","$2,898.00","$2,318.40"
,,Bravada,,24'',18'',"72""",34'',"31""","BRAVADA SOFA 72"":BRAVADA SOFA 72""","BRAVADA SOFA 72"" x 34"" x 31"" BH","$3,360.00","$3,650",x,"$3,864.00","$3,864.00","$3,091.20"
,,Bravada,,24'',18'',"84""",34'',"31""","BRAVADA SOFA 84"":BRAVADA SOFA 84""","BRAVADA SOFA 84"" x 34"" x 31"" BH","$3,840.00","$4,030",x,"$4,416.00","$4,416.00","$3,532.80"
,,Bravada,,24'',18'',"96""",34'',"31""","BRAVADA SOFA 96"":BRAVADA SOFA 96""","BRAVADA SOFA 96"" x 34"" x 31"" BH","$4,080.00","$4,285",x,"$4,692.00","$4,692.00","$3,753.60"
,,Bravada,,,,,,,,"BRAVADA ARMLESS SOFA 60"" x 34"" x 31"" BH","$2,880.00","$2,750",,"$3,312.00","$3,312.00","$2,649.60"
,,Bravada,,,,,,,,"BRAVADA ARMLESS MINI LOVESEAT 48"" x 34"" x 31"" BH","$2,320.00","$2,435",,"$2,668.00","$2,668.00","$2,134.40"
,,Bravada,,,,,,,,"BRAVADA ARMLESS SOFA 34"" X 34"" x 31"" BH","$2,040.00","$2,140",,"$2,346.00","$2,346.00","$1,876.80"
,,Bravada,,,,,,,,"BRAVADA ARMLESS SOFA 72"" x 34""  x 31"" BH","$3,360.00","$3,525",,"$3,864.00","$3,864.00","$3,091.20"
,,Bravada,,,,,,,,"BRAVADA ARMLESS SOFA 84"" x 34"" x 31"" BH","$3,840.00","$4,030",,"$4,416.00","$4,416.00","$3,532.80"
,,Bravada,,,,,,,,"BRAVADA ARMLESS SOFA 96"" x 34"" x 31"" BH","$4,080.00","$4,285",,"$4,692.00","$4,692.00","$3,753.60"
,,Bravada,,,18'',72'',34'',31'',"BRAVADA CORNER SOFA 72"" x 34"":BRAVADA CORNER SOFA 72"" x 34""","BRAVADA CORNER SOFA 72"" x 34"" x 31"" BH","$3,750.00","$3,950",x,"$4,312.50","$4,312.50","$3,450.00"
,,Bravada,,,18'',84'',34'',31'',"BRAVADA CORNER SOFA 84"" x 34"":BRAVADA CORNER SOFA 84"" x 34""","BRAVADA CORNER SOFA 84"" x 34"" x 31"" BH","$3,950.00","$4,250",x,"$4,542.50","$4,542.50","$3,634.00"
,,Bravada,,,18'',96'',34'',31'',"BRAVADA CORNER SOFA 96"" x 34"":BRAVADA CORNER SOFA 96"" x 34""","BRAVADA CORNER SOFA 96"" x 34"" x 31"" BH","$4,200.00","$4,450",x,"$4,830.00","$4,830.00","$3,864.00"
,,Bravada,,,,,,,,"BRAVADA CORNER CHAISE 72"" x 34"" X 31"" BH","$3,600.00","$3,780",x,"$4,140.00","$4,140.00","$3,312.00"
,,Bravada ,,,,,,,,"BRAVADA CORNER CHAISE 84"" x 34"" x 31"" BH","$3,800.00","$3,990",x,"$4,370.00","$4,370.00","$3,496.00"
,,Bravada,,,18'',"72""","42""",31'',"BRAVADA OVERSIZED CHAISE 72"" x 42"":BRAVADA OVERSIZED CHAISE 72"" x 42""","BRAVADA OVERSIZED CHAISE 72"" x 42"" x 31"" BH","$3,720.00","$3,900",x,"$4,278.00","$4,278.00","$3,422.40"
,,Bravada,,,18'',"84""","42""",31'',"BRAVADA OVERSIZED CHAISE 84"" x 42"":BRAVADA OVERSIZED CHAISE 84"" x 42""","BRAVADA OVERSIZED CHAISE 84"" x 42"" x 31"" BH","$4,200.00","$4,200",x,"$4,830.00","$4,830.00","$3,864.00"
,,Bravada,,20'',14'',30'',79'',,"BRAVADA SINGLE CHAISE LOUNGE 30"" x 79"":BRAVADA SINGLE CHAISE LOUNGE 30"" x 79""","BRAVADA SINGLE CHAISE LOUNGE 30"" x 79"" x 14"" SH","$2,460.00","$2,585",x,"$2,829.00","$2,829.00","$2,263.20"
,,BRAVADA,,,,,,,,"BRAVADA ROUND DAYBED 84"" DIAMETER","$7,280.00","$7,650",x,"$8,372.00","$8,372.00","$6,697.60"
,,Bravada,,"19""","14""",78'',72'',"27""","BRAVADA DAYBED 72"" x 78"":BRAVADA DAYBED 72"" x 78""","BRAVADA DAYBED 72"" x 78"" x 27"" BH","$6,480.00","$6,800",x,"$7,452.00","$7,452.00","$5,961.60"
,,Bravada,,"19""","14""",78'',78'',"27""","BRAVADA DAYBED 78"" x 78"":BRAVADA DAYBED 78"" x 78""","BRAVADA DAYBED 78"" x 78"" x 27"" BH","$6,720.00","$7,050",x,"$7,728.00","$7,728.00","$6,182.40"
,,Bravada,,"19""","14""",84'',78'',"27""","BRAVADA DAYBED 84"" x 78"":BRAVADA DAYBED 84"" x 78""","BRAVADA DAYBED 84"" x 78"" x 27"" BH","$7,080.00","$7,400",x,"$8,142.00","$8,142.00","$6,513.60"
,,Bravada,,20'',14'',"58""",79''',,"BRAVADA DOUBLE CHAISE LOUNGE 58"" x 79"":BRAVADA DOUBLE CHAISE LOUNGE 58"" x 79""","BRAVADA DOUBLE CHAISE LOUNGE 58"" x 79"" x 14"" SH","$3,720.00","$3,900",x,"$4,278.00","$4,278.00","$3,422.40"
,,Brooklyn,,,17'',"60""",34'',30'',"BROOKLYN SOFA 60"" x 34"":BROOKLYN SOFA 60"" x 34""","BROOKLYN SOFA 60"" x 34"" x 30"" BH","$3,360.00","$3,525",x,"$3,864.00","$3,864.00","$3,091.20"
,,Brooklyn,,,17'',"72""",34'',30'',"BROOKLYN SOFA 72"" x 34"":BROOKLYN SOFA 72"" x 34""","BROOKLYN SOFA 72"" x 34"" x 30"" BH","$3,840.00","$4,030",x,"$4,416.00","$4,416.00","$3,532.80"
,,Brooklyn,,,17'',"84""",34'',30'',"BROOKLYN SOFA 84"" x 34"":BROOKLYN SOFA 84"" x 34""","BROOKLYN SOFA 84"" x 34"" x 30"" BH","$4,200.00","$4,500",x,"$4,830.00","$4,830.00","$3,864.00"
,,Brooklyn,,,17'',"96""",34'',30'',"BROOKLYN SOFA 96"" x 34"":BROOKLYN SOFA 96"" x 34""","BROOKLYN SOFA 96"" x 34"" x 30"" BH","$4,800.00","$5,040",x,"$5,520.00","$5,520.00","$4,416.00"
,,Brooklyn,,,11'',"38""","79""",,"BROOKLYN SINGLE CHAISE LOUNGE 38"" x 79"":BROOKLYN SINGLE CHAISE LOUNGE 38"" x 79""","BROOKLYN SINGLE CHAISE LOUNGE 38"" x 79"" x 11"" SH","$2,940.00","$3,085",x,"$3,381.00","$3,381.00","$2,704.80"
,,Brooklyn,,,"17""",48'',72'',30'',"BROOKLYN TRANSITIONAL DOUBLE CHAISE 48"" x 72"":BROOKLYN TRANSITIONAL DOUBLE CHAISE 48"" x 72""","BROOKLYN TRANSITIONAL DOUBLE CHAISE 48"" x 72"" x 30"" BH","$4,080.00","$4,285",x,"$4,692.00","$4,692.00","$3,753.60"
,,Brooklyn,,,17'',36'',72'',30'',"BROOKLYN TRANSITIONAL SINGLE CHAISE 36"" x 72"":BROOKLYN TRANSITIONAL SINGLE CHAISE 36"" x 72""","BROOKLYN TRANSITIONAL SINGLE CHAISE 36"" x 72"" x 30"" BH","$3,720.00","$3,900",x,"$4,278.00","$4,278.00","$3,422.40"
,,Brooklyn,,,17'',"84""","42""",30'',"BROOKLYN CHAISE 84"" x 42"":BROOKLYN CHAISE 84"" x 42""","BROOKLYN OVERSIZED CHAISE 84"" x 42"" x 30"" BH","$4,440.00","$4,665",X,"$5,106.00","$5,106.00","$4,084.80"
,,Brooklyn,,,17'',"72""","34""",30'',"BROOKLYN CORNER SOFA 72"" x 34"":BROOKLYN CORNER SOFA 72"" x 34""","BROOKLYN CORNER SOFA 72"" x 34"" x 30"" BH","$3,720.00","$4,200",x,"$4,278.00","$4,278.00","$3,422.40"
,,Brooklyn,,,17'',"84""","34""",30'',"BROOKLYN CORNER SOFA 84"" x 34"":BROOKLYN CORNER SOFA 84"" x 34""","BROOKLYN CORNER SOFA 84"" x 34"" x 30"" BH","$4,200.00","$4,700",x,"$4,830.00","$4,830.00","$3,864.00"
,,Brooklyn,,,17'',"96""","34""",30'',"BROOKLYN CORNER SOFA 96"" x 34"":BROOKLYN CORNER SOFA 96"" x 34""","BROOKLYN CORNER SOFA 96"" x 34"" x 30"" BH","$4,680.00","$5,200",x,"$5,382.00","$5,382.00","$4,305.60"
,,Brooklyn,,,"11""","58""","79""",,"BROOKLYN DOUBLE CHAISE LOUNGE 58"" x 79"":BROOKLYN DOUBLE CHAISE LOUNGE 58"" x 79""","BROOKLYN DOUBLE CHAISE LOUNGE 58"" x 79"" x 11"" SH","$4,200.00","$4,400",x,"$4,830.00","$4,830.00","$3,864.00"
,,Brooklyn,,,17'',"72""","42""",30'',"BROOKLYN CHAISE 72"" x 42"":BROOKLYN CHAISE 72"" x 42""","BROOKLYN OVERSIZED CHAISE 72"" x 42"" x 30"" BH","$3,960.00","$4,150",X,"$4,554.00","$4,554.00","$3,643.20"
,,Ocean,,20'',16'',34'',38'',33'',"OCEAN CLUB CHAIR:OCEAN CLUB CHAIR w/METAL ARM 34""","OCEAN CLUB CHAIR w/METAL ARM 34"" x 38"" x 33"" BH","$2,280.00","$2,400",x,"$2,622.00","$2,622.00","$2,097.60"
,,Ocean,,21'',17'',"34""","34""",34'',"OCEAN SWIVEL CHAIR 34"":OCEAN SWIVEL CHAIR 34""","OCEAN SWIVEL CHAIR 34"" x 38"" x 33"" BH","$2,780.00","$2,900",x,"$3,197.00","$3,197.00","$2,557.60"
,,Ocean,,,,,,,,"OCEAN SWIVEL CHAIR W/DEKTON SIDEARM 34"" x 38"" X 33","$3,080.00","$3,200",x,,"$3,542.00","$2,833.60"
,,Ocean,,20'',16'',"72""",38'',33'',"OCEAN SOFA 72"":OCEAN SOFA 72""","OCEAN SOFA 72"" x 38"" x 33"" BH","$3,600.00","$3,780",x,"$4,140.00","$4,140.00","$3,312.00"
,,Ocean,,20'',16'',"84""",38'',33'',"OCEAN SOFA 84"":OCEAN SOFA 84""","OCEAN SOFA 84"" x 38"" x 33"" BH","$3,960.00","$4,150",x,"$4,554.00","$4,554.00","$3,643.20"
,,Ocean,,20'',16'',"96""",38'',33'',"OCEAN SOFA 96"":OCEAN SOFA 96""","OCEAN SOFA 96"" x 38"" x 33"" BH","$4,440.00","$4,665",x,"$5,106.00","$5,106.00","$4,084.80"
,,Ocean,,20'',16'',60'',48'',33'',"OCEAN MINI LOVESEAT 48"":OCEAN MINI LOVESEAT 48""","OCEAN MINI LOVESEAT 48"" x 38"" x 33"" BH","$2,540.00","$2,665",x,"$2,921.00","$2,921.00","$2,336.80"
,,Ocean,,20'',16'',60'',38'',33'',"OCEAN LOVESEAT 60"":OCEAN LOVESEAT 60""","OCEAN LOVESEAT 60"" x 38"" x 33"" BH","$3,140.00","$3,295",X,"$3,611.00","$3,611.00","$2,888.80"
,,Ocean,,,"14""","36""",79'',,"OCEAN SINGLE CHAISE LOUNGE 36"" x 79"":OCEAN SINGLE CHAISE LOUNGE 36"" x 79""","OCEAN SINGLE CHAISE LOUNGE 36"" x 79"" x 14"" SH","$2,550.00","$2,675",x,"$2,932.50","$2,932.50","$2,346.00"
,,Ocean,,,"14""","58""",79,68'',"OCEAN DOUBLE CHAISE LOUNGE 58"" x 79"":OCEAN DOUBLE CHAISE LOUNGE 58"" x 79""","OCEAN DOUBLE CHAISE LOUNGE 58"" x 79"" x 14"" SH","$3,850.00","$4,050",x,"$4,427.50","$4,427.50","$3,542.00"
,,Milan,,,,,,,,"MILAN CLUB CHAIR 32"" x 36"" x 16"" SH","$2,400.00","$2,520",x,,"$2,760.00","$2,208.00"
,,Milan,,,,,,,,MILAN SWIVEL CHAIR,,"$3,200",x,,,
,,Milan,,,,,,,,"MILAN OTTOMAN 34"" X 42"" x 16""","$1,400.00","$1,400",x,"$1,260.00","$1,610.00","$1,288.00"
,,Milan,,,,,,,,"MILAN ONE-SIDED SOFA 60"" X 36"" x 16"" SH","$3,520.00","$3,520",x,,"$4,048.00","$3,238.40"
,,,,,,,,,,,,$0,x,,$0.00,$0.00
,,Milan,,,,,,,,"MILAN ONE-SIDED SOFA 72"" X 36"" x 16"" SH","$4,030.00","$4,030",x,,"$4,634.50","$3,707.60"
,,Milan,,,,,,,,"MILAN ONE SIDED SOFA 84"" X 36"" X 16"" SH","$4,400.00","$4,400",x,,"$5,060.00","$4,048.00"
,,Milan,,,,,,,,"MILAN ONE-SIDED SOFA 96"" X 36"" X 16"" SH","$5,040.00","$5,040",x,,"$5,796.00","$4,636.80"
,,Milan,,,,,,,,"MILAN DOUBLE-SIDED SOFA 60"" X 62"" X 16"" SH","$5,420.00","$5,420",x,"$4,878.00","$6,233.00","$4,986.40"
,,Milan,,,,,,,,"MILAN T-SHAPED SOFA 62"" X 42"" X 22"" X 16"" SH","$5,700.00","$5,700",x,"$5,130.00","$6,555.00","$5,244.00"
,"COFFEE TABLES, T-TABLES, FLYING TABLES",,,,,,,,,,,,,,,
,,Ocean,,,,"36""","36""",16'',"OCEAN ROUND SIDE TABLE 36"":OCEAN ROUND SIDE TABLE 36""","OCEAN ROUND SIDE TABLE 36"" x 17""","$1,150.00","$1,350",x,"$1,322.50","$1,322.50","$1,058.00"
,,Ocean,,,,20'',20'',"16""","OCEAN SIDE TABLE 20"" x 20"":OCEAN SIDE TABLE 20"" x 20""","OCEAN SIDE TABLE 20"" x 20"" x 17""",$900.00,$950,x,"$1,035.00","$1,035.00",$828.00
,,Bravada,,,,42'',"28""",16'',"BRAVADA COFFEE TABLE 28"" x 42"":BRAVADA COFFEE TABLE 28"" x 42""","BRAVADA COFFEE TABLE 28"" x 42"" x 17""","$2,280.00","$2,395",x,"$2,622.00","$2,622.00","$2,097.60"
,,Bravada,,,,"36""","36""",16'',"BRAVADA COFFEE TABLE 36"" X 36"":BRAVADA COFFEE TABLE 36"" x 36""","BRAVADA COFFEE TABLE 36"" x 36"" x 17""","$2,280.00","$2,395",x,"$2,622.00","$2,622.00","$2,097.60"
,,Bravada,,,,"56""","36""",16'',"BRAVADA COFFEE TABLE 36"" x 56"":BRAVADA COFFEE TABLE 36"" x 56""","BRAVADA COFFEE TABLE 36"" x 56"" x 17""","$3,000.00","$3,150",x,"$3,450.00","$3,450.00","$2,760.00"
,,Bravada,,,,"72""","36""",16'',"BRAVADA COFFEE TABLE 36"" x 72"":BRAVADA COFFEE TABLE 36"" x 72""","BRAVADA COFFEE TABLE 36"" x 72"" x 17""","$3,600.00","$3,780",x,"$4,140.00","$4,140.00","$3,312.00"
,,Bravada,,,,"42""","42""",16'',"BRAVADA COFFEE TABLE 42"" x 42"":BRAVADA COFFEE TABLE 42"" x 42""","BRAVADA COFFEE TABLE 42"" x 42"" x 17""","$2,880.00","$3,025",x,"$3,312.00","$3,312.00","$2,649.60"
,,Bravada,,,,"56""","42""",16'',"BRAVADA COFFEE TABLE 42"" x 56"":BRAVADA COFFEE TABLE 42"" x 56""","BRAVADA COFFEE TABLE 42"" x 56"" x 17""","$3,120.00","$3,275",x,"$3,588.00","$3,588.00","$2,870.40"
,,Bravada,,,,"72""","42""",16'',"BRAVADA COFFEE TABLE 42"" x 72"":BRAVADA COFFEE TABLE 42"" x 72""","BRAVADA COFFEE TABLE 42"" x 72"" x 17""","$3,960.00","$4,155",x,"$4,554.00","$4,554.00","$3,643.20"
,,Bravada,,,,"56""","56""",16'',"BRAVADA COFFEE TABLE 56"" x 56"":BRAVADA COFFEE TABLE 56"" x 56""","BRAVADA COFFEE TABLE 56"" x 56"" x 17""","$4,320.00","$4,535",x,"$4,968.00","$4,968.00","$3,974.40"
,,Bravada,,,,"72""","56""",16'',"BRAVADA COFFEE TABLE 56"" x 72"":BRAVADA COFFEE TABLE 56"" x 72""","BRAVADA COFFEE TABLE 56"" x 72"" x 17""","$5,160.00","$5,415",x,"$5,934.00","$5,934.00","$4,747.20"
,,Bravada,,,,20'',20'',16'',"BRAVADA SIDE TABLE 20"" x 20"":BRAVADA SIDE TABLE 20"" x 20""","BRAVADA SIDE TABLE 20"" x 20"" x 17""",$780.00,$820,x,$897.00,$897.00,$717.60
,,Ocean,,,,"56""",28'',16'',"OCEAN COFFEE TABLE 28"" x 56"":OCEAN COFFEE TABLE 28"" x 56""","OCEAN COFFEE TABLE 28"" x 56"" x 17""","$3,000.00","$3,150",x,"$3,450.00","$3,450.00","$2,760.00"
,,Ocean,,,,"36""",36'',16'',"OCEAN COFFEE TABLE 36"" x 36"":OCEAN COFFEE TABLE 36"" x 36""","OCEAN COFFEE TABLE 36"" x 36"" x 17""","$2,760.00","$2,895",x,"$3,174.00","$3,174.00","$2,539.20"
,,Ocean,,,,"56""",36'',16'',"OCEAN COFFEE TABLE 36"" x 56"":OCEAN COFFEE TABLE 36"" x 56""","OCEAN COFFEE TABLE 36"" x 56"" x 17""","$3,240.00","$3,400",x,"$3,726.00","$3,726.00","$2,980.80"
,,Ocean,,,,"72""",36'',16'',"OCEAN COFFEE TABLE 36"" x 72"":OCEAN COFFEE TABLE 36"" x 72""","OCEAN COFFEE TABLE 36"" x 72"" x 17""","$3,840.00","$4,030",x,"$4,416.00","$4,416.00","$3,532.80"
,,Ocean,,,,"42""",42'',16'',"OCEAN COFFEE TABLE 42"" x 42"":OCEAN COFFEE TABLE 42"" x 42""","OCEAN COFFEE TABLE 42"" x 42"" x 17""","$3,120.00","$3,275",x,"$3,588.00","$3,588.00","$2,870.40"
,,Ocean,,,,"56""",42'',16'',"OCEAN COFFEE TABLE 42"" x 56"":OCEAN COFFEE TABLE 42"" x 56""","OCEAN COFFEE TABLE 42"" x 56"" x 17""","$3,480.00","$3,655",x,"$4,002.00","$4,002.00","$3,201.60"
,,Ocean,,,,"72""",42'',16'',"OCEAN COFFEE TABLE 42"" x 72"":OCEAN COFFEE TABLE 42"" x 72""","OCEAN COFFEE TABLE 42"" x 72"" x 17""","$4,200.00","$4,400",x,"$4,830.00","$4,830.00","$3,864.00"
,,Ocean,,,,"56""",56'',16'',"OCEAN COFFEE TABLE 56"" x 56"":OCEAN COFFEE TABLE 56"" x 56""","OCEAN COFFEE TABLE 56"" x 56"" x 17""","$4,560.00","$4,785",x,"$5,244.00","$5,244.00","$4,195.20"
,,Ocean,,,,"72""",56'',16'',"OCEAN COFFEE TABLE 56"" x 72"":OCEAN COFFEE TABLE 56"" x 72""","OCEAN COFFEE TABLE 56"" x 72"" x 17""","$5,400.00","$5,670",x,"$6,210.00","$6,210.00","$4,968.00"
,,Ocean,,,,42'',28'',16'',"OCEAN COFFEE TABLE 28"" x 42"":OCEAN COFFEE TABLE 28"" x 42""","OCEAN COFFEE TABLE 28"" x 42"" x 17""","$2,520.00","$2,645",x,"$2,898.00","$2,898.00","$2,318.40"
,,,,,,,12'',24'',16'',ANGULAR SIDE TABLE,850.00,$895,,$977.50,$977.50,$782.00
,,,,,,60'',12'',2'',"FLY TABLE 60"":FLY TABLE 60""","FLY TABLE 60"" X 12""",$650.00,$685,x,$747.50,$747.50,$598.00
,,,,,,72'',12'',2'',"FLY TABLE 72"":FLY TABLE 72""","FLY TABLE 72"" X 12""",$780.00,$820,x,$897.00,$897.00,$717.60
,,,,,,84''',12'',2'',"FLY TABLE 84"":FLY TABLE 84""","FLY TABLE 84"" X 12""",$900.00,$945,x,"$1,035.00","$1,035.00",$828.00
,,,,,,"38""",8,2'',"FLY TABLE 8"":FLY TABLE 8""","FLY TABLE 34"" X 12""",$480.00,$500,x,$552.00,$552.00,$441.60
,,,,,,96'',12'',2'',"FLY TABLE 96"":FLY TABLE 96""","FLY TABLE 96"" X 12""","$1,150.00","$1,200",x,"$1,322.50","$1,322.50","$1,058.00"
,,,,,,32'',32'',17'',TRIANGLE SIDE TABLE:TRIANGLE SIDE TABLE,"TRIANGLE SIDE TABLE 32"" x 32"" x 17""",$750.00,$785,x,$862.50,$862.50,$690.00
,,,,,,13'',30'',16'',T TABLE:T TABLE,"T TABLE 13"" x 30"" x 16""",$480.00,$500,x,$552.00,$552.00,$441.60
,,,,,,13'',30'',21'',U SIDE TABLE:U SIDE TABLE,"U SIDE TABLE 13"" x 30"" x 21""",$625.00,$655,x,$718.75,$718.75,$575.00
,,,,,,"13""","40""",12,"WATERFALL SIDE TABLE 40""x13"":WATERFALL SIDE TABLE 40""x13""","WATERFALL SIDE TABLE 40""x13"" x 12""",$985.00,"$1,035",x,"$1,132.75","$1,132.75",$906.20
,,,,,,,,,,,,,,,$0.00,$0.00
,"DINING TABLES, FIRE TABLES, ETC.",,,,,,,,,,,,,,$0.00,
,,,,,,42'',42'',"30""","DAISY BASE ROUND TABLE (DINING HEIGHT) 42"":DAISY BASE ROUND TABLE (DINING HEIGHT) 42""","DAISY BASE ROUND TABLE (DINING HEIGHT) 42"" x 30""","$4,280.00","$4,500",x,"$4,922.00","$4,922.00","$3,937.60"
,,,,,,42'',42'',"30""","DAISY BASE ROUND TABLE (DINING HEIGHT) 42"":DAISY BASE ROUND TABLE (DINING HEIGHT) 42""","DAISY BASE ROUND TABLE (DINING HEIGHT) 56"" x 30""","$4,880.00","$5,125",x,"$5,612.00","$5,612.00","$4,489.60"
,,,,,,,,,,"DAISY BASE OVAL TABLE 108"" X 56"" X 30""","$7,360.00","$7,725",x,,"$8,464.00","$6,771.20"
,,,,,,"120""",42'',"42""","DAISY BASE TABLE (BAR HEIGHT) 42"" x 120"":DAISY BASE TABLE (BAR HEIGHT) 42"" x 120""","DAISY BASE TABLE (BAR HEIGHT) 42"" x 120"" x 42""","$7,080.00","$7,435",x,"$8,142.00","$8,142.00","$6,513.60"
,,,,,,"72""",42'',"42""","DAISY BASE TABLE (BAR HEIGHT) 42"" x 72"":DAISY BASE TABLE (BAR HEIGHT) 42"" x 72""","DAISY BASE TABLE (BAR HEIGHT) 42"" x 72"" x 42""","$5,400.00","$5,670",x,"$6,210.00","$6,210.00","$4,968.00"
,,,,,,"96""",42'',"42""","DAISY BASE TABLE (BAR HEIGHT) 42"" x 96"":DAISY BASE TABLE (BAR HEIGHT) 42"" x 96""","DAISY BASE TABLE (BAR HEIGHT) 42"" x 96"" x 42""","$6,240.00","$6,555",x,"$7,176.00","$7,176.00","$5,740.80"
,,,,,,"120""",56'',"42""","DAISY BASE TABLE (BAR HEIGHT) 56"" x 120"":DAISY BASE TABLE (BAR HEIGHT) 56"" x 120""","DAISY BASE TABLE (BAR HEIGHT) 56"" x 120"" x 42""","$7,380.00","$7,745",x,"$8,487.00","$8,487.00","$6,789.60"
,,,,,,"56""",56''',"42""","DAISY BASE TABLE (BAR HEIGHT) 56"" x 56"":DAISY BASE TABLE (BAR HEIGHT) 56"" x 56""","DAISY BASE TABLE (BAR HEIGHT) 56"" x 56"" x 42""","$4,980.00","$5,225",x,"$5,727.00","$5,727.00","$4,581.60"
,,,,,,"72""",56'',"42""","DAISY BASE TABLE (BAR HEIGHT) 56"" x 72"":DAISY BASE TABLE (BAR HEIGHT) 56"" x 72""","DAISY BASE TABLE (BAR HEIGHT) 56"" x 72"" x 42""","$5,940.00","$6,235",x,"$6,831.00","$6,831.00","$5,464.80"
,,,,,,"96""",56'',"42""","DAISY BASE TABLE (BAR HEIGHT) 56"" x 96"":DAISY BASE TABLE (BAR HEIGHT) 56"" x 96""","DAISY BASE TABLE (BAR HEIGHT) 56"" x 96"" x 42""","$6,660.00","$6,995",x,"$7,659.00","$7,659.00","$6,127.20"
,,,,,,"120""",42'',"36""","DAISY BASE TABLE (COUNTER HEIGHT) 42"" x 120"":DAISY BASE TABLE (COUNTER HEIGHT) 42"" x 120""","DAISY BASE TABLE (COUNTER HEIGHT) 42"" x 120"" x 36""","$6,840.00","$7,185",x,"$7,866.00","$7,866.00","$6,292.80"
,,,,,,"72""",42'',"36""","DAISY BASE TABLE (COUNTER HEIGHT) 42"" x 72"":DAISY BASE TABLE (COUNTER HEIGHT) 42"" x 72""","DAISY BASE TABLE (COUNTER HEIGHT) 42"" x 72"" x 36""","$5,280.00","$5,545",x,"$6,072.00","$6,072.00","$4,857.60"
,,,,,,"96""",42'',"36""","DAISY BASE TABLE (COUNTER HEIGHT) 42"" x 96"":DAISY BASE TABLE (COUNTER HEIGHT) 42"" x 96""","DAISY BASE TABLE (COUNTER HEIGHT) 42"" x 96"" x 36""","$6,120.00","$6,425",x,"$7,038.00","$7,038.00","$5,630.40"
,,,,,,"120""",56'',"36""","DAISY BASE TABLE (COUNTER HEIGHT) 56"" x 120"":DAISY BASE TABLE (COUNTER HEIGHT) 56"" x 120""","DAISY BASE TABLE (COUNTER HEIGHT) 56"" x 120"" x 36""","$7,260.00","$7,625",x,"$8,349.00","$8,349.00","$6,679.20"
,,,,,,"56""",56'',"36""","DAISY BASE TABLE (COUNTER HEIGHT) 56"" x 56""","DAISY BASE TABLE (COUNTER HEIGHT) 56"" x 56"" x 36""","$4,860.00","$5,100",x,"$5,589.00","$5,589.00","$4,471.20"
,,,,,,"72""",56'',"36""","DAISY BASE TABLE (COUNTER HEIGHT) 56"" x 72"":DAISY BASE TABLE (COUNTER HEIGHT) 56"" x 72""","DAISY BASE TABLE (COUNTER HEIGHT) 56"" x 72"" x 36""","$5,820.00","$6,110",x,"$6,693.00","$6,693.00","$5,354.40"
,,,,,,"96""",56''',"36""","DAISY BASE TABLE (COUNTER HEIGHT) 56"" x 96"":DAISY BASE TABLE (COUNTER HEIGHT) 56"" x 96""","DAISY BASE TABLE (COUNTER HEIGHT) 56"" x 96"" x 36""","$6,540.00","$6,865",x,"$7,521.00","$7,521.00","$6,016.80"
,,,,,,"120""",42'',"30""","DAISY BASE TABLE (DINING HEIGHT) 42"" x 120"":DAISY BASE TABLE (DINING HEIGHT) 42"" x 120""","DAISY BASE TABLE (DINING HEIGHT) 42"" x 120"" x 30""","$6,600.00","$6,930",x,"$7,590.00","$7,590.00","$6,072.00"
,,,,,,"72""",42'',"30""","DAISY BASE TABLE (DINING HEIGHT) 42"" x 72"":DAISY BASE TABLE (DINING HEIGHT) 42"" x 72""","DAISY BASE TABLE (DINING HEIGHT) 42"" x 72"" x 30""","$5,040.00","$5,295",x,"$5,796.00","$5,796.00","$4,636.80"
,,,,,,"96""",42'',"30""","DAISY BASE TABLE (DINING HEIGHT) 42"" x 96"":DAISY BASE TABLE (DINING HEIGHT) 42"" x 96""","DAISY BASE TABLE (DINING HEIGHT) 42"" x 96"" x 30""","$5,880.00","$6,175",x,"$6,762.00","$6,762.00","$5,409.60"
,,,,,,"120""",56'',"30""","DAISY BASE TABLE (DINING HEIGHT) 56"" x 120"":DAISY BASE TABLE (DINING HEIGHT) 56"" x 120""","DAISY BASE TABLE (DINING HEIGHT) 56"" x 120"" x 30""","$7,080.00","$7,435",x,"$8,142.00","$8,142.00","$6,513.60"
,,,,,,"56""",56'',"30""","DAISY BASE TABLE (DINING HEIGHT) 56"" x 56"":DAISY BASE TABLE (DINING HEIGHT) 56"" x 56""","DAISY BASE TABLE (DINING HEIGHT) 56"" x 56"" x 30""","$4,680.00","$4,900",x,"$5,382.00","$5,382.00","$4,305.60"
,,,,,,"72""",56'',"30""","DAISY BASE TABLE (DINING HEIGHT) 56"" x 72"":DAISY BASE TABLE (DINING HEIGHT) 56"" x 72""","DAISY BASE TABLE (DINING HEIGHT) 56"" x 72"" x 30""","$5,640.00","$5,925",x,"$6,486.00","$6,486.00","$5,188.80"
,,,,,,"96""",56'',"30""","DAISY BASE TABLE (DINING HEIGHT) 56"" x 96"":DAISY BASE TABLE (DINING HEIGHT) 56"" x 96""","DAISY BASE TABLE (DINING HEIGHT) 56"" x 96"" x 30""","$6,360.00","$6,675",x,"$7,314.00","$7,314.00","$5,851.20"
,,Brooklyn,,,,120'',28'',"42""","BROOKLYN TABLE (BAR HEIGHT) 28"" x 120"":BROOKLYN TABLE (BAR HEIGHT) 28"" x 120""","BROOKLYN TABLE (BAR HEIGHT) 28"" x 120"" x 42""","$4,560.00","$4,785",x,"$5,244.00","$5,244.00","$4,195.20"
,,Brooklyn,,,,72'',28'',"42""","BROOKLYN TABLE (BAR HEIGHT) 28"" x 72"":BROOKLYN TABLE (BAR HEIGHT) 28"" x 72""","BROOKLYN TABLE (BAR HEIGHT) 28"" x 72"" x 42""","$3,360.00","$3,525",x,"$3,864.00","$3,864.00","$3,091.20"
,,Brooklyn,,,,98'',28'',"42""","BROOKLYN TABLE (BAR HEIGHT) 28"" x 96"":BROOKLYN TABLE (BAR HEIGHT) 28"" x 96""","BROOKLYN TABLE (BAR HEIGHT) 28"" x 96"" x 42""","$3,840.00","$4,035",x,"$4,416.00","$4,416.00","$3,532.80"
,,Brooklyn,,,,120'',36'',"42""","BROOKLYN TABLE (BAR HEIGHT) 36"" x 120"":BROOKLYN TABLE (BAR HEIGHT) 36"" x 120""","BROOKLYN TABLE (BAR HEIGHT) 36"" x 120"" x 42""","$5,160.00","$5,415",x,"$5,934.00","$5,934.00","$4,747.20"
,,Brooklyn,,,,72'',36'',"42""","BROOKLYN TABLE (BAR HEIGHT) 36"" x 72"":BROOKLYN TABLE (BAR HEIGHT) 36"" x 72""","BROOKLYN TABLE (BAR HEIGHT) 36"" x 72"" x 42""","$3,720.00","$3,900",x,"$4,278.00","$4,278.00","$3,422.40"
,,Brooklyn,,,,96'',36'',"42""","BROOKLYN TABLE (BAR HEIGHT) 36"" x 96"":BROOKLYN TABLE (BAR HEIGHT) 36"" x 96""","BROOKLYN TABLE (BAR HEIGHT) 36"" x 96"" x 42""","$4,440.00","$4,665",x,"$5,106.00","$5,106.00","$4,084.80"
,,Brooklyn,,,,72'',18'',"36""","BROOKLYN TABLE (COUNTER HEIGHT) 18"" x 72:BROOKLYN TABLE (COUNTER HEIGHT) 18"" x 72","BROOKLYN TABLE (COUNTER HEIGHT) 28"" x 72 x 36""","$3,480.00","$3,655",x,"$4,002.00","$4,002.00","$3,201.60"
,,Brooklyn,,,,120'',28'',"36""","BROOKLYN TABLE (COUNTER HEIGHT) 28"" x 120"":BROOKLYN TABLE (COUNTER HEIGHT) 28"" x 120""","BROOKLYN TABLE (COUNTER HEIGHT) 28"" x 120"" x 36""","$4,320.00","$4,535",x,"$4,968.00","$4,968.00","$3,974.40"
,,Brooklyn,,,,72'',28'',"36""","BROOKLYN TABLE (COUNTER HEIGHT) 28"" x 72"":BROOKLYN TABLE (COUNTER HEIGHT) 28"" x 72""","BROOKLYN TABLE (COUNTER HEIGHT) 28"" x 72"" x 36""","$3,120.00","$3,275",x,"$3,588.00","$3,588.00","$2,870.40"
,,Brooklyn,,,,96'',28'',"36""","BROOKLYN TABLE (COUNTER HEIGHT) 28"" x 96"":BROOKLYN TABLE (COUNTER HEIGHT) 28"" x 96""","BROOKLYN TABLE (COUNTER HEIGHT) 28"" x 96"" x 36""","$3,720.00","$3,900",x,"$4,278.00","$4,278.00","$3,422.40"
,,Brooklyn,,,,120'',36'',"36""","BROOKLYN TABLE (COUNTER HEIGHT) 36"" x 120"":BROOKLYN TABLE (COUNTER HEIGHT) 36"" x 120""","BROOKLYN TABLE (COUNTER HEIGHT) 36"" x 120"" x 36""","$4,920.00","$5,165",x,"$5,658.00","$5,658.00","$4,526.40"
,,Brooklyn,,,,72'',"36""","36""","BROOKLYN TABLE (COUNTER HEIGHT) 36"" x 72"":BROOKLYN TABLE (COUNTER HEIGHT) 36"" x 72""","BROOKLYN TABLE (COUNTER HEIGHT) 36"" x 72"" x 36""","$3,480.00","$3,655",x,"$4,002.00","$4,002.00","$3,201.60"
,,Brooklyn,,,,96'',"36""","36""","BROOKLYN TABLE (COUNTER HEIGHT) 36"" x 96"":BROOKLYN TABLE (COUNTER HEIGHT) 36"" x 96""","BROOKLYN TABLE (COUNTER HEIGHT) 36"" x 96"" x 36""","$4,200.00","$4,410",x,"$4,830.00","$4,830.00","$3,864.00"
,,Brooklyn,,,,"120""","28""","30""","BROOKLYN TABLE (DINING HEIGHT) 28"" x 120"":BROOKLYN TABLE (DINING HEIGHT) 28"" x 120""","BROOKLYN TABLE (DINING HEIGHT) 28"" x 120"" x 30""","$4,080.00","$4,285",x,"$4,692.00","$4,692.00","$3,753.60"
,,Brooklyn,,,,"72""","28""","30""","BROOKLYN TABLE (DINING HEIGHT) 28"" x 72"":BROOKLYN TABLE (DINING HEIGHT) 28"" x 72""","BROOKLYN TABLE (DINING HEIGHT) 28"" x 72"" x 30""","$2,880.00","$3,025",x,"$3,312.00","$3,312.00","$2,649.60"
,,Brooklyn,,,,"96""","28""","30""","BROOKLYN TABLE (DINING HEIGHT) 28"" x 96"":BROOKLYN TABLE (DINING HEIGHT) 28"" x 96""","BROOKLYN TABLE (DINING HEIGHT) 28"" x 96"" x 30""","$3,480.00","$3,655",x,"$4,002.00","$4,002.00","$3,201.60"
,,Brooklyn,,,,"120""","36""","30""","BROOKLYN TABLE (DINING HEIGHT) 36"" x 120"":BROOKLYN TABLE (DINING HEIGHT) 36"" x 120""","BROOKLYN TABLE (DINING HEIGHT) 36"" x 120"" x 30""","$4,680.00","$4,915",x,"$5,382.00","$5,382.00","$4,305.60"
,,Brooklyn,,,,"72""","36""","30""","BROOKLYN TABLE (DINING HEIGHT) 36"" x 72"":BROOKLYN TABLE (DINING HEIGHT) 36"" x 72""","BROOKLYN TABLE (DINING HEIGHT) 36"" x 72"" x 30""","$3,240.00","$3,400",x,"$3,726.00","$3,726.00","$2,980.80"
,,Brooklyn,,,,"96""","36""","30""","BROOKLYN TABLE (DINING HEIGHT) 36"" x 96"":BROOKLYN TABLE (DINING HEIGHT) 36"" x 96""","BROOKLYN TABLE (DINING HEIGHT) 36"" x 96"" x 30""","$3,960.00","$4,155",x,"$4,554.00","$4,554.00","$3,643.20"
,,,,,,36'',36'',"42""","STAR LEG TABLE (BAR HEIGHT) 36"" x 36"":STAR LEG TABLE (BAR HEIGHT) 36"" x 36""","STAR LEG TABLE (BAR HEIGHT) 36"" x 36"" x 42""","$3,000.00","$3,150",x,"$3,450.00","$3,450.00","$2,760.00"
,,,,,,72'',36'',"42""","STAR LEG TABLE (BAR HEIGHT) 36"" x 72"":STAR LEG TABLE (BAR HEIGHT) 36"" x 72""","STAR LEG TABLE (BAR HEIGHT) 36"" x 72"" x 42""","$4,440.00","$4,665",x,"$5,106.00","$5,106.00","$4,084.80"
,,,,,,42'',42'',"42""","STAR LEG TABLE (BAR HEIGHT) 42"" x 42"":STAR LEG TABLE (BAR HEIGHT) 42"" x 42""","STAR LEG TABLE (BAR HEIGHT) 42"" x 42"" x 42""","$3,120.00","$3,275",x,"$3,588.00","$3,588.00","$2,870.40"
,,,,,,36'',36'',"36""","STAR LEG TABLE (COUNTER HEIGHT) 36"" x 36"":STAR LEG TABLE (COUNTER HEIGHT) 36"" x 36""","STAR LEG TABLE (COUNTER HEIGHT) 36"" x 36"" x 36""","$2,940.00","$3,085",x,"$3,381.00","$3,381.00","$2,704.80"
,,,,,,72'',36'',"36""","STAR LEG TABLE (COUNTER HEIGHT) 36"" x 72"":STAR LEG TABLE (COUNTER HEIGHT) 36"" x 72""","STAR LEG TABLE (COUNTER HEIGHT) 36"" x 72"" x 36""","$4,320.00","$4,535",x,"$4,968.00","$4,968.00","$3,974.40"
,,,,,,42'',42'',"36""","STAR LEG TABLE (COUNTER HEIGHT) 42"" x 42"":STAR LEG TABLE (COUNTER HEIGHT) 42"" x 42""","STAR LEG TABLE (COUNTER HEIGHT) 42"" x 42"" x 36""","$3,060.00","$3,215",x,"$3,519.00","$3,519.00","$2,815.20"
,,,,,,36'',36'',"30""","STAR LEG TABLE (DINING HEIGHT) 36"" x 36"":STAR LEG TABLE (DINING HEIGHT) 36"" x 36""","STAR LEG TABLE (DINING HEIGHT) 36"" x 36"" x 30""","$2,880.00","$3,025",x,"$3,312.00","$3,312.00","$2,649.60"
,,,,,,72'',36'',"30""","STAR LEG TABLE (DINING HEIGHT) 36"" x 72"":STAR LEG TABLE (DINING HEIGHT) 36"" x 72""","STAR LEG TABLE (DINING HEIGHT) 36"" x 72"" x 30""","$4,200.00","$4,410",x,"$4,830.00","$4,830.00","$3,864.00"
,,,,,,42'',42'',"30""","STAR LEG TABLE (DINING HEIGHT) 42"" x 42"":STAR LEG TABLE (DINING HEIGHT) 42"" x 42""","STAR LEG TABLE (DINING HEIGHT) 42"" x 42"" x 30""","$3,000.00","$3,150",x,"$3,450.00","$3,450.00","$2,760.00"
,,,,,,"120""",28'',"42""","WATERFALL TABLE (BAR HEIGHT) 28"" x 120"":WATERFALL TABLE (BAR HEIGHT) 28"" x 120""","WATERFALL TABLE (BAR HEIGHT) 28"" x 120"" x 42""","$7,440.00","$7,900",x,"$8,556.00","$8,556.00","$6,844.80"
,,,,,,"96""",28'',"42""","WATERFALL TABLE (BAR HEIGHT) 28"" x 96"":WATERFALL TABLE (BAR HEIGHT) 28"" x 96""","WATERFALL TABLE (BAR HEIGHT) 28"" x 96"" x 42""","$6,720.00","$7,055",x,"$7,728.00","$7,728.00","$6,182.40"
,,,,,,"72""",28'',"42""","WATERFALL TABLE (BAR HEIGHT) 28"" x 72"":WATERFALL TABLE (BAR HEIGHT) 28"" x 72""","WATERFALL TABLE (BAR HEIGHT) 28"" x 72"" x 42""","$6,000.00","$6,300",x,"$6,900.00","$6,900.00","$5,520.00"
,,,,,,"120""",36'',"42""","WATERFALL TABLE (BAR HEIGHT) 36"" x 120"":WATERFALL TABLE (BAR HEIGHT) 36"" x 120""","WATERFALL TABLE (BAR HEIGHT) 36"" x 120"" x 42""","$7,800.00","$9,400",x,"$8,970.00","$8,970.00","$7,176.00"
,,,,,,"96""",36'',"42""","WATERFALL TABLE (BAR HEIGHT) 36"" x 96"":WATERFALL TABLE (BAR HEIGHT) 36"" x 96""","WATERFALL TABLE (BAR HEIGHT) 36"" x 96"" x 42""","$7,080.00","$8,900",x,"$8,142.00","$8,142.00","$6,513.60"
,,,,,,"72""",36'',"42""","WATERFALL TABLE (BAR HEIGHT) 36"" x 72"":WATERFALL TABLE (BAR HEIGHT) 36"" x 72""","WATERFALL TABLE (BAR HEIGHT) 36"" x 72"" x 42""","$6,360.00","$7,900",x,"$7,314.00","$7,314.00","$5,851.20"
,,,,,,"120""",28'',"36""","WATERFALL TABLE (COUNTER HEIGHT) 28"" x 120"":WATERFALL TABLE (COUNTER HEIGHT) 28"" x 120""","WATERFALL TABLE (COUNTER HEIGHT) 28"" x 120"" x 36""","$7,200.00","$7,700",x,"$8,280.00","$8,280.00","$6,624.00"
,,,,,,"96""",28'',"36""","WATERFALL TABLE (COUNTER HEIGHT) 28"" x 96"":WATERFALL TABLE (COUNTER HEIGHT) 28"" x 96""","WATERFALL TABLE (COUNTER HEIGHT) 28"" x 96"" x 36""","$6,480.00","$6,900",x,"$7,452.00","$7,452.00","$5,961.60"
,,,,,,"72""",28'',"36""","WATERFALL TABLE (COUNTER HEIGHT) 28"" x 72"":WATERFALL TABLE (COUNTER HEIGHT) 28"" x 72""","WATERFALL TABLE (COUNTER HEIGHT) 28"" x 72"" x 36""","$5,760.00","$6,300",x,"$6,624.00","$6,624.00","$5,299.20"
,,,,,,"120""",36'',"36""","WATERFALL TABLE (COUNTER HEIGHT) 36"" x 120"":WATERFALL TABLE (COUNTER HEIGHT) 36"" x 120""","WATERFALL TABLE (COUNTER HEIGHT) 36"" x 120"" x 36""","$7,560.00","$8,900",x,"$8,694.00","$8,694.00","$6,955.20"
,,,,,,"96""",36'',"36""","WATERFALL TABLE (COUNTER HEIGHT) 36"" x 96"":WATERFALL TABLE (COUNTER HEIGHT) 36"" x 96""","WATERFALL TABLE (COUNTER HEIGHT) 36"" x 96"" x 36""","$6,840.00","$7,950",x,"$7,866.00","$7,866.00","$6,292.80"
,,,,,,"72""",36'',"36""","WATERFALL TABLE (COUNTER HEIGHT) 36"" x 72"":WATERFALL TABLE (COUNTER HEIGHT) 36"" x 72""","WATERFALL TABLE (COUNTER HEIGHT) 36"" x 72"" x 36""","$6,120.00","$7,500",x,"$7,038.00","$7,038.00","$5,630.40"
,,,,,,"120""",28'',"30""","WATERFALL TABLE (DINING HEIGHT) 28"" x 120"":WATERFALL TABLE (DINING HEIGHT) 28"" x 120""","WATERFALL TABLE (DINING HEIGHT) 28"" x 120"" x 30""","$6,960.00","$7,800",x,"$8,004.00","$8,004.00","$6,403.20"
,,,,,,"96""",28'',"30""","WATERFALL TABLE (DINING HEIGHT) 28"" x 96"":WATERFALL TABLE (DINING HEIGHT) 28"" x 96""","WATERFALL TABLE (DINING HEIGHT) 28"" x 96"" x 30""","$6,240.00","$6,800",x,"$7,176.00","$7,176.00","$5,740.80"
,,,,,,"72""",28'',"30""","WATERFALL TABLE (DINING HEIGHT) 28"" x 72"":WATERFALL TABLE (DINING HEIGHT) 28"" x 72""","WATERFALL TABLE (DINING HEIGHT) 28"" x 72"" x 30""","$5,520.00","$5,900",x,"$6,348.00","$6,348.00","$5,078.40"
,,,,,,"120""",36'',"30""","WATERFALL TABLE (DINING HEIGHT) 36"" x 120"":WATERFALL TABLE (DINING HEIGHT) 36"" x 120""","WATERFALL TABLE (DINING HEIGHT) 36"" x 120"" x 30""","$7,320.00","$8,600",x,"$8,418.00","$8,418.00","$6,734.40"
,,,,,,"96""",36'',"30""","WATERFALL TABLE (DINING HEIGHT) 36"" x 96"":WATERFALL TABLE (DINING HEIGHT) 36"" x 96""","WATERFALL TABLE (DINING HEIGHT) 36"" x 96"" x 30""","$6,600.00","$7,950",x,"$7,590.00","$7,590.00","$6,072.00"
,,,,,,"72""",36'',"30""","WATERFALL TABLE (DINING HEIGHT) 36"" x 72"":WATERFALL TABLE (DINING HEIGHT) 36"" x 72""","WATERFALL TABLE (DINING HEIGHT) 36"" x 72"" x 30""","$5,880.00","$7,450",x,"$6,762.00","$6,762.00","$5,409.60"
,,,,,,84'',56'',30'',"DAISY BASE FIRE PIT DINING TABLE 84"" x 56"":DAISY BASE FIRE PIT DINING TABLE 84"" x 56""","DAISY BASE FIRE PIT DINING TABLE 84"" x 56"" x 30""","$8,500.00","$8,925",x,"$9,775.00","$9,775.00","$7,820.00"
,,,,,,"96""",56'',30'',"DAISY BASE FIRE PIT DINING TABLE 96"" x 56"":DAISY BASE FIRE PIT DINING TABLE 96"" x 56""","DAISY BASE FIRE PIT DINING TABLE 96"" x 56"" x 30""","$8,800.00","$9,240",x,"$10,120.00","$10,120.00","$8,096.00"
,,,,,,"42""",42'',21'',"DAISY BASE FIRE PIT TABLE 42"" x 42"":DAISY BASE FIRE PIT TABLE 42"" x 42""","PROPANE FIRE PIT TABLE 56"" x 56"" x 16""","$6,200.00","$6,500",x,"$7,130.00","$7,130.00","$5,704.00"
,,,,,,42'',42'',21'',"PROPANE FIRE PIT TABLE 42"" x 42"":PROPANE FIRE PIT TABLE 42"" x 42""","PROPANE FIRE PIT TABLE 42"" x 42"" x 21""","$4,800.00","$5,040",X,"$5,520.00","$5,520.00","$4,416.00"
,,,,,,,,,,"DOUBLE WATERFALL FIRE PIT TABLE 56"" X 36""",,"$7,665",,,,
,,,,,,,,,,"DOUBLE WATERFALL FIRE PIT TABLE 83"" X 36""",,"$8,200",,,,
,,,,,,56'',36'',16'',"WATERFALL FIRE PIT TABLE 56"" x 36"":WATERFALL FIRE PIT TABLE 56"" x 36""","WATERFALL FIRE PIT TABLE 56"" x 36"" x 16""","$5,980.00","$6,280",X,"$6,877.00","$6,877.00","$5,501.60"
,,,,,,72'',36'',18'',"WATERFALL FIRE PIT TABLE 72"" x 36"":WATERFALL FIRE PIT TABLE 72"" x 36""","WATERFALL FIRE PIT TABLE 72"" x 36"" x 16""","$6,980.00","$7,330",X,"$8,027.00","$8,027.00","$6,421.60"
,,,,,,"56""","14""","36""","OCCASIONAL TABLE:OCCASIONAL TABLE 56""x14""x36""","OCCASIONAL TABLE 56""x14""x36""","$3,080.00","$3,235",X,N/A,"$3,542.00","$2,833.60"
,"DINING CHAIRS, BENCHES & STOOLS",,,,,,,,,,,,,,,
,,,,,18'',"72""",22'',,"DINING BENCH w/NO ARMS 72"" x 22"":DINING BENCH w/NO ARMS 72"" x 22""","DINING BENCH w/NO ARMS 72"" x 22"" x 18"" SH","$1,950.00","$2,045",X,"$2,242.50","$2,242.50","$1,794.00"
,,,,,18'',"96""",22'',,"DINING BENCH w/NO ARMS 96"" x 22"":DINING BENCH w/NO ARMS 96"" x 22""","DINING BENCH w/NO ARMS 96"" x 22"" x 18"" SH","$2,400.00","$2,520",X,"$2,760.00","$2,760.00","$2,208.00"
,,,,,30'',18'',18''',30'',FLY LEG BARSTOOL (BAR HEIGHT):FLY LEG BARSTOOL (BAR HEIGHT),"FLY LEG BARSTOOL (BAR HEIGHT) 18"" x 18"" x 30"" SH",$810.00,$850,X,$931.50,$931.50,$745.20
,,,,,24'',18'',18'',24'',FLY LEG BARSTOOL (COUNTER HEIGHT):FLY LEG BARSTOOL (COUNTER HEIGHT),"FLY LEG BARSTOOL (COUNTER HEIGHT) 18"" x 18"" x 24"" SH",$780.00,$820,X,$897.00,$897.00,$717.60
,,,,,"30""",42'',18'',"30""","FLY LEG BENCH (BAR HEIGHT) 42"":FLY LEG BENCH (BAR HEIGHT) 42""","FLY LEG BENCH (BAR HEIGHT) 42"" x 18"" x 30"" SH","$1,440.00","$1,515",X,"$1,656.00","$1,656.00","$1,324.80"
,,,,,"24""",42'',18'',"24""","FLY LEG BENCH (COUNTER HEIGHT) 42"":FLY LEG BENCH (COUNTER HEIGHT) 42""","FLY LEG BENCH (COUNTER HEIGHT) 42"" x 18"" x 24"" SH","$1,380.00","$1,450",X,"$1,587.00","$1,587.00","$1,269.60"
,,,17'',,"18""",42'',18'',"18""","FLY LEG BENCH (DINING HEIGHT) 42"":FLY LEG BENCH (DINING HEIGHT) 42""","FLY LEG BENCH (DINING HEIGHT) 42"" x 18"" x 18"" SH","$1,320.00","$1,385",X,"$1,518.00","$1,518.00","$1,214.40"
,,,,,"18""",18'',18'',"18""",FLY LEG CHAIR (DINING HEIGHT):FLY LEG CHAIR (DINING HEIGHT),"FLY LEG CHAIR (DINING HEIGHT) 18"" x 18"" x 18"" SH",$750.00,$785,X,$862.50,$862.50,$690.00
,,,,,"30""",17'',21'',39'',HALF BACK BARSTOOL (BAR HEIGHT):HALF BACK BARSTOOL (BAR HEIGHT),"HALF BACK BARSTOOL (BAR HEIGHT) 17"" x 21"" x 30"" SH",$830.00,$875,X,$954.50,$954.50,$763.60
,,,,,24'',17'',21'',33''',HALF BACK BARSTOOL (COUNTER HEIGHT):HALF BACK BARSTOOL (COUNTER HEIGHT),"HALF BACK BARSTOOL (COUNTER HEIGHT) 17"" x 21"" x 24"" SH",$800.00,$840,X,$920.00,$920.00,$736.00
,,,,,18'',17'',21'',27'',HALF BACK CHAIR (DINING HEIGHT:HALF BACK CHAIR (DINING HEIGHT,"HALF BACK CHAIR (DINING HEIGHT 17"" x 21"" x 18"" SH",$770.00,$810,X,$885.50,$885.50,$708.40
,,,,,30'',19'',23'',45'',TAYLOR BARSTOOL (BAR HEIGHT):TAYLOR BARSTOOL (BAR HEIGHT),"TAYLOR BARSTOOL (BAR HEIGHT) 19"" x 23"" x 30"" SH",$855.00,$895,X,$983.25,$983.25,$786.60
,,,,,24'',18'',23'',39'',TAYLOR BARSTOOL (COUNTER HEIGHT):TAYLOR BARSTOOL (COUNTER HEIGHT),"TAYLOR BARSTOOL (COUNTER HEIGHT) 19"" x 23"" x 24"" SH",$825.00,$865,X,$948.75,$948.75,$759.00
,,,,35'',30'',24'',23'',45'',TAYLOR BARSTOOL w/ARMS (BAR HEIGHT):TAYLOR BARSTOOL w/ARMS (BAR HEIGHT),"TAYLOR BARSTOOL w/ARMS (BAR HEIGHT) 24"" x 23"" x 30"" SH",$955.00,$995,X,"$1,098.25","$1,098.25",$878.60
,,,,29'',24'',24'',23'',39'',TAYLOR BARSTOOL w/ARMS (COUNTER HEIGHT):TAYLOR BARSTOOL w/ARMS (COUNTER HEIGHT),"TAYLOR BARSTOOL w/ARMS (COUNTER HEIGHT) 24"" x 23"" x 24"" SH",$925.00,$975,X,"$1,063.75","$1,063.75",$851.00
,,,,23'',18'',24'',23'',33'',"TAYLOR BENCH (BAR HEIGHT) 42"":TAYLOR BENCH (BAR HEIGHT) 42""","TAYLOR BENCH (BAR HEIGHT) 42"" x 23"" x 24"" SH","$1,980.00","$2,075",X,"$2,277.00","$2,277.00","$1,821.60"
,,,,,30'',72'',23''',45'',"TAYLOR BENCH (BAR HEIGHT) 72"":TAYLOR BENCH (BAR HEIGHT) 72""","TAYLOR BENCH (BAR HEIGHT) 72"" x 23"" x 30"" SH","$2,580.00","$2,700",X,"$2,967.00","$2,967.00","$2,373.60"
,,,,,24'',42'',23'',39'',"TAYLOR BENCH (COUNTER HEIGHT) 42"":TAYLOR BENCH (COUNTER HEIGHT) 42""","TAYLOR BENCH (COUNTER HEIGHT) 42"" x 23"" x 24"" SH","$1,860.00","$1,955",X,"$2,139.00","$2,139.00","$1,711.20"
,,,,,24'',72'',23'',39'',"TAYLOR BENCH (COUNTER HEIGHT) 72"":TAYLOR BENCH (COUNTER HEIGHT) 72""","TAYLOR BENCH (COUNTER HEIGHT) 72"" x 23"" x 24"" SH","$2,460.00","$2,585",X,"$2,829.00","$2,829.00","$2,263.20"
,,,,,18'',42'',23'',33'',"TAYLOR BENCH (DINING HEIGHT) 42"":TAYLOR BENCH (DINING HEIGHT) 42""","TAYLOR BENCH (DINING HEIGHT) 42"" x 23"" x 18"" SH","$1,740.00","$1,825",X,"$2,001.00","$2,001.00","$1,600.80"
,,,,,18'',72'',23'',33'',"TAYLOR BENCH (DINING HEIGHT) 72"":TAYLOR BENCH (DINING HEIGHT) 72""","TAYLOR BENCH (DINING HEIGHT) 72"" x 23"" x 18"" SH","$2,340.00","$2,455",X,"$2,691.00","$2,691.00","$2,152.80"
,,,,,18'',19'',23'',33'',TAYLOR CHAIR (DINING HEIGHT):TAYLOR CHAIR (DINING HEIGHT),"TAYLOR CHAIR (DINING HEIGHT) 19"" x 23"" x 18"" SH",$795.00,$835,X,$914.25,$914.25,$731.40
,,,,23'',18'',24'',23'',33'',TAYLOR CHAIR w/ARMS (DINING HEIGHT):TAYLOR CHAIR w/ARMS (DINING HEIGHT),"TAYLOR CHAIR w/ARMS (DINING HEIGHT) 24"" x 23"" x 18"" SH",$895.00,$940,X,"$1,029.25","$1,029.25",$823.40
,,,,,,,,,,"BRAVADA ROUNDED BENCH 96"" X 34"" 18"" SH","$2,900.00","$3,045",X,,"$3,335.00","$2,668.00"
,,,,,,,,,,"BRAVADA ROUNDED BACKED BENCH 96"" X 34"" X 18"" SH","$3,400","$3,570",X,,"$3,910.00","$3,128.00"
,OTTOMANS,,,,,,,,,,,,,,,
,,Bravada,,,16'',"30""",22'',,"BRAVADA OTTOMAN 22"" x 30"":BRAVADA OTTOMAN 22"" x 30""","BRAVADA OTTOMAN 22"" x 30"" x 16""",$750.00,$785,x,$862.50,$862.50,$690.00
,,Bravada,,,16'',"42""",22'',,"BRAVADA OTTOMAN 22"" x 42"":BRAVADA OTTOMAN 22"" x 42""","BRAVADA OTTOMAN 22"" x 42"" x 16""",$850.00,$890,x,$977.50,$977.50,$782.00
,,Bravada,,,16'',"60""",22'',,"BRAVADA OTTOMAN 22"" x 60"":BRAVADA OTTOMAN 22"" x 60""","BRAVADA OTTOMAN 22"" x 60"" x 16""",$980.00,"$1,025",x,"$1,127.00","$1,127.00",$901.60
,,Bravada,,,16'',"72""",22'',,"BRAVADA OTTOMAN 22"" x 72"":BRAVADA OTTOMAN 22"" x 72""","BRAVADA OTTOMAN 22"" x 72"" x 16""","$1,180.00","$1,240",x,"$1,357.00","$1,357.00","$1,085.60"
,,Bravada,,,16'',"34""",34'',,"BRAVADA OTTOMAN 34"" x 34"":BRAVADA OTTOMAN 34"" x 34""","BRAVADA OTTOMAN 34"" x 34"" x 16""","$1,060.00","$1,115",x,"$1,219.00","$1,219.00",$975.20
,,Bravada,,,16'',"42""",34'',,"BRAVADA OTTOMAN 34"" x 42"":BRAVADA OTTOMAN 34"" x 42""","BRAVADA OTTOMAN 34"" x 42"" x 16""","$1,260.00","$1,325",x,"$1,449.00","$1,449.00","$1,159.20"
,,Bravada,,,16'',"60""",34'',,"BRAVADA OTTOMAN 34"" x 60"":BRAVADA OTTOMAN 34"" x 60""","BRAVADA OTTOMAN 34"" x 60"" x 16""","$1,500.00","$1,575",x,"$1,725.00","$1,725.00","$1,380.00"
,,Bravada,,,16'',"72""",34'',,"BRAVADA OTTOMAN 34"" x 72"":BRAVADA OTTOMAN 34"" x 72""","BRAVADA OTTOMAN 34"" x 72"" x 16""","$1,700.00","$1,785",x,"$1,955.00","$1,955.00","$1,564.00"
,,Brooklyn,,,17'',"42""",22'',,"BROOKLYN OTTOMAN 22"" x 42"":BROOKLYN OTTOMAN 22"" x 42""","BROOKLYN OTTOMAN 22"" x 42"" x 17""",$935.00,$985,x,"$1,075.25","$1,075.25",$860.20
,,Brooklyn,,,17'',"60""",22'',,"BROOKLYN OTTOMAN 22"" x 60"":BROOKLYN OTTOMAN 22"" x 60""","BROOKLYN OTTOMAN 22"" x 60"" x 17""","$1,080.00","$1,135",x,"$1,242.00","$1,242.00",$993.60
,,Brooklyn,,,17'',"72""",22'',,"BROOKLYN OTTOMAN 22"" x 72"":BROOKLYN OTTOMAN 22"" x 72""","BROOKLYN OTTOMAN 22"" x 72"" x 17""","$1,300.00","$1,365",x,"$1,495.00","$1,495.00","$1,196.00"
,,Brooklyn,,,17'',"34""",34'',,"BROOKLYN OTTOMAN 34"" x 34"":BROOKLYN OTTOMAN 34"" x 34""","BROOKLYN OTTOMAN 34"" x 34"" x 17""","$1,180.00","$1,240",x,"$1,357.00","$1,357.00","$1,085.60"
,,Brooklyn,,,17'',"42""",34'',,"BROOKLYN OTTOMAN 34"" x 42"":BROOKLYN OTTOMAN 34"" x 42""","BROOKLYN OTTOMAN 34"" x 42"" x 17""","$1,380.00","$1,450",x,"$1,587.00","$1,587.00","$1,269.60"
,,Brooklyn,,,17'',"60""",34'',,"BROOKLYN OTTOMAN 34"" x 60"":BROOKLYN OTTOMAN 34"" x 60""","BROOKLYN OTTOMAN 34"" x 60"" x 17""","$1,650.00","$1,735",x,"$1,897.50","$1,897.50","$1,518.00"
,,Brooklyn,,,17'',"72""",34'',,"BROOKLYN OTTOMAN 34"" x 72"":BROOKLYN OTTOMAN 34"" x 72""","BROOKLYN OTTOMAN 34"" x 72"" x 17""","$1,900.00","$1,995",x,"$2,185.00","$2,185.00","$1,748.00"
,,Brooklyn,,,17'',"56""","42""",,"BROOKLYN OTTOMAN  56""x 42"":BROOKLYN OTTOMAN 56""x 42""","BROOKLYN OTTOMAN 56""x 42"" x 17""","$1,740.00","$1,825",x,"$2,001.00","$2,001.00","$1,600.80"
,,Ocean,,,16'',"30""",22'',,"OCEAN OTTOMAN 30"" x 22"":OCEAN OTTOMAN 30"" x 22""","OCEAN OTTOMAN 30"" x 22"" x 16""",$780.00,$820,x,$897.00,$897.00,$717.60
,,Ocean,,,16'',"42""",22'',,"OCEAN OTTOMAN 42"" x 22"":OCEAN OTTOMAN 42"" x 22""","OCEAN OTTOMAN 42"" x 22"" x 16""","$1,080.00","$1,134",x,"$1,242.00","$1,242.00",$993.60
,,Ocean,,,16'',"60""",22'',,"OCEAN OTTOMAN 60"" x 22"":OCEAN OTTOMAN 60"" x 22""","OCEAN OTTOMAN 60"" x 22"" x 16""","$1,280.00","$1,345",x,"$1,472.00","$1,472.00","$1,177.60"
,,Ocean,,,16'',"72""",22'',,"OCEAN OTTOMAN 72"" x 22"":OCEAN OTTOMAN 72"" x 22""","OCEAN OTTOMAN 72"" x 22"" x 16""","$1,480.00","$1,550",x,"$1,702.00","$1,702.00","$1,361.60"
,,Miscellaneous,,,"16""","22""","22""",,"CUBE OTTOMAN 22"" X 22"":CUBE OTTOMAN 22"" x 22""","CUBE OTTOMAN 22"" x 22"" x 16""",$650.00,$685,x,$747.50,$747.50,$598.00
,,Miscellaneous,,,22'',"72""","22""",,"CUSTOM STORAGE OTTOMAN 22"" x 72"":CUSTOM STORAGE OTTOMAN 22"" x 72""","CUSTOM STORAGE OTTOMAN 22"" x 72"" x 23""","$3,500.00","$3,675",x,"$4,025.00","$4,025.00","$3,220.00"
,SWINGS,,,,,,,,,,,,,,,
,,Bravada,0,Bravada,,,12''',60'',60'',"60"" ROUND SWING 60"" x 12"" SH","$3,120.00","$3,275",,"$3,588.00","$3,588.00","$2,870.40"
,,Bravada,,16'',10'',"66""",42'',"23""","BRAVADA SWING 66"" X 42"":BRAVADA SWING 66"" x 42""","BRAVADA SWING 66"" x 42"" x 23"" BH","$3,900.00","$4,100",x,"$4,485.00","$4,485.00","$3,588.00"
,,Bravada,,22'',16'',"96""","60""",84'',"BRAVADA SWING 66"" x 42"" w/FRAME","BRAVADA SWING 66"" x 42"" w/FRAME x 84""","$7,280.00","$7,645",x,"$8,372.00","$8,372.00","$6,697.60"
,,Bravada,,,,,,,,"BRAVADA SWING FRAME ONLY 66-72"" x 42"" x 84""","$3,200.00","$3,360",,"$3,680.00","$3,680.00","$2,944.00"
,,,,,,,,,,"BRAVADA SWING FRAME ONLY 84""+ Thicker Gauge","$4,200.00","$4,410",,"$4,830.00","$4,830.00","$3,864.00"
,,Bravada,,16'',10'',"72""",42'',"23""","BRAVADA SWING 72"" X 42"":BRAVADA SWING 72"" x 42""","BRAVADA SWING 72"" x 42"" x 23"" BH","$4,400.00","$4,620",x,"$5,060.00","$5,060.00","$4,048.00"
,,Bravada,,22'',16'',102'',60'',"84""","BRAVADA SWING 72"" x 42"" w/FRAME:BRAVADA SWING 72"" x 42"" w/FRAME","BRAVADA SWING 72"" x 42"" w/FRAME","$8,240.00","$8,650",x,"$9,476.00","$9,476.00","$7,580.80"
,,Bravada,,,,,,,,"BRAVADA SWING 84"" x 42"" x 23"" BH","$4,900.00","$5,145",x,"$5,635.00","$5,635.00","$4,508.00"
,,Bravada,,,,,,,,"BRAVADA SWING 96"" x 42"" x 23"" BH","$5,400.00","$5,670",,"$6,210.00","$6,210.00","$4,968.00"
,,Bravada,,28'',18'',"84""","84""",78'',"CABANA 84""x84"":CABANA 84""x84""","DAYBED W/CANOPY 84""x84"" x 78"" ","$7,980.00","$8,380",,"$9,177.00","$9,177.00","$7,341.60"
,,,,,,,,,,,,,,,,
,"UMBRELLAS, PILLOWS, ACCESSORIES & MISC.",,,,,,,,,,,,,,,
,N/A,,,,,,,,,ADD-ON WHEELS FOR CHAISE LOUNGERS,$200,,,N/A,N/A,
,N/A,,,,,,,,IRONWOOD:ADD IRONWOOD (2 ARMS),ADD IRONWOOD (2 ARMS),$200.00,,,N/A,N/A,N/A
,,,,,,,,,,"SQUARE PILLOW 17"" X 17""",$65.00,$65,x,N/A,N/A,$52.00
,,,,,,,,,,"SQUARE PILLOW 23"" X 23""",$95.00,$95,x,N/A,N/A,$76.00
,,,,,,,,,,"LUMBAR PILLOW 12""  X 24""",$65.00,$65,x,N/A,N/A,$52.00
,,,,,,,,,,"LUMBAR PILLOW 13"" X 33""",$120.00,$120,x,N/A,N/A,$96.00
,,Miscellaneous,,,,,,,FLEXY TWIN NO BASE:FLEXY TWIN NO BASE,FLEXY TWIN NO BASE,"$8,500.00",,,N/A,N/A,N/A
,,Miscellaneous,,,,,,,FLEXY ZEN COVER:FLEXY ZEN COVER,FLEXY ZEN COVER,$450.00,,,N/A,N/A,N/A
,,Miscellaneous,,,,,,,FLEXY ZEN NO BASE:FLEXY ZEN NO BASE,FLEXY ZEN COVER NO BASE,"$11,750.00",,,N/A,N/A,N/A
,,,,,,,,,,FLEXY TWIN BASE ,"$2,100.00",,,N/A,N/A,N/A
,,,,,,,,,,FLEXY ZEN BASE,"$7,000.00",,,N/A,N/A,N/A
,,,,,,,,,MARINA 2x2 UMBRELLA NO BASE:MARINA 2x2 UMBRELLA NO BASE,LIDO (2 x 2) 7' SQ UMBRELLA NO BASE,$700.00,,,N/A,N/A,N/A
,,,,,,,,,MARINA 3M UMBRELLA NO BASE:MARINA 3M UMBRELLA NO BASE,LIDO ROUND (2M) 7' UMBRELLA NO BASE,$950.00,,,N/A,N/A,N/A
,N/A,,,,,,,,MARINA UMBRELLA COVER:MARINA UMBRELLA COVER,LIDO UMBRELLA COVER,$100.00,,,N/A,N/A,N/A
,,Miscellaneous,,,,,,,CANTILEVER UMBRELLA w/BASE:CANTILEVER UMBRELLA w/BASE,CANTILEVER UMBRELLA w/BASE,"$5,150.00",,,N/A,N/A,N/A
,,Miscellaneous,,,,,,,KINDLE LIVING HEATER:KINDLE LIVING HEATER (Allison),KINDLE LIVING HEATER (Allison/Bella),"$5,695.00",,,N/A,N/A,N/A
,,Miscellaneous,,,,,,,KINDLE LIVING LAMP:KINDLE LIVING LAMP (Allison),KINDLE LIVING LAMP (Allison/Bella),"$5,595.00",,,N/A,N/A,N/A
,,Miscellaneous,,,,,,,,KINDLE SIERRA,"$12,985.00",,,,N/A,N/A
,,Miscellaneous,,,,,,,,KINDLE DOLLY,$770.00,,,,N/A,N/A
,,Miscellaneous,,,,,,,,KINDLE MULTI-COLOR LED KIT (ALLISON/BELLA WHITE ONLY),$480.00,,,,N/A,N/A
,,Tenjam,,,,,,,LEDGE LOUNGER AUTOGRAPH SIDE TABLE:LEDGE LOUNGER AUTOGRAPH SIDE TABLE,"LAYLO LOUNGER, NO RISERS",$599.99,,,N/A,N/A,N/A
,,Tenjam,,,,,,,LEDGE LOUNGER:LEDGE LOUNGER AUTOGRAPH CHAISE (Water Height-  ),"LAYLO LOUNGER W/4"" RISERS",$729.99,,,N/A,N/A,N/A
,,Tenjam,,,,,,,LEDGE LOUNGER:LEDGE LOUNGER SIGNATURE CHAISE DEEP (Water Height-  ),PILLOW FOR LOUNGERS W/POCKET,$154.99,,,N/A,N/A,N/A
,,Tenjam,,,,,,,LEDGE LOUNGER:LEDGE LOUNGER SIGNATURE CHAISE (Water Height-  ),ONE 4 LB. COATED LED WEIGHT,$59.99,,,N/A,N/A,N/A
,,Tenjam,,,,,,,LEDGE LOUNGER SIGNATURE LOWBACK CHAIR:LEDGE LOUNGER SIGNATURE LOWBACK CHAIR,TWE 4 LB. COATED LEAD WEIGHTS (8 LBS. TOTAL),$94.99,,,N/A,N/A,N/A
,,Tenjam,,,,,,,,FREELO CHAIR SPLASH,$499.99,,,N/A,N/A,N/A
,,Tenjam,,,,,,,,"TWO SHAYZ LOUNGERS FOR 5"" DEPTH","$1,599.99",,,N/A,N/A,N/A
,,Tenjam,,,,,,,,"TWO SHAYZ LOUNGERS & TWO SETS OF 4"" RISERS, FOR 9"" DEPTH","$1,749.99",,,N/A,N/A,N/A
,,Tenjam,,,,,,,,"TWO SHAYZ LOUNGERS & TWO SETS OF 8"" RISERS, FOR 13"" DEPTH","$1,849.99",,,N/A,N/A,N/A
,,Tenjam,,,,,,,,"TWO SHAYZ LOUNGERS & TWO SETS OF  12"" RISERS FOR 17"" DEPTH","$1,849.99",,,N/A,N/A,N/A
,,Tenjam,,,,,,,,MOON CHAIR W/CUP HOLDERS,$749.99,,,N/A,N/A,N/A
,,Tenjam,,,,,,,,MIBSTER CHAIR W/CUP HOLDERS,$749.99,,,N/A,N/A,N/A
,,Tenjam,,,,,,,,TWO WOOSAH CHAIRS,"$1,759.99",,,N/A,N/A,N/A
,,Tenjam,,,,,,,,Ripple Table,$464.99,,,,N/A,N/A
,N/A,,,,,,,,FABRICATED DEKTON SLAB:FABRICATED DEKTON SLAB,FABRICATED DEKTON SLAB,"$4,000.00",,,N/A,N/A,N/A
,N/A,,,,,,,,CANTILEVER UMBRELLA COVER:CANTILEVER UMBRELLA COVER,CANTILEVER UMBRELLA COVER,$150.00,,,N/A,N/A,N/A
,N/A,,,,,,,,UNFABRICATED DEKTON SLAB:UNFABRICATED DEKTON SLAB,UNFABRICATED DEKTON SLAB,"$2,500.00",,,N/A,"$2,250.00","$2,000.00"
,,,,,,,,,,,,,,,,
,*Prices are subject to change at CC Patio's discretion.  ,,,,,,,,,,,,,,,
,,,,,,,,,,,,,,,,
,,,,,,,,,,,,,,,,
,,,,,,,,,,,,,,,,
,,,,,,,,,"Accrual Basis Thursday, January 16, 2025 11:42 PM GMTZ",,,,,,,