Material SKU,Category (Fabric/Powder/Dekton),Material Name,Cost Per Unit,UOM,Weight
FAB-ACT-ASH,Fabric,ACTION ASH,,yd,
FAB-ACT-STO,Fabric,ACTION STONE,,yd,
FAB-ADA-IND,Fabric,ADAPTATION INDIGO,,yd,
FAB-ADA-STO,Fabric,ADAPTATION STONE,,yd,
FAB-ADE-CEL,Fabric,ADENA CELESTE,,yd,
FAB-AGR-IND,Fabric,AGRA INDIGO,,yd,
FAB-ARI-DEW,Fabric,ARIANA DEW,,yd,
FAB-ARR-CAL,Fabric,ARRAY CALYPSO,,yd,
FAB-ARR-CAR,Fabric,ARRAY CARIBBEAN,,yd,
FAB-ARR-DUN,Fabric,ARRAY DUNE,,yd,
FAB-ASC-SPA,Fabric,ASCEND SPA,,yd,
FAB-ASC-TRO,Fabric,ASCEND TROPICAL,,yd,
FAB-ASS-IITEA,Fabric,ASSEMBLE II TEAK,,yd,
FAB-ASS-SAN,Fabric,ASSEMBLE SAND,,yd,
FAB-AUT-PEB,Fabric,AUTHENTIC PEBBLE,,yd,
FAB-BEA-BEA,Fabric,BEACON,,yd,
FAB-BEA-ULT,Fabric,BEACON ULTRALEATHER,,yd,
FAB-BER-TUX,Fabric,BERENSON TUXEDO,,yd,
FAB-BLE-IND,Fabric,BLEND INDIGO,,yd,
FAB-BLE-LIN,Fabric,BLEND LINEN,,yd,
FAB-BLE-MIS,Fabric,BLEND MIST,,yd,
FAB-BLE-SAN,Fabric,BLEND SAND,,yd,
FAB-BLI-ALO,Fabric,BLISS ALOE,,yd,
FAB-BLI-ASP,Fabric,BLISS ASPEN,,yd,
FAB-BLI-CLA,Fabric,BLISS CLAY,,yd,
FAB-BLI-DEW,Fabric,BLISS DEW,,yd,
FAB-BLI-GUA,Fabric,BLISS GUAVA,,yd,
FAB-BLI-LEM,Fabric,BLISS LEMON,,yd,
FAB-BLI-LIN,Fabric,BLISS LINEN,,yd,
FAB-BLI-SAN,Fabric,BLISS SAND,,yd,
FAB-BLI-SMO,Fabric,BLISS SMOKE,,yd,
FAB-BOR-IND,Fabric,BORO INDIGO,,yd,
FAB-BRA-RED,Fabric,BRANNON REDWOOD,,yd,
FAB-BRA-WHI,Fabric,BRANNON WHISPER,,yd,
FAB-BUN-ULT,Fabric,BUNGALOW ULTRALEATHER,,yd,
FAB-CAB-CLA,Fabric,CABANA CLASSIC,,yd,
FAB-CAL-LAU,Fabric,CALM LAUREL,,yd,
FAB-CAN-ABB,Fabric,CANVAS ABBYS,,yd,
FAB-CAN-AIRBLU,Fabric,CANVAS AIR BLUE,,yd,
FAB-CAN-ANTBEI,Fabric,CANVAS ANTIQUE BEIGE,,yd,
FAB-CAN-BIREYE,Fabric,CANVAS BIRD EYE,,yd,
FAB-CAN-BLA,Fabric,CANVAS BLACK,,yd,
FAB-CAN-CAN,Fabric,CANVAS CANVAS,,yd,
FAB-CAN-CAP,Fabric,CANVAS CAPRI,,yd,
FAB-CAN-CHA,Fabric,CANVAS CHARCOAL,,yd,
FAB-CAN-CHE,Fabric,CANVAS CHESTNUT,,yd,
FAB-CAN-CLO,Fabric,CANVAS CLOUD,,yd,
FAB-CAN-COA,Fabric,CANVAS COAL,,yd,
FAB-CAN-COC,Fabric,CANVAS COCOA,,yd,
FAB-CAN-FAW,Fabric,CANVAS FAWN,,yd,
FAB-CAN-FER,Fabric,CANVAS FERN,,yd,
FAB-CAN-FLA,Fabric,CANVAS FLAX,,yd,
FAB-CAN-FORGRE,Fabric,CANVAS FOREST GREEN,,yd,
FAB-CAN-GIN,Fabric,CANVAS GINKGO,,yd,
FAB-CAN-GLA,Fabric,CANVAS GLACIER,,yd,
FAB-CAN-GRA,Fabric,CANVAS GRANITE,,yd,
FAB-CAN-HAZ,Fabric,CANVAS HAZE,,yd,
FAB-CAN-HEABEI,Fabric,CANVAS HEATHER BEIGE,,yd,
FAB-CAN-HEN,Fabric,CANVAS HENNA,,yd,
FAB-CAN-HOTPIN,Fabric,CANVAS HOT PINK,,yd,
FAB-CAN-JAV,Fabric,CANVAS JAVA,,yd,
FAB-CAN-MEL,Fabric,CANVAS MELON,,yd,
FAB-CAN-MUS,Fabric,CANVAS MUSHROOM,,yd,
FAB-CAN-NAT,Fabric,CANVAS NATURAL,,yd,
FAB-CAN-NAV,Fabric,CANVAS NAVY,,yd,
FAB-CAN-PACBLU,Fabric,CANVAS PACIFIC BLUE,,yd,
FAB-CAN-PER,Fabric,CANVAS PERSIMMON,,yd,
FAB-CAN-RAF,Fabric,CANVAS RAFFIA,,yd,
FAB-CAN-RAVBLA,Fabric,CANVAS RAVEN BLACK,,yd,
FAB-CAN-REG,Fabric,CANVAS REGATTA,,yd,
FAB-CAN-RUS,Fabric,CANVAS RUST,,yd,
FAB-CAN-SAPBLU,Fabric,CANVAS SAPPHIRE BLUE,,yd,
FAB-CAN-SEA,Fabric,CANVAS SEASALT,,yd,
FAB-CAN-SKY,Fabric,CANVAS SKYLINE,,yd,
FAB-CAN-SKYBLU,Fabric,CANVAS SKY BLUE,,yd,
FAB-CAN-SMO,Fabric,CANVAS SMOKE,,yd,
FAB-CAN-STO,Fabric,CANVAS STONE,,yd,
FAB-CAN-SUNYEL,Fabric,CANVAS SUNFLOWER YELLOW,,yd,
FAB-CAN-TAM,Fabric,CANVAS TAMALE,,yd,
FAB-CAN-TAN,Fabric,CANVAS TANGERINE,,yd,
FAB-CAN-TAU,Fabric,CANVAS TAUPE,,yd,
FAB-CAN-TEA,Fabric,CANVAS TEAK,,yd,
FAB-CAN-TER,Fabric,CANVAS TERRACOTTA,,yd,
FAB-CAN-TRUBLU,Fabric,CANVAS TRUE BLUE,,yd,
FAB-CAN-TUS,Fabric,CANVAS TUSCAN,,yd,
FAB-CAN-WEAMEL,Fabric,CANVAS WEAVE MELON,,yd,
FAB-CAN-WHI,Fabric,CANVAS WHITE,,yd,
FAB-CAP-IISHA,Fabric,CAPRA II SHADOW,,yd,
FAB-CAS-ASH,Fabric,CAST ASH,,yd,
FAB-CAS-CIT,Fabric,CAST CITRUS,,yd,
FAB-CAS-COP,Fabric,CASSAVA COPPER,,yd,
FAB-CAS-HOR,Fabric,CAST HORIZON,,yd,
FAB-CAS-IND,Fabric,CASSAVA INDIGO,,yd,
FAB-CAS-LAG,Fabric,CAST LAGOON,,yd,
FAB-CAS-MOS,Fabric,CAST MOSS,,yd,
FAB-CAS-MUS,Fabric,CASSAVA MUSHROOM,,yd,
FAB-CAS-OCE,Fabric,CAST OCEAN,,yd,
FAB-CAS-SHA,Fabric,CAST SHALE,,yd,
FAB-CAS-SPR,Fabric,CASSAVA SPRING,,yd,
FAB-CAS-STO,Fabric,CASSAVA STONE,,yd,
FAB-CAS-WHI,Fabric,CASSAVA WHITE,,yd,
FAB-CASS-CORA,Fabric,CASSAVA CORAL,,yd,
FAB-CASS-SLAT,Fabric,CASSAVA SLATE,,yd,
FAB-CAST-CORA,Fabric,CAST CORAL,,yd,
FAB-CAST-SLAT,Fabric,CAST SLATE,,yd,
FAB-CHA-CLO,Fabric,CHARTRES CLOUD,,yd,
FAB-CHA-DAY,Fabric,CHARTRES DAYBREAK,,yd,
FAB-CHA-DES,Fabric,CHARMER DESERT,,yd,
FAB-CHA-GRA,Fabric,CHARTRES GRANITE,,yd,
FAB-CHA-GUL,Fabric,CHARTRES GULL,,yd,
FAB-CHA-OPA,Fabric,CHARTRES OPAL,,yd,
FAB-CHA-PAR,Fabric,CHARMER PARCHMENT,,yd,
FAB-CHA-PEB,Fabric,CHARMER PEBBLE,,yd,
FAB-CHA-SIL,Fabric,CHARTRES SILK,,yd,
FAB-CHA-TRU,Fabric,CHARTRES TRUFFLE,,yd,
FAB-CHA-WRE,Fabric,CHARMER WREN,,yd,
FAB-CHE-ASP,Fabric,CHEVRON ASPHALT,,yd,
FAB-CIT-SCADUS,Fabric,CITY SCAPE DUST,,yd,
FAB-CLO-FRO,Fabric,CLOCKOUT FROND,,yd,
FAB-CLO-OUTCLO,Fabric,CLOCK OUT CLOUD,,yd,
FAB-CLO-OUTIND,Fabric,CLOCK OUT INDIGO,,yd,
FAB-COA-CON,Fabric,COAST CONCH,,yd,
FAB-COA-DOL,Fabric,COAST DOLPHIN,,yd,
FAB-COA-DUSEAR,Fabric,COAST DUSTY EARTH,,yd,
FAB-COA-SAV,Fabric,COAST SAVANNA,,yd,
FAB-COA-WALGRE,Fabric,COAST WALRUS GREY,,yd,
FAB-COM-CLA,Fabric,COMFORT CLAY,,yd,
FAB-CON-ONY,Fabric,CONNECTION ONYX,,yd,
FAB-CON-ULT,Fabric,CONCH ULTRALEATHER,,yd,
FAB-COR-SAN,Fabric,CORAL SAND,,yd,
FAB-COV-PEB,Fabric,COVE PEBBLE,,yd,
FAB-CRE-HAZ,Fabric,CREATE HAZE,,yd,
FAB-CRU-ASH,Fabric,CRUSH ASH,,yd,
FAB-CRU-CAM,Fabric,CRUSH CAMEL,,yd,
FAB-CRU-CLO,Fabric,CRUSH CLOUD,,yd,
FAB-CRU-PEW,Fabric,CRUSH PEWTER,,yd,
FAB-CRU-SNO,Fabric,CRUSH SNOW,,yd,
FAB-CUL-STO,Fabric,CULTIVATE STONE,,yd,
FAB-CYC-DEN,Fabric,CYCLE DENIM,,yd,
FAB-CYC-SPA,Fabric,CYCLE SPARROW,,yd,
FAB-DEP-FOS,Fabric,DEPTH FOSSIL,,yd,
FAB-DEP-SEA,Fabric,DEPTH SEAGLASS,,yd,
FAB-DET-CLA,Fabric,DETAIL CLASSIC,,yd,
FAB-DET-LIN,Fabric,DETAIL LINEN,,yd,
FAB-DET-PER,Fabric,DETAIL PERSIMMON,,yd,
FAB-DIA-BLUSTR,Fabric,DIAMOND BLUE STRIE,,yd,
FAB-DIP-DYECHI,Fabric,DIP DYE CHICKADEE,,yd,
FAB-DIR-LIN,Fabric,DIRECTION LINEN,,yd,
FAB-DIV-REE,Fabric,DIVIDE REEF,,yd,
FAB-DIV-SAN,Fabric,DIVIDE SANGRIA,,yd,
FAB-DOL-MAN,Fabric,DOLCE MANGO,,yd,
FAB-DOL-ULT,Fabric,DOLPHIN ULTRALEATHER,,yd,
FAB-DON-GRE,Fabric,DONGHIA GREY,,yd,
FAB-DRE-DUN,Fabric,DREAM DUNE,,yd,
FAB-DUM-MUS,Fabric,DUMONT MUSHROOM,,yd,
FAB-DUM-SHI,Fabric,DUMONT SHIBORI,,yd,
FAB-DUM-STU,Fabric,DUMONT STUCCO,,yd,
FAB-DUP-CEL,Fabric,DUPIONE CELESTE,,yd,
FAB-DUP-DEESEA,Fabric,DUPIONE DEEP SEA,,yd,
FAB-DUP-HEN,Fabric,DUPIONE HENNA,,yd,
FAB-DUP-PAR,Fabric,DUPIONE PARADISE,,yd,
FAB-DUP-SAN,Fabric,DUPIONE SAND,,yd,
FAB-DUP-STO,Fabric,DUPIONE STONE,,yd,
FAB-ECH-ASH,Fabric,ECHO ASH,,yd,
FAB-ECH-DUN,Fabric,ECHO DUNE,,yd,
FAB-ECH-SAN,Fabric,ECHO SANGRIA,,yd,
FAB-EMB-IND,Fabric,EMBRACE INDIGO,,yd,
FAB-EMB-LIN,Fabric,EMBRACE LINEN,,yd,
FAB-EMB-PEW,Fabric,EMBRACE PEWTER,,yd,
FAB-EMP-DOV,Fabric,EMPIRE DOVE,,yd,
FAB-ENR-CLO,Fabric,ENRICH CLOUD,,yd,
FAB-ENT-LIN,Fabric,ENTICE LINEN,,yd,
FAB-EQU-GRA,Fabric,EQUAL GRAPHITE,,yd,
FAB-ESC-IND,Fabric,ESCHER INDIGO,,yd,
FAB-EST-LAG,Fabric,ESTI LAGOON,,yd,
FAB-EST-LIM,Fabric,ESTI LIMESTONE,,yd,
FAB-EST-MAR,Fabric,ESTI MARINE,,yd,
FAB-EST-ONY,Fabric,ESTI ONYX,,yd,
FAB-EXH-DRI,Fabric,EXHALE DRIFTWOOD,,yd,
FAB-EXH-SKY,Fabric,EXHALE SKY,,yd,
FAB-FEA-ULT,Fabric,FEATHER ULTRALEATHER,,yd,
FAB-FIS-LAG,Fabric,FISCHER LAGOON,,yd,
FAB-FRE-FLA,Fabric,FRETWORK FLAX,,yd,
FAB-FRE-PAR,Fabric,FREQUENCY PARCHMENT,,yd,
FAB-FRE-PEW,Fabric,FRETWORK PEWTER,,yd,
FAB-FRE-SAN,Fabric,FREQUENCY SAND,,yd,
FAB-GAT-ALO,Fabric,GATEWAY ALOE,,yd,
FAB-GAT-BLU,Fabric,GATEWAY BLUSH,,yd,
FAB-GAT-MIS,Fabric,GATEAWAY MIST,,yd,
FAB-GATEA-COAST,Fabric,GATEAWAY COAST,,yd,
FAB-GATEW-COAST,Fabric,GATEWAY COAST,,yd,
FAB-GAV-MIS,Fabric,GAVIN MIST,,yd,
FAB-GLA-GLA,Fabric,GLACIAL,,yd,
FAB-GLI-DEN,Fabric,GLIMPSE DENIM,,yd,
FAB-GRA-GRA,Fabric,GRAPHITE,,yd,
FAB-HAR-CRI,Fabric,HARWOOD CRIMSON,,yd,
FAB-HER-ALP,Fabric,HERITAGE ALPINE,,yd,
FAB-HER-CHA,Fabric,HERITAGE CHAR,,yd,
FAB-HER-DIJ,Fabric,HERITAGE DIJON,,yd,
FAB-HER-LEA,Fabric,HERITAGE LEAF,,yd,
FAB-HER-PAP,Fabric,HERITAGE PAPYRUS,,yd,
FAB-HER-RUS,Fabric,HERITAGE RUST,,yd,
FAB-HER-SAB,Fabric,HERITAGE SABLE,,yd,
FAB-HER-SKY,Fabric,HERITAGE SKY,,yd,
FAB-HER-SLA,Fabric,HERITAGE SLATE,,yd,
FAB-HER-SMO,Fabric,HERITAGE SMOKE,,yd,
FAB-HYB-SMO,Fabric,HYBRID SMOKE,,yd,
FAB-IMP-DUN,Fabric,IMPROVE DUNE,,yd,
FAB-IMP-STU,Fabric,IMPROVE STUCCO,,yd,
FAB-INF-GEM,Fabric,INFUSED GEM,,yd,
FAB-KIN-IND,Fabric,KINDLE INDIGO,,yd,
FAB-KIN-SIL,Fabric,KINDLE SILK,,yd,
FAB-KLA-KLA,Fabric,KLAYKO,,yd,
FAB-KRA-KRA,Fabric,KRAVET,,yd,
FAB-KUD-49MOR,Fabric,KUDOS 49 MORTAR,,yd,
FAB-LAB-CLO,Fabric,LABYRINTH CLOUD,,yd,
FAB-LEA-STR,Fabric,LEAF STRUCTURE,,yd,
FAB-LEA-STRCLO,Fabric,LEAF STRUCTURE CLOUD,,yd,
FAB-LEA-STRIND,Fabric,LEAF STRUCTURE INDIGO,,yd,
FAB-LEA-STRSAN,Fabric,LEAF STRUCTURE SAND,,yd,
FAB-LEO-MAL,Fabric,LEONA MALCHITE,,yd,
FAB-LID-IND,Fabric,LIDO INDIGO,,yd,
FAB-LIN-CAM,Fabric,LINVILLE CAMEL,,yd,
FAB-LIN-CAN,Fabric,LINEN CANVAS,,yd,
FAB-LIN-DEN,Fabric,LINVILLE DENIM,,yd,
FAB-LIN-IND,Fabric,LINVILLE INDIGO,,yd,
FAB-LIN-NAT,Fabric,LINEN NATURAL,,yd,
FAB-LIN-OYS,Fabric,LINVILLE OYSTER,,yd,
FAB-LIN-PAR,Fabric,LINVILLE PARCHMENT,,yd,
FAB-LIN-SES,Fabric,LINEN SESAME,,yd,
FAB-LIN-SIL,Fabric,LINEN SILVER,,yd,
FAB-LIN-SNO,Fabric,LINVILLE SNOW,,yd,
FAB-LIN-SPA,Fabric,LINVILLE SPA,,yd,
FAB-LIN-STO,Fabric,LINEN STONE,,yd,
FAB-LIN-TAU,Fabric,LINEN TAUPE,,yd,
FAB-LIT-FOG,Fabric,LITCHFIELD FOG,,yd,
FAB-LIT-MID,Fabric,LITCHFIELD MIDNIGHT,,yd,
FAB-LIT-PEB,Fabric,LITCHFIELD PEBBLE,,yd,
FAB-LIT-SAN,Fabric,LITCHFIELD SAND,,yd,
FAB-LIT-SNO,Fabric,LITCHFIELD SNOW,,yd,
FAB-LIV-PAR,Fabric,LIVELY PARCHMENT,,yd,
FAB-LOR-MOS,Fabric,LORE MOSS,,yd,
FAB-LOT-CAN,Fabric,LOTUS CANYON,,yd,
FAB-LUX-IND,Fabric,LUXE INDIGO,,yd,
FAB-LYN-OYS,Fabric,LYNVILLE OYSTER,,yd,
FAB-MAI-DOV,Fabric,MAINSTREET DOVE,,yd,
FAB-MAI-LAT,Fabric,MAINSTREET LATTE,,yd,
FAB-MAI-PUT,Fabric,MAINSTREET PUTTY,,yd,
FAB-MAR-CLO,Fabric,MARVEL CLOUD,,yd,
FAB-MAR-LIN,Fabric,MARVEL LINEN,,yd,
FAB-MAR-MUS,Fabric,MARVEL MUSHROOM,,yd,
FAB-MAR-PAP,Fabric,MARGO PAPAYA,,yd,
FAB-MAR-THA,Fabric,MARBLE THATCH,,yd,
FAB-MAS-FORGRE,Fabric,MASON FOREST GREEN,,yd,
FAB-MAT-SKY,Fabric,MATEO SKY,,yd,
FAB-MAX-HEABEI,Fabric,MAXIM HEATHER BEIGE,,yd,
FAB-MET-CLO,Fabric,METAMORPHIC CLOUD,,yd,
FAB-MET-FOG,Fabric,METAMORPHIC FOG,,yd,
FAB-MET-LAG,Fabric,METAMORPHIC LAGOON,,yd,
FAB-MET-SAN,Fabric,METAMORPHIC SAND,,yd,
FAB-MET-SLA,Fabric,METAMORPHIC SLATE,,yd,
FAB-MET-SNO,Fabric,METAMORPHIC SNOW,,yd,
FAB-MID-IND,Fabric,MIDORI INDIGO,,yd,
FAB-MID-STO,Fabric,MIDORI STONE,,yd,
FAB-MIL-CHA,Fabric,MILANO CHAR,,yd,
FAB-MIL-COB,Fabric,MILANO COBALT,,yd,
FAB-MOM-DOV,Fabric,MOMENTO DOVE,,yd,
FAB-MOM-PAR,Fabric,MOMENTO PARCHMENT,,yd,
FAB-MOU-SNO,Fabric,MOUNTAINS SNOW,,yd,
FAB-NAV-BLUULT,Fabric,NAVAL BLUE ULTRALEATHER,,yd,
FAB-NUA-CLO,Fabric,NUANCE CLOUD,,yd,
FAB-NUA-SAN,Fabric,NUANCE SAND,,yd,
FAB-NUR-CHA,Fabric,NURTURE CHARCOAL,,yd,
FAB-NUR-HAZ,Fabric,NURTURE HAZE,,yd,
FAB-NUR-IND,Fabric,NURTURE INDIGO,,yd,
FAB-NUR-PEB,Fabric,NURTURE PEBBLE,,yd,
FAB-NUR-SMO,Fabric,NURTURE SMOKE,,yd,
FAB-NUR-WHI,Fabric,NURTURE WHITE,,yd,
FAB-ORT-ONY,Fabric,ORTIZ ONYX,,yd,
FAB-OYS-AWNMAR,Fabric,OYSTER AWNING/MARINE,,yd,
FAB-PER-RAFVEL,Fabric,PERENNIALS RAFFIA VELLUM,,yd,
FAB-PIA-GRA,Fabric,PIAZZA GRAPHITE,,yd,
FAB-PIA-LAG,Fabric,PIAZZA LAGOON,,yd,
FAB-PIA-PEB,Fabric,PIAZZA PEBBLE,,yd,
FAB-PIA-VAP,Fabric,PIAZZA VAPOR,,yd,
FAB-PIN-SIECHA,Fabric,PINDLER SIERRA CHAMBRAY,,yd,
FAB-PIN-TOMCLO,Fabric,PINDLER TOMLIN CLOUD,,yd,
FAB-PIQ-FLA,Fabric,PIQUE FLAX,,yd,
FAB-PIQ-MID,Fabric,PIQUE MIDNIGHT,,yd,
FAB-PIQ-SAN,Fabric,PIQUE SAND,,yd,
FAB-PLA-CLO,Fabric,PLATFORM CLOUD,,yd,
FAB-PLA-JUN,Fabric,PLAY JUNGLE,,yd,
FAB-PLA-MOC,Fabric,PLAY MOCHA,,yd,
FAB-PLA-SAL,Fabric,PLATFORM SALT,,yd,
FAB-PLA-SNO,Fabric,PLAY SNOW,,yd,
FAB-PLA-TEA,Fabric,PLAY TEAK,,yd,
FAB-PLAY-ADOB,Fabric,PLAY ADOBE,,yd,
FAB-PLAY-ADOV,Fabric,PLAY ADOVE,,yd,
FAB-PLAY-CAMEL,Fabric,PLAY CAMEL,,yd,
FAB-PLAY-CAMEO,Fabric,PLAY CAMEO,,yd,
FAB-POS-AQU,Fabric,POSH AQUA,,yd,
FAB-POS-GRA,Fabric,POSH GRAPHITE,,yd,
FAB-POS-SAP,Fabric,POSH SAPPHIRE,,yd,
FAB-POS-SKY,Fabric,POSH SKY,,yd,
FAB-PRE-FAW,Fabric,PRECISE FAWN,,yd,
FAB-PRI-LAG,Fabric,PRINCIPLE LAGOON,,yd,
FAB-PRI-TRO,Fabric,PRINCIPLE TROPICS,,yd,
FAB-PUE-DUN,Fabric,PUEBLO DUNE,,yd,
FAB-RAI-ULT,Fabric,RAINDROP ULTRALEATHER,,yd,
FAB-RAL-EMBWESMAY,Fabric,RALLY EMBER (WESLEY MAYAN),,yd,
FAB-RAL-GRA,Fabric,RALLY GRAPHITE,,yd,
FAB-REG-SAN,Fabric,REGENCY SAND,,yd,
FAB-REL-HAR,Fabric,RELATE HARBOR,,yd,
FAB-REM-DEN,Fabric,REMIX DENIM,,yd,
FAB-REM-MES,Fabric,REMIX MESA,,yd,
FAB-REM-MUS,Fabric,REMIX MUSHROOM,,yd,
FAB-REM-PAR,Fabric,REMIX PARCHMENT,,yd,
FAB-REM-SIL,Fabric,REMIX SILK,,yd,
FAB-REN-MIS,Fabric,RENEW MIST,,yd,
FAB-RES-CIT,Fabric,RESONATE CITRONELLE,,yd,
FAB-REV-IND,Fabric,REVIVE INDIGO,,yd,
FAB-REV-SAN,Fabric,REVIVE SAND,,yd,
FAB-RIT-CHA,Fabric,RITSY CHAMBRAY,,yd,
FAB-RIT-NEC,Fabric,RITSY NECTAR,,yd,
FAB-RIT-ROS,Fabric,RITSY ROSEMARY,,yd,
FAB-RUE-COS,Fabric,RUE COSTAL,,yd,
FAB-SAI-AWADEN,Fabric,SAIL AWAY DENIM,,yd,
FAB-SAI-AWASUN,Fabric,SAIL AWAY SUNFLOWER,,yd,
FAB-SAI-SAH,Fabric,SAILCLOTH SAHARA,,yd,
FAB-SAI-SEA,Fabric,SAILCLOTH SEAGULL,,yd,
FAB-SAI-SPA,Fabric,SAILCLOTH SPACE,,yd,
FAB-SAV-IND,Fabric,SAVVY INDIGO,,yd,
FAB-SAV-ULT,Fabric,SAVANNA ULTRALEATHER,,yd,
FAB-SAVV-ONYX,Fabric,SAVVY ONYX,,yd,
FAB-SAVY-ONYX,Fabric,SAVY ONYX,,yd,
FAB-SCA-CLO,Fabric,SCALE CLOUD,,yd,
FAB-SCO-CAP,Fabric,SCOPE CAPE,,yd,
FAB-SEN-IISPL,Fabric,SENSIBILITY II SPLENDOR,,yd,
FAB-SEV-SEA,Fabric,SEVILLE SEASIDE,,yd,
FAB-SHA-SNO,Fabric,SHADOW SNOW,,yd,
FAB-SHE-LIN,Fabric,SHELTER LINEN,,yd,
FAB-SHE-SUR,Fabric,SHELTER SURF,,yd,
FAB-SHE-WHI,Fabric,SHELTER WHITE,,yd,
FAB-SHI-CLA,Fabric,SHIBORI CLASSIC,,yd,
FAB-SHO-CLA,Fabric,SHORE CLASSIC,,yd,
FAB-SHO-LIN,Fabric,SHORE LINEN,,yd,
FAB-SHO-REG,Fabric,SHORE REGATTA,,yd,
FAB-SKY-BLUAWNMAR,Fabric,SKY BLUE AWNING/MARINE,,yd,
FAB-SNO-CAP,Fabric,SNOW CAP,,yd,
FAB-SOL-CLA,Fabric,SOLVE CLAY,,yd,
FAB-SOL-DEN,Fabric,SOLVE DENIM,,yd,
FAB-SOL-SEA,Fabric,SOLANA SEAGULL,,yd,
FAB-SPE-AZT,Fabric,SPECTRUM AZTEC,,yd,
FAB-SPE-CAY,Fabric,SPECTRUM CAYENNE,,yd,
FAB-SPE-CIL,Fabric,SPECTRUM CILANTRO,,yd,
FAB-SPE-DEN,Fabric,SPECTRUM DENIM,,yd,
FAB-SPE-DOV,Fabric,SPECTRUM DOVE,,yd,
FAB-SPE-EGG,Fabric,SPECTRUM EGGSHELL,,yd,
FAB-SPE-GRA,Fabric,SPECTRUM GRAPHITE,,yd,
FAB-SPE-IND,Fabric,SPECTRUM INDIGO,,yd,
FAB-SPE-KIW,Fabric,SPECTRUM KIWI,,yd,
FAB-SPE-MIS,Fabric,SPECTRUM MIST,,yd,
FAB-SPE-MUS,Fabric,SPECTRUM MUSHROOM,,yd,
FAB-SPE-PEW,Fabric,SPECTACLE PEWTER,,yd,
FAB-SPE-SAN,Fabric,SPECTRUM SAND,,yd,
FAB-SPEC-CARB,Fabric,SPECTRUM CARBON,,yd,
FAB-SPEC-CARI,Fabric,SPECTRUM CARIBOU,,yd,
FAB-STA-GRE,Fabric,STANTON GREYSTONE,,yd,
FAB-STA-LAG,Fabric,STANTON LAGOON,,yd,
FAB-STA-MES54ALM,Fabric,"STANDAR MESH 54"" ALMOND",,yd,
FAB-STE-ALP,Fabric,STERLING ALPACA,,yd,
FAB-STE-GREULT,Fabric,STEM GREEN ULTRALEATHER,,yd,
FAB-SUR-DUS,Fabric,SURROUND DUSK,,yd,
FAB-SWI-IND,Fabric,SWITCH INDIGO,,yd,
FAB-TAO-STE,Fabric,TAOS STERLING,,yd,
FAB-TIC-DOV,Fabric,TICKING DOVE,,yd,
FAB-TRA-CAM,Fabric,TRANQUIL CAMEL,,yd,
FAB-TRA-CLO,Fabric,TRAIL CLOUD,,yd,
FAB-TRA-LIN,Fabric,TRANQUIL LINEN,,yd,
FAB-TRA-SAG,Fabric,TRANQUIL SAGE,,yd,
FAB-TROPIC-JUNGLE,Fabric,TROPIC JUNGLE,,yd,
FAB-TROPICS-JUNGLE,Fabric,TROPICS JUNGLE,,yd,
FAB-TRU-FOG,Fabric,TRUSTED FOG,,yd,
FAB-UND-SAN,Fabric,UNDERCURRENT SAND,,yd,
FAB-UND-STO,Fabric,UNDERCURRENT STORM,,yd,
FAB-UND-TID,Fabric,UNDERCURRENT TIDE,,yd,
FAB-UNW-CAM,Fabric,UNWIND CAMEO,,yd,
FAB-UNW-RAI,Fabric,UNWIND RAINWASHED,,yd,
FAB-VAL-DES,Fabric,VALLEY DESERT,,yd,
FAB-VAL-DUN,Fabric,VALLEY DUNE,,yd,
FAB-VAL-SED,Fabric,VALLEY SEDONA,,yd,
FAB-VIE-NAU,Fabric,VIENTO NAUTICAL,,yd,
FAB-VIO-BAL,Fabric,VIOLETTA BALTIC,,yd,
FAB-VOY-DUN,Fabric,VOYAGE DUNE,,yd,
FAB-VOY-IND,Fabric,VOYAGE INDIGO,,yd,
FAB-WHI-WITCANPINHORSTR,Fabric,WHITE WITH CANDY PINK HORIZONTAL STRIPES,,yd,
PWD-BLACK,Powder,BLACK POWDER,6.3900,LB,
PWD-BONE,Powder,BONE POWDER,8.6400,LB,
PWD-FANUC-GRAY,Powder,FANUC GRAY POWDER,6.9200,LB,
PWD-GRAY-ZINC-EPOXY-PRIMER,Powder,GRAY ZINC EPOXY PRIMER,9.4500,LB,
PWD-HIGH-TEMP-SILICONE-TAPERED-MASKING-PLUGS,Powder,HIGH TEMP SILICONE TAPERED MASKING PLUGS,8.5000,KIT,
PWD-LITE-BEIGE,Powder,LITE BEIGE POWDER,8.3200,LB,
PWD-METAL-WIRE-FOR-HANGING-FRAMES,Powder,METAL WIRE FOR HANGING FRAMES,16.6500,COIL,
PWD-OIL-RUB-BRONZE,Powder,OIL RUB BRONZE POWDER,8.6800,LB,
PWD-WILD-RICE,Powder,WILD RICE POWDER,9.8400,LB,
STN-DKT-ALB1.2,Dekton,ALBARIUM 1.2,,slab,
STN-DKT-ALD2.0,Dekton,ALDEM 2.0,,slab,
STN-DKT-ANA1.2,Dekton,ANANKE 1.2,,slab,
STN-DKT-AT2.0,Dekton,AGED TIMBER 2.0,,slab,
STN-DKT-AUR1.2,Dekton,AURA 1.2,,slab,
STN-DKT-AUR2.0,Dekton,AURA 2.0,,slab,
STN-DKT-BC1.2,Dekton,BLANC CONCRETE 1.2,395.0000,slab,
STN-DKT-BC2.0,Dekton,BLANC CONCRETE 2.0,,slab,
STN-DKT-BEN2.0,Dekton,BENTO 2.0,,slab,
STN-DKT-BER1.2,Dekton,BERGEN 1.2,,slab,
STN-DKT-BLA2.0,Dekton,BLAZE 2.0,,slab,
STN-DKT-BOR2.0,Dekton,BOREA 2.0,,slab,
STN-DKT-BR2.0,Dekton,BED ROCK 2.0,,slab,
STN-DKT-DOV2.0,Dekton,DOVE 2.0,,slab,
STN-DKT-EDO1.2,Dekton,EDORA 1.2,,slab,
STN-DKT-EDO2.0,Dekton,EDORA 2.0,,slab,
STN-DKT-EMB2.0,Dekton,EMBALAJE 2.0,,slab,
STN-DKT-FER2.0,Dekton,FEROE 2.0,,slab,
STN-DKT-FIO1.2,Dekton,FIORD 1.2,,slab,
STN-DKT-FIO2.0,Dekton,FIORD 2.0,,slab,
STN-DKT-FOS2.0,Dekton,FOSSIL 2.0,,slab,
STN-DKT-GAD2.0,Dekton,GADA 2.0,,slab,
STN-DKT-GAL2.0,Dekton,GALEMA 2.0,,slab,
STN-DKT-HAL1.2,Dekton,HALO 1.2,,slab,
STN-DKT-HEL1.2,Dekton,HELENA 1.2,,slab,
STN-DKT-HEL2.0,Dekton,HELENA 2.0,,slab,
STN-DKT-IRO1.2,Dekton,IROK 1.2,,slab,
STN-DKT-IRO2.0,Dekton,IROK 2.0,,slab,
STN-DKT-KAI1.2,Dekton,KAIROS 1.2,,slab,
STN-DKT-KAI2.0,Dekton,KAIROS 2.0,,slab,
STN-DKT-KEL1.2,Dekton,KELYA 1.2,,slab,
STN-DKT-KK2.0,Dekton,KHALO KC 2.0,,slab,
STN-DKT-KOR1.2,Dekton,KORUS 1.2,,slab,
STN-DKT-KOR2.0,Dekton,KORSO 2.0,,slab,
STN-DKT-LAU2.0,Dekton,LAURENT 2.0,,slab,
STN-DKT-LSH2.0,Dekton,LIQUID SHELL 2.0,,slab,
STN-DKT-LSK2.0,Dekton,LIQUID SKY 2.0,,slab,
STN-DKT-LUM1.2,Dekton,LUMINA 1.2,,slab,
STN-DKT-LUM2.0,Dekton,LUMINA 2.0,,slab,
STN-DKT-LUN2.0,Dekton,LUNAR 2.0,,slab,
STN-DKT-MAN2.0,Dekton,MANHATTAN 2.0,,slab,
STN-DKT-NAY2.0,Dekton,NAYLA 2.0,,slab,
STN-DKT-NIL1.2,Dekton,NILIUM 1.2,,slab,
STN-DKT-NIL2.0,Dekton,NILIUM 2.0,,slab,
STN-DKT-OLI2.0,Dekton,OLIMPO 2.0,,slab,
STN-DKT-OPE1.2,Dekton,OPERA 1.2,,slab,
STN-DKT-OPE2.0,Dekton,OPERA 2.0,,slab,
STN-DKT-ORI2.0,Dekton,ORIX 2.0,,slab,
STN-DKT-POL2.0,Dekton,POLARIS 2.0,,slab,
STN-DKT-POR1.2,Dekton,PORTUM 1.2,,slab,
STN-DKT-POR2.0,Dekton,PORTUM 2.0,,slab,
STN-DKT-SAS2.0,Dekton,SASEA 2.0,,slab,
STN-DKT-SD1.2,Dekton,SAND DRIFT 1.2,,slab,
STN-DKT-SIR1.2,Dekton,SIROCCO 1.2,,slab,
STN-DKT-SIR2.0,Dekton,SIROCCO 2.0,,slab,
STN-DKT-SPL1.2,Dekton,SPLENDOR 1.2,,slab,
STN-DKT-SPL2.0,Dekton,SPLENDOR 2.0,,slab,
STN-DKT-STR1.2,Dekton,STRATO 1.2,,slab,
STN-DKT-TRI1.2,Dekton,TRILIUM 1.2,,slab,
STN-DKT-TUN1.2,Dekton,TUNDRA 1.2,,slab,
STN-DKT-TUN2.0,Dekton,TUNDRA 2.0,,slab,
STN-DKT-UYU1.2,Dekton,UYUNI 1.2,,slab,
STN-DKT-VAL1.2,Dekton,VALTERRA 1.2,,slab,
STN-DKT-VAP2.0,Dekton,VAPOUR 2.0,,slab,
STN-DKT-VEG1.2,Dekton,VEGHA 1.2,,slab,
STN-DKT-VEN1.2,Dekton,VENTUS 1.2,,slab,
STN-DKT-VER1.2,Dekton,VERA 1.2,,slab,
STN-DKT-VIE2.0,Dekton,VIENNA 2.0,,slab,
STN-DKT-ZEN1.2,Dekton,ZENITH 1.2,,slab,
STN-DKT-ZEN2.0,Dekton,ZENITH 2.0,,slab,
