"Row nr","Column name","Error","Skip level"
"2431","Product variant code / SKU (required)","No match with item variant in Katana found. Row is skipped.","Skip row"
"2432","Product variant code / SKU (required)","No match with item variant in Katana found. Row is skipped.","Skip row"
"2433","Product variant code / SKU (required)","No match with item variant in Katana found. Row is skipped.","Skip row"
"2452","Product variant code / SKU (required)","No match with item variant in Katana found. Row is skipped.","Skip row"
"2453","Product variant code / SKU (required)","No match with item variant in Katana found. Row is skipped.","Skip row"
"2454","Product variant code / SKU (required)","No match with item variant in Katana found. Row is skipped.","Skip row"
"2482","Product variant code / SKU (required)","No match with item variant in Katana found. Row is skipped.","Skip row"
"2483","Product variant code / SKU (required)","No match with item variant in Katana found. Row is skipped.","Skip row"
"2484","Product variant code / SKU (required)","No match with item variant in Katana found. Row is skipped.","Skip row"
"2635","Product variant code / SKU (required)","No match with item variant in Katana found. Row is skipped.","Skip row"
"2636","Product variant code / SKU (required)","No match with item variant in Katana found. Row is skipped.","Skip row"
"2637","Product variant code / SKU (required)","No match with item variant in Katana found. Row is skipped.","Skip row"
"2638","Product variant code / SKU (required)","No match with item variant in Katana found. Row is skipped.","Skip row"
"2639","Product variant code / SKU (required)","No match with item variant in Katana found. Row is skipped.","Skip row"
"2640","Product variant code / SKU (required)","No match with item variant in Katana found. Row is skipped.","Skip row"
"2677","Product variant code / SKU (required)","No match with item variant in Katana found. Row is skipped.","Skip row"
"2678","Product variant code / SKU (required)","No match with item variant in Katana found. Row is skipped.","Skip row"
"2679","Product variant code / SKU (required)","No match with item variant in Katana found. Row is skipped.","Skip row"
"2680","Product variant code / SKU (required)","No match with item variant in Katana found. Row is skipped.","Skip row"
"2681","Product variant code / SKU (required)","No match with item variant in Katana found. Row is skipped.","Skip row"
"2682","Product variant code / SKU (required)","No match with item variant in Katana found. Row is skipped.","Skip row"
"2689","Product variant code / SKU (required)","No match with item variant in Katana found. Row is skipped.","Skip row"
"2690","Product variant code / SKU (required)","No match with item variant in Katana found. Row is skipped.","Skip row"
"2691","Product variant code / SKU (required)","No match with item variant in Katana found. Row is skipped.","Skip row"
"2695","Product variant code / SKU (required)","No match with item variant in Katana found. Row is skipped.","Skip row"
"2696","Product variant code / SKU (required)","No match with item variant in Katana found. Row is skipped.","Skip row"
"2697","Product variant code / SKU (required)","No match with item variant in Katana found. Row is skipped.","Skip row"
"2698","Product variant code / SKU (required)","No match with item variant in Katana found. Row is skipped.","Skip row"
"2699","Product variant code / SKU (required)","No match with item variant in Katana found. Row is skipped.","Skip row"
"2700","Product variant code / SKU (required)","No match with item variant in Katana found. Row is skipped.","Skip row"
"2716","Product variant code / SKU (required)","No match with item variant in Katana found. Row is skipped.","Skip row"
"2717","Product variant code / SKU (required)","No match with item variant in Katana found. Row is skipped.","Skip row"
"2718","Product variant code / SKU (required)","No match with item variant in Katana found. Row is skipped.","Skip row"
"2719","Product variant code / SKU (required)","No match with item variant in Katana found. Row is skipped.","Skip row"
"2720","Product variant code / SKU (required)","No match with item variant in Katana found. Row is skipped.","Skip row"
"2721","Product variant code / SKU (required)","No match with item variant in Katana found. Row is skipped.","Skip row"
"3001","Product variant code / SKU (required)","No match with item variant in Katana found. Row is skipped.","Skip row"
"3002","Product variant code / SKU (required)","No match with item variant in Katana found. Row is skipped.","Skip row"
"3003","Product variant code / SKU (required)","No match with item variant in Katana found. Row is skipped.","Skip row"
"3004","Product variant code / SKU (required)","No match with item variant in Katana found. Row is skipped.","Skip row"
"3005","Product variant code / SKU (required)","No match with item variant in Katana found. Row is skipped.","Skip row"
"3006","Product variant code / SKU (required)","No match with item variant in Katana found. Row is skipped.","Skip row"
"3302","Product variant code / SKU (required)","No match with item variant in Katana found. Row is skipped.","Skip row"
"3303","Product variant code / SKU (required)","No match with item variant in Katana found. Row is skipped.","Skip row"
"3304","Product variant code / SKU (required)","No match with item variant in Katana found. Row is skipped.","Skip row"
"3305","Product variant code / SKU (required)","No match with item variant in Katana found. Row is skipped.","Skip row"
"3306","Product variant code / SKU (required)","No match with item variant in Katana found. Row is skipped.","Skip row"
"3307","Product variant code / SKU (required)","No match with item variant in Katana found. Row is skipped.","Skip row"
"3714","Product variant code / SKU (required)","No match with item variant in Katana found. Row is skipped.","Skip row"
"3715","Product variant code / SKU (required)","No match with item variant in Katana found. Row is skipped.","Skip row"