Global_SKU,Product_Name,Collection,Current_DB_MSRP
FIN-BRK-CHS-72X34-LS-BE,FIN-BRK-CHS-72X34-LS-BE,Finished Good,
FIN-LED-MIS,LEDGE LOUNGER,Finished Good,$599.99
FIN-WFT-BAR-TAB-96X28,WATERFALL TABLE (BAR HEIGHT) 28 X 96,Finished Good,"$6,720.00"
FIN-BRK-CHS-72X34-LS-BO,FIN-BRK-CHS-72X34-LS-BO,Finished Good,
FIN-BRK-CHS-72X34-LS-BR,FIN-BRK-CHS-72X34-LS-BR,Finished Good,
FIN-TRI-SID-TAB-32X32,TRIANGLE SIDE TABLE,Finished Good,$750.00
FIN-BRK-CHS-72X34-LS-GR,FIN-BRK-CHS-72X34-LS-GR,Finished Good,
FIN-BRK-CHS-72X34-LS-WH,FIN-BRK-CHS-72X34-LS-WH,Finished Good,
FIN-BRK-CHS-72X34-RS-BE,FIN-BRK-CHS-72X34-RS-BE,Finished Good,
FIN-BRK-CHS-72X34-RS-BO,FIN-BRK-CHS-72X34-RS-BO,Finished Good,
FIN-BRK-CHS-72X34-RS-BR,FIN-BRK-CHS-72X34-RS-BR,Finished Good,
SHD-SCO-2.5MRND-LID-ECR-DAR,SCOLARO 2.5M ROUND LIDO ECRU DARK,Shade,
FIN-BRK-CHS-72X34-RS-GR,FIN-BRK-CHS-72X34-RS-GR,Finished Good,
FIN-BRK-CHS-72X34-RS-WH,FIN-BRK-CHS-72X34-RS-WH,Finished Good,
FIN-BRK-CHS-72X42-LS-BE,FIN-BRK-CHS-72X42-LS-BE,Finished Good,
FIN-STA-BAR-TAB-72X36,STAR LEG TABLE (BAR HEIGHT) 36 X 72,Finished Good,"$4,440.00"
FIN-BRK-CHS-72X42-LS-BO,FIN-BRK-CHS-72X42-LS-BO,Finished Good,
FIN-BRK-CHS-72X42-LS-BR,FIN-BRK-CHS-72X42-LS-BR,Finished Good,
FIN-MIS-MIS-16X11,"ACCRUAL BASIS THURSDAY, JANUARY 16, 2025 11",Finished Good,
FIN-BRK-CHS-72X42-LS-GR,FIN-BRK-CHS-72X42-LS-GR,Finished Good,
FIN-BRK-CHS-72X42-LS-WH,FIN-BRK-CHS-72X42-LS-WH,Finished Good,
FIN-BRK-CHS-72X42-RS-BE,FIN-BRK-CHS-72X42-RS-BE,Finished Good,
FIN-BRK-CHS-72X42-RS-BO,FIN-BRK-CHS-72X42-RS-BO,Finished Good,
FIN-BRK-CHS-72X42-RS-BR,FIN-BRK-CHS-72X42-RS-BR,Finished Good,
FIN-BRK-CHS-72X42-RS-GR,FIN-BRK-CHS-72X42-RS-GR,Finished Good,
FIN-STA-BAR-TAB-42X42,STAR LEG TABLE (BAR HEIGHT) 42 X 42,Finished Good,"$3,120.00"
FIN-BRK-CHS-72X42-RS-WH,FIN-BRK-CHS-72X42-RS-WH,Finished Good,
FIN-BRK-CHS-84X34-LS-BE,FIN-BRK-CHS-84X34-LS-BE,Finished Good,
FIN-BRK-CHS-84X34-LS-BO,FIN-BRK-CHS-84X34-LS-BO,Finished Good,
QA-TEST-C33EB3B4,QA Test c33eb3b4-b561-4a7c-9aab-122809b1004b,Test,
FIN-BRK-CHS-84X34-LS-BR,FIN-BRK-CHS-84X34-LS-BR,Finished Good,
FIN-BRK-CHS-84X34-LS-GR,FIN-BRK-CHS-84X34-LS-GR,Finished Good,
FIN-BRK-CHS-84X34-LS-WH,FIN-BRK-CHS-84X34-LS-WH,Finished Good,
FIN-OCN-COF-TAB-42X42,"OCEAN COFFEE TABLE 42"" x 42"" x 17""",Ocean,"$3,120.00"
FIN-BRK-CHS-84X34-RS-BE,FIN-BRK-CHS-84X34-RS-BE,Finished Good,
FIN-BRK-CHS-84X34-RS-BO,FIN-BRK-CHS-84X34-RS-BO,Finished Good,
FIN-BRK-CHS-84X34-RS-BR,FIN-BRK-CHS-84X34-RS-BR,Finished Good,
FIN-BRK-CHS-84X34-RS-GR,FIN-BRK-CHS-84X34-RS-GR,Finished Good,
FIN-BRK-CHS-84X34-RS-WH,FIN-BRK-CHS-84X34-RS-WH,Finished Good,
FIN-BRK-CHS-84X42-LS-BE,FIN-BRK-CHS-84X42-LS-BE,Finished Good,
FIN-BRK-CHS-84X42-LS-BO,FIN-BRK-CHS-84X42-LS-BO,Finished Good,
FIN-BRV-SWG-72X42,"BRAVADA SWING 72"" x 42"" x 23"" BH",Bravada,"$4,400.00"
FIN-BRK-OTT-34X34,"BROOKLYN OTTOMAN 34"" x 34"" x 17""",Brooklyn,"$1,180.00"
FIN-BRK-OTT-56X42,"BROOKLYN OTTOMAN 56"" x 42"" x 17""",Brooklyn,"$1,740.00"
FIN-BRK-OTT-60X22,BROOKLYN OTTOMAN 22 X 60,Finished Good,"$1,080.00"
FIN-BRK-OTT-60X34,BROOKLYN OTTOMAN 34 X 60,Finished Good,"$1,650.00"
FIN-TAY-DIN-CHA-19X23,TAYLOR CHAIR (DINING HEIGHT),Finished Good,800
FIN-BRV-OVS-CHS-84X42,"BRAVADA OVERSIZED CHAISE 84"" x 42"" x 31"" BH",Bravada,"$4,200.00"
FIN-BRK-DOU-CHS-58X79,"BROOKLYN DOUBLE CHAISE LOUNGE 58"" x 79"" x 11"" SH",Brooklyn,"$4,200.00"
FIN-BRK-COR-SOF-84X34,"BROOKLYN CORNER SOFA 84"" x 34"" x 30"" BH",Brooklyn,"$4,200.00"
FIN-BRK-BAR-TAB-72X28,BROOKLYN TABLE (BAR HEIGHT) 28 X 72,Finished Good,"$3,360.00"
FIN-BRK-BAR-TAB-120X36,BROOKLYN TABLE (BAR HEIGHT) 36 X 120,Finished Good,"$5,160.00"
FIN-BRK-BAR-TAB-96X36,BROOKLYN TABLE (BAR HEIGHT) 36 X 96,Finished Good,"$4,440.00"
FIN-BRK-CNT-TAB-120X28,BROOKLYN TABLE (COUNTER HEIGHT) 28 X 120,Finished Good,"$4,320.00"
FIN-BRK-CNT-TAB-72X28,BROOKLYN TABLE (COUNTER HEIGHT) 28 X 72,Finished Good,"$3,480.00"
FIN-BRK-CNT-TAB-120X36,BROOKLYN TABLE (COUNTER HEIGHT) 36 X 120,Finished Good,"$4,920.00"
FIN-BRK-CNT-TAB-96X36,BROOKLYN TABLE (COUNTER HEIGHT) 36 X 96,Finished Good,"$4,200.00"
FIN-BRK-DIN-TAB-72X28,BROOKLYN TABLE (DINING HEIGHT) 28 X 72,Finished Good,"$2,880.00"
FIN-BRK-DIN-TAB-120X36,BROOKLYN TABLE (DINING HEIGHT) 36 X 120,Finished Good,"$4,680.00"
FIN-BRK-DIN-TAB-96X36,BROOKLYN TABLE (DINING HEIGHT) 36 X 96,Finished Good,"$3,960.00"
SHD-SCO-3MSQ-AST-NON-TIT,SCOLARO 3M SQUARE ASTRO NONE TITANIUM,Shade,
FIN-DAI-BAR-TAB-72X42,DAISY BASE TABLE (BAR HEIGHT) 42 X 72,Finished Good,"$5,400.00"
FIN-DAI-BAR-TAB-120X56,DAISY BASE TABLE (BAR HEIGHT) 56 X 120,Finished Good,"$7,380.00"
FIN-DAI-BAR-TAB-96X56,DAISY BASE TABLE (BAR HEIGHT) 56 X 96,Finished Good,"$6,660.00"
FIN-DAI-CNT-TAB-72X42,DAISY BASE TABLE (COUNTER HEIGHT) 42 X 72,Finished Good,"$5,280.00"
FIN-DAI-CNT-TAB-120X56,DAISY BASE TABLE (COUNTER HEIGHT) 56 X 120,Finished Good,"$7,260.00"
FIN-DAI-CNT-TAB-72X56,DAISY BASE TABLE (COUNTER HEIGHT) 56 X 72,Finished Good,"$5,820.00"
FIN-DAI-CNT-TAB-96X56,DAISY BASE TABLE (COUNTER HEIGHT) 56 X 96,Finished Good,"$6,540.00"
FIN-DAI-DIN-TAB-72X42,DAISY BASE TABLE (DINING HEIGHT) 42 X 72,Finished Good,"$5,040.00"
FIN-DAI-DIN-TAB-120X56,DAISY BASE TABLE (DINING HEIGHT) 56 X 120,Finished Good,"$7,080.00"
FIN-DAI-DIN-TAB-72X56,DAISY BASE TABLE (DINING HEIGHT) 56 X 72,Finished Good,"$5,640.00"
FIN-DAI-FIR-TAB-96X56,"DAISY BASE FIRE PIT DINING TABLE 96"" x 56"" x 30""",Daisy,"$8,800.00"
FIN-BRK-CHS-84X42-LS-BR,FIN-BRK-CHS-84X42-LS-BR,Finished Good,
FIN-DAI-BAR-TAB-56X56,"DAISY BASE TABLE (BAR HEIGHT) 56"" x 56"" x 42""",Daisy,"$4,980.00"
FIN-OCN-COF-TAB-42X28,OCEAN COFFEE TABLE 28 X 42,Finished Good,"$2,520.00"
FIN-BRK-CHS-84X42-LS-GR,FIN-BRK-CHS-84X42-LS-GR,Finished Good,
FIN-BRK-CHS-84X42-LS-WH,FIN-BRK-CHS-84X42-LS-WH,Finished Good,
FIN-BRK-CHS-84X42-RS-BE,FIN-BRK-CHS-84X42-RS-BE,Finished Good,
FIN-BRK-CHS-84X42-RS-BO,FIN-BRK-CHS-84X42-RS-BO,Finished Good,
FIN-BRK-CHS-84X42-RS-BR,FIN-BRK-CHS-84X42-RS-BR,Finished Good,
FIN-BRK-CHS-84X42-RS-GR,FIN-BRK-CHS-84X42-RS-GR,Finished Good,
FIN-BRK-CHS-84X42-RS-WH,FIN-BRK-CHS-84X42-RS-WH,Finished Good,
FIN-BRK-CNT-TAB-28X72-TABLECOUNTER,FIN-BRK-CNT-TAB-28X72-TABLECOUNTER,Finished Good,
FIN-BRK-CNT-TAB-36X72-STARLEG,FIN-BRK-CNT-TAB-36X72-STARLEG,Finished Good,
FIN-BRK-COR-SOF-72X34-LS-BE,FIN-BRK-COR-SOF-72X34-LS-BE,Finished Good,
FIN-BRK-COR-SOF-72X34-LS-BO,FIN-BRK-COR-SOF-72X34-LS-BO,Finished Good,
FIN-BRK-COR-SOF-72X34-LS-BR,FIN-BRK-COR-SOF-72X34-LS-BR,Finished Good,
FIN-BRK-COR-SOF-72X34-LS-GR,FIN-BRK-COR-SOF-72X34-LS-GR,Finished Good,
FIN-DAI-FIR-TAB-42X42,"PROPANE FIRE PIT TABLE 42"" x 42"" x 21""",Daisy,"$4,800.00"
FIN-BRK-COR-SOF-72X34-LS-WH,FIN-BRK-COR-SOF-72X34-LS-WH,Finished Good,
FIN-BRK-COR-SOF-72X34-RS-BE,FIN-BRK-COR-SOF-72X34-RS-BE,Finished Good,
FIN-CAB-DYB-84X84,"CABANA DAYBED 84"" x 84"" x 78""",Cabana,"$7,980.00"
FUR-TNJ-SHALOUPUMNA,TENJAM SHAYZ LOUNGER PUMP,Furniture,
FIN-FLY-LEG-BAR-COU-HEI,FLY LEG BARSTOOL (COUNTER HEIGHT),Finished Good,$780.00
FIN-DAI-FIR-TAB-84X56,"DAISY BASE FIRE PIT DINING TABLE 84"" x 56"" x 30""",Daisy,"$8,500.00"
FIN-OCN-COF-TAB-56X28,OCEAN COFFEE TABLE 28 X 56,Finished Good,"$3,000.00"
FIN-BRK-COR-SOF-72X34-RS-BO,FIN-BRK-COR-SOF-72X34-RS-BO,Finished Good,
FIN-BRK-COR-SOF-72X34-RS-BR,FIN-BRK-COR-SOF-72X34-RS-BR,Finished Good,
FIN-BRK-COR-SOF-72X34-RS-GR,FIN-BRK-COR-SOF-72X34-RS-GR,Finished Good,
FIN-BRK-COR-SOF-72X34-RS-WH,FIN-BRK-COR-SOF-72X34-RS-WH,Finished Good,
FIN-FLY-TAB-38X8,FLY TABLE 8,Finished Good,$900.00
FIN-FLY-TAB-96X12,FLY TABLE 96,Finished Good,"$1,150.00"
FIN-MIS-DIN-CHA-17X21,HALF BACK CHAIR (DINING HEIGHT,Finished Good,$770.00
FIN-LED-SID-TAB,LEDGE LOUNGER AUTOGRAPH SIDE TABLE,Finished Good,$599.99
FIN-FLY-BCH-42X18,FLY LEG BENCH (BAR HEIGHT) 42,Finished Good,"$1,440.00"
FIN-LED-CHA,LEDGE LOUNGER SIGNATURE LOWBACK CHAIR,Finished Good,$729.99
FIN-BRK-COR-SOF-84X34-LS-BE,FIN-BRK-COR-SOF-84X34-LS-BE,Finished Good,
FIN-TAY-BCH-24X23,"TAYLOR BENCH (BAR HEIGHT) 24"" x 23"" x 42"" SH",Taylor,"$1,980.00"
FIN-STA-BAR-TAB-36X36,STAR LEG TABLE (BAR HEIGHT) 36 X 36,Finished Good,"$3,000.00"
FIN-STA-CNT-TAB-36X36,STAR LEG TABLE (COUNTER HEIGHT) 36 X 36,Finished Good,"$2,940.00"
FIN-STA-CNT-TAB-42X42,STAR LEG TABLE (COUNTER HEIGHT) 42 X 42,Finished Good,"$3,060.00"
FIN-STA-DIN-TAB-72X36,STAR LEG TABLE (DINING HEIGHT) 36 X 72,Finished Good,"$4,200.00"
FIN-STA-DIN-TAB-42X42,STAR LEG TABLE (DINING HEIGHT) 42 X 42,Finished Good,"$3,000.00"
FIN-ESY-MIS,FLEXY TWIN NO BASE,Flexy,"$8,500.00"
FIN-TAY-BAR-W-ARM-COU-HEI,TAYLOR BARSTOOL W/ARMS (COUNTER HEIGHT),Finished Good,$925.00
FIN-BRK-COR-SOF-84X34-LS-BO,FIN-BRK-COR-SOF-84X34-LS-BO,Finished Good,
FIN-TAY-BEN-DIN-HEI-42,TAYLOR BENCH (DINING HEIGHT) 42,Finished Good,"$1,740.00"
FIN-BRK-COR-SOF-84X34-LS-BR,FIN-BRK-COR-SOF-84X34-LS-BR,Finished Good,
FIN-TAY-BST-19X23,"TAYLOR BARSTOOL (BAR HEIGHT) 19"" x 23"" x 30"" SH",Taylor,$855.00
FIN-TAY-BCH-72X23,"TAYLOR BENCH (BAR HEIGHT) 72"" x 23"" x 30"" SH",Taylor,"$2,580.00"
FIN-BRK-COR-SOF-84X34-LS-GR,FIN-BRK-COR-SOF-84X34-LS-GR,Finished Good,
FIN-BRK-COR-SOF-84X34-LS-WH,FIN-BRK-COR-SOF-84X34-LS-WH,Finished Good,
FIN-BRK-COR-SOF-84X34-RS-BE,FIN-BRK-COR-SOF-84X34-RS-BE,Finished Good,
FIN-BRK-COR-SOF-84X34-RS-BO,FIN-BRK-COR-SOF-84X34-RS-BO,Finished Good,
FIN-OCN-COF-TAB-56X36,OCEAN COFFEE TABLE 36 X 56,Finished Good,"$3,240.00"
FIN-BRK-COR-SOF-84X34-RS-BR,FIN-BRK-COR-SOF-84X34-RS-BR,Finished Good,
FIN-BRK-COR-SOF-84X34-RS-GR,FIN-BRK-COR-SOF-84X34-RS-GR,Finished Good,
FIN-BRK-COR-SOF-84X34-RS-WH,FIN-BRK-COR-SOF-84X34-RS-WH,Finished Good,
FIN-OCN-COF-TAB-56X42,OCEAN COFFEE TABLE 42 X 56,Finished Good,"$3,480.00"
FIN-OCN-COF-TAB-56X56,"OCEAN COFFEE TABLE 56"" x 56"" x 17""",Ocean,"$4,560.00"
FIN-BRK-COR-SOF-96X34-LS-BE,FIN-BRK-COR-SOF-96X34-LS-BE,Finished Good,
FIN-BRK-COR-SOF-96X34-LS-BO,FIN-BRK-COR-SOF-96X34-LS-BO,Finished Good,
FIN-BRK-COR-SOF-96X34-LS-BR,FIN-BRK-COR-SOF-96X34-LS-BR,Finished Good,
FIN-TAY-BST-18X23,TAYLOR BARSTOOL (COUNTER HEIGHT),Finished Good,$825.00
FIN-BRK-COR-SOF-96X34-LS-GR,FIN-BRK-COR-SOF-96X34-LS-GR,Finished Good,
FIN-BRK-COR-SOF-96X34-LS-WH,FIN-BRK-COR-SOF-96X34-LS-WH,Finished Good,
FIN-TAY-BST-24X23,"TAYLOR BARSTOOL w/ARMS (BAR HEIGHT) 24"" x 23"" x 30"" SH",Taylor,$955.00
FIN-BRK-COR-SOF-96X34-RS-BE,FIN-BRK-COR-SOF-96X34-RS-BE,Finished Good,
FIN-BRK-COR-SOF-96X34-RS-BO,FIN-BRK-COR-SOF-96X34-RS-BO,Finished Good,
FIN-BRK-COR-SOF-96X34-RS-BR,FIN-BRK-COR-SOF-96X34-RS-BR,Finished Good,
FIN-BRK-COR-SOF-96X34-RS-GR,FIN-BRK-COR-SOF-96X34-RS-GR,Finished Good,
FIN-TAY-BEN-BAR-HEI-72,TAYLOR BENCH (BAR HEIGHT) 72,Finished Good,"$2,580.00"
FIN-TAY-BCH-42X23,"TAYLOR BENCH (COUNTER HEIGHT) 42"" x 23"" x 24"" SH",Taylor,"$1,860.00"
FIN-BRK-COR-SOF-96X34-RS-WH,FIN-BRK-COR-SOF-96X34-RS-WH,Finished Good,
FIN-BRK-DIN-TAB-36X72-STARLEG,FIN-BRK-DIN-TAB-36X72-STARLEG,Finished Good,
FIN-BRK-DOU-CHS-58X79-BE,FIN-BRK-DOU-CHS-58X79-BE,Finished Good,
FIN-BRK-DOU-CHS-58X79-BO,FIN-BRK-DOU-CHS-58X79-BO,Finished Good,
FIN-BRK-DOU-CHS-58X79-BR,FIN-BRK-DOU-CHS-58X79-BR,Finished Good,
FIN-BRK-DOU-CHS-58X79-GR,FIN-BRK-DOU-CHS-58X79-GR,Finished Good,
FIN-BRK-DOU-CHS-58X79-WH,FIN-BRK-DOU-CHS-58X79-WH,Finished Good,
FIN-BRK-SGL-CHS-38X79,"BROOKLYN SINGLE CHAISE LOUNGE 38"" x 79"" x 11"" SH",Brooklyn,"$2,940.00"
FIN-BRK-LOV-SOF-BE,FIN-BRK-LOV-SOF-BE,Finished Good,
FIN-BRV-SWG-66X42,"BRAVADA SWING 66"" x 42"" x 23"" BH",Bravada,"$3,900.00"
FIN-BRV-OVS-CHS-72X42,"BRAVADA OVERSIZED CHAISE 72"" x 42"" x 31"" BH",Bravada,"$3,720.00"
FIN-BRK-LOV-SOF-BO,FIN-BRK-LOV-SOF-BO,Finished Good,
FIN-BRK-LOV-SOF-BR,FIN-BRK-LOV-SOF-BR,Finished Good,
FIN-BRK-LOV-SOF-GR,FIN-BRK-LOV-SOF-GR,Finished Good,
FIN-BRK-LOV-SOF-WH,FIN-BRK-LOV-SOF-WH,Finished Good,
FIN-BRK-SGL-CHS-38X79-BE,FIN-BRK-SGL-CHS-38X79-BE,Finished Good,
FIN-BRK-SGL-CHS-38X79-BO,FIN-BRK-SGL-CHS-38X79-BO,Finished Good,
FIN-TAY-BEN-DIN-HEI-72,TAYLOR BENCH (DINING HEIGHT) 72,Finished Good,"$2,340.00"
FIN-BRK-SGL-CHS-38X79-BR,FIN-BRK-SGL-CHS-38X79-BR,Finished Good,
FIN-BRK-SGL-CHS-38X79-GR,FIN-BRK-SGL-CHS-38X79-GR,Finished Good,
FIN-BRK-SGL-CHS-38X79-WH,FIN-BRK-SGL-CHS-38X79-WH,Finished Good,
FIN-BRK-SOF-72X34-BE,FIN-BRK-SOF-72X34-BE,Finished Good,
FIN-BRK-SOF-72X34,"BROOKLYN SOFA 72"" x 34"" x 30"" BH",Brooklyn,"$3,840.00"
FIN-BRK-OTT-42X22,BROOKLYN OTTOMAN 22 X 42,Finished Good,$935.00
FIN-BRK-OTT-72X22,BROOKLYN OTTOMAN 22 X 72,Finished Good,"$1,300.00"
FIN-BRK-OTT-42X34,BROOKLYN OTTOMAN 34 X 42,Finished Good,"$1,380.00"
FIN-BRK-OTT-72X34,BROOKLYN OTTOMAN 34 X 72,Finished Good,"$1,900.00"
FIN-BRK-COR-SOF-72X34,"BROOKLYN CORNER SOFA 72"" x 34"" x 30"" BH",Brooklyn,"$3,720.00"
FIN-BRK-COR-SOF-96X34,"BROOKLYN CORNER SOFA 96"" x 34"" x 30"" BH",Brooklyn,"$4,680.00"
FIN-BRK-BAR-TAB-120X28,BROOKLYN TABLE (BAR HEIGHT) 28 X 120,Finished Good,5000
FIN-BRK-SOF-72X34-BO,FIN-BRK-SOF-72X34-BO,Finished Good,
FIN-BRK-SOF-72X34-BR,FIN-BRK-SOF-72X34-BR,Finished Good,
FIN-DAI-CNT-TAB-56X56,"DAISY BASE TABLE (COUNTER HEIGHT) 56"" x 56"" x 36""",Daisy,"$4,860.00"
FIN-BRK-BAR-TAB-98X28,BROOKLYN TABLE (BAR HEIGHT) 28 X 96,Finished Good,"$3,840.00"
FIN-BRK-BAR-TAB-72X36,BROOKLYN TABLE (BAR HEIGHT) 36 X 72,Finished Good,"$3,720.00"
FIN-BRK-CNT-TAB-72X18,BROOKLYN TABLE (COUNTER HEIGHT) 18 X 72,Finished Good,"$3,480.00"
FIN-BRK-CNT-TAB-96X28,BROOKLYN TABLE (COUNTER HEIGHT) 28 X 96,Finished Good,"$3,720.00"
FIN-BRK-CNT-TAB-72X36,BROOKLYN TABLE (COUNTER HEIGHT) 36 X 72,Finished Good,"$3,480.00"
FIN-BRK-DIN-TAB-120X28,BROOKLYN TABLE (DINING HEIGHT) 28 X 120,Finished Good,"$4,080.00"
FIN-BRK-DIN-TAB-96X28,BROOKLYN TABLE (DINING HEIGHT) 28 X 96,Finished Good,"$3,480.00"
FIN-BRK-DIN-TAB-72X36,BROOKLYN TABLE (DINING HEIGHT) 36 X 72,Finished Good,"$3,240.00"
FIN-BRK-TRA-DOU-CHS-48X72,"BROOKLYN TRANSITIONAL DOUBLE CHAISE 48"" x 72"" x 30"" BH",Brooklyn,"$4,080.00"
FIN-BRK-SOF-72X34-GR,FIN-BRK-SOF-72X34-GR,Finished Good,
FIN-BRK-SOF-72X34-WH,FIN-BRK-SOF-72X34-WH,Finished Good,
FIN-CUS-OTT-72X22,CUSTOM STORAGE OTTOMAN 22 X 72,Finished Good,"$1,950.00"
FIN-CUS-OTT-82X23,CUSTOM STORAGE OTTOMAN 23 X 82,Finished Good,"$2,150.00"
FIN-DAI-DIN-TAB-42X42,DAISY BASE ROUND TABLE (DINING HEIGHT) 42,Finished Good,"$4,280.00"
FIN-DAI-BAR-TAB-120X42,DAISY BASE TABLE (BAR HEIGHT) 42 X 120,Finished Good,"$7,080.00"
FIN-DAI-BAR-TAB-96X42,DAISY BASE TABLE (BAR HEIGHT) 42 X 96,Finished Good,"$6,240.00"
FIN-DAI-BAR-TAB-72X56,DAISY BASE TABLE (BAR HEIGHT) 56 X 72,Finished Good,"$5,940.00"
FIN-DAI-CNT-TAB-120X42,DAISY BASE TABLE (COUNTER HEIGHT) 42 X 120,Finished Good,"$6,840.00"
FIN-DAI-CNT-TAB-96X42,DAISY BASE TABLE (COUNTER HEIGHT) 42 X 96,Finished Good,"$6,120.00"
FIN-BRK-SOF-84X34-BE,FIN-BRK-SOF-84X34-BE,Finished Good,
FIN-DAI-DIN-TAB-120X42,DAISY BASE TABLE (DINING HEIGHT) 42 X 120,Finished Good,"$6,600.00"
FIN-DAI-DIN-TAB-96X42,DAISY BASE TABLE (DINING HEIGHT) 42 X 96,Finished Good,"$5,880.00"
FIN-DAI-DIN-TAB-56X56,DAISY BASE TABLE (DINING HEIGHT) 56 X 56,Finished Good,"$4,680.00"
FIN-BRK-SOF-84X34-BO,FIN-BRK-SOF-84X34-BO,Finished Good,
FIN-FLY-FLY-BST-18X18,FLY LEG BARSTOOL (BAR HEIGHT),Finished Good,$810.00
FIN-BRK-SOF-84X34-BR,FIN-BRK-SOF-84X34-BR,Finished Good,
FIN-BRK-SOF-84X34-GR,FIN-BRK-SOF-84X34-GR,Finished Good,
FIN-BRK-SOF-84X34-WH,FIN-BRK-SOF-84X34-WH,Finished Good,
FIN-BRK-SOF-96X34-BE,FIN-BRK-SOF-96X34-BE,Finished Good,
FIN-BRK-SOF-96X34-BO,FIN-BRK-SOF-96X34-BO,Finished Good,
FIN-BRK-SOF-96X34-BR,FIN-BRK-SOF-96X34-BR,Finished Good,
FIN-BRK-SOF-96X34-GR,FIN-BRK-SOF-96X34-GR,Finished Good,
FIN-BRK-SOF-96X34-WH,FIN-BRK-SOF-96X34-WH,Finished Good,
FIN-BRK-TRA-DOU-CHS-48X72-BE,FIN-BRK-TRA-DOU-CHS-48X72-BE,Finished Good,
FIN-MIS-DIN-BCH-72X22,DINING BENCH W/NO ARMS 72 X 22,Finished Good,"$1,950.00"
FIN-MIS-DIN-BCH-96X22,DINING BENCH W/NO ARMS 96 X 22,Finished Good,"$2,400.00"
FIN-BRK-TRA-DOU-CHS-48X72-BO,FIN-BRK-TRA-DOU-CHS-48X72-BO,Finished Good,
FIN-FLY-LEG-BEN-COU-HEI-42,FLY LEG BENCH (COUNTER HEIGHT) 42,Finished Good,"$1,380.00"
FIN-FLY-DIN-CHA-18X18,FLY LEG CHAIR (DINING HEIGHT),Finished Good,$750.00
FIN-FLY-TAB-72X12,FLY TABLE 72,Finished Good,$780.00
FIN-FLY-TAB-84X12,FLY TABLE 84,Finished Good,$900.00
FIN-HAL-BAC-BAR-BAR-HEI,HALF BACK BARSTOOL (BAR HEIGHT),Finished Good,$830.00
FIN-MIS-FLY-BST-17X21,HALF BACK BARSTOOL (COUNTER HEIGHT),Finished Good,$800.00
FIN-OCC-TAB-56X14,OCCASIONAL TABLE,Finished Good,"$3,080.00"
FIN-BRK-TRA-DOU-CHS-48X72-BR,FIN-BRK-TRA-DOU-CHS-48X72-BR,Finished Good,
FIN-MIS-FIR-TAB-42X42,PROPANE FIRE PIT TABLE 42 X 42,Finished Good,"$4,800.00"
FIN-BRK-TRA-DOU-CHS-48X72-GR,FIN-BRK-TRA-DOU-CHS-48X72-GR,Finished Good,
FIN-BRK-TRA-DOU-CHS-48X72-WH,FIN-BRK-TRA-DOU-CHS-48X72-WH,Finished Good,
FIN-BRK-TRA-SGL-CHS-36X72-BE,FIN-BRK-TRA-SGL-CHS-36X72-BE,Finished Good,
FIN-BRK-TRA-SGL-CHS-36X72-BO,FIN-BRK-TRA-SGL-CHS-36X72-BO,Finished Good,
FIN-BRK-TRA-SGL-CHS-36X72-BR,FIN-BRK-TRA-SGL-CHS-36X72-BR,Finished Good,
FIN-BRK-TRA-SGL-CHS-36X72-GR,FIN-BRK-TRA-SGL-CHS-36X72-GR,Finished Good,
FIN-BRK-TRA-SGL-CHS-36X72-WH,FIN-BRK-TRA-SGL-CHS-36X72-WH,Finished Good,
FIN-BRV-ARM-LOV-60-BE,FIN-BRV-ARM-LOV-60-BE,Finished Good,
FIN-BRV-ARM-LOV-60-BO,FIN-BRV-ARM-LOV-60-BO,Finished Good,
FIN-BRV-ARM-LOV-60-BR,FIN-BRV-ARM-LOV-60-BR,Finished Good,
FIN-BRV-ARM-LOV-60-GR,FIN-BRV-ARM-LOV-60-GR,Finished Good,
FIN-BRV-ARM-LOV-60-WH,FIN-BRV-ARM-LOV-60-WH,Finished Good,
FIN-BRV-ARM-SOF-72-BE,FIN-BRV-ARM-SOF-72-BE,Finished Good,
FIN-BRV-ARM-SOF-72-BO,FIN-BRV-ARM-SOF-72-BO,Finished Good,
FIN-BRV-ARM-SOF-72-BR,FIN-BRV-ARM-SOF-72-BR,Finished Good,
FIN-BRV-ARM-SOF-72-GR,FIN-BRV-ARM-SOF-72-GR,Finished Good,
FIN-BRV-ARM-SOF-72-WH,FIN-BRV-ARM-SOF-72-WH,Finished Good,
FIN-BRV-ARM-SOF-72X34-ARMLESSSOFA,FIN-BRV-ARM-SOF-72X34-ARMLESSSOFA,Finished Good,
FIN-BRV-ARM-SOF-84-BE,FIN-BRV-ARM-SOF-84-BE,Finished Good,
FIN-BRV-ARM-SOF-84-BO,FIN-BRV-ARM-SOF-84-BO,Finished Good,
FIN-MIS-SID-TAB-13X30,U SIDE TABLE,Finished Good,$625.00
FIN-TAY-DIN-CHA-24X23,"TAYLOR CHAIR w/ARMS (DINING HEIGHT) 24"" x 23"" x 18"" SH",Taylor,$895.00
FIN-WFT-BAR-TAB-120X28,WATERFALL TABLE (BAR HEIGHT) 28 X 120,Finished Good,"$7,440.00"
FIN-WFT-BAR-TAB-72X28,WATERFALL TABLE (BAR HEIGHT) 28 X 72,Finished Good,"$6,000.00"
FIN-WFT-CNT-TAB-72X28,WATERFALL TABLE (COUNTER HEIGHT) 28 X 72,Finished Good,"$5,760.00"
FIN-WFT-CNT-TAB-120X36,WATERFALL TABLE (COUNTER HEIGHT) 36 X 120,Finished Good,"$7,560.00"
FIN-WFT-CNT-TAB-96X36,WATERFALL TABLE (COUNTER HEIGHT) 36 X 96,Finished Good,"$6,840.00"
FIN-WFT-DIN-TAB-96X28,WATERFALL TABLE (DINING HEIGHT) 28 X 96,Finished Good,"$6,240.00"
FIN-WFT-DIN-TAB-72X36,WATERFALL TABLE (DINING HEIGHT) 36 X 72,Finished Good,"$5,880.00"
FIN-WFT-FIR-TAB-72X36,"WATERFALL FIRE PIT TABLE 72"" x 36"" x 16""",Waterfall,"$6,980.00"
FIN-BRV-ARM-SOF-84-BR,FIN-BRV-ARM-SOF-84-BR,Finished Good,
FIN-BRV-ARM-SOF-84-GR,FIN-BRV-ARM-SOF-84-GR,Finished Good,
FIN-BRV-ARM-SOF-84-WH,FIN-BRV-ARM-SOF-84-WH,Finished Good,
FIN-BRV-ARM-SOF-96-BE,FIN-BRV-ARM-SOF-96-BE,Finished Good,
FIN-BRV-ARM-SOF-96-BO,FIN-BRV-ARM-SOF-96-BO,Finished Good,
FIN-BRV-ARM-SOF-96-BR,FIN-BRV-ARM-SOF-96-BR,Finished Good,
FIN-BRV-ARM-SOF-96-GR,FIN-BRV-ARM-SOF-96-GR,Finished Good,
FIN-BRV-ARM-SOF-96-WH,FIN-BRV-ARM-SOF-96-WH,Finished Good,
FIN-BRV-BCH-96X34-ROUNDEDBACKED,FIN-BRV-BCH-96X34-ROUNDEDBACKED,Finished Good,
FIN-BRV-CHS-34X72-LS-BE,FIN-BRV-CHS-34X72-LS-BE,Finished Good,
FIN-BRV-CHS-34X72-LS-BO,FIN-BRV-CHS-34X72-LS-BO,Finished Good,
FIN-BRV-CHS-34X72-LS-BR,FIN-BRV-CHS-34X72-LS-BR,Finished Good,
FIN-BRV-CHS-34X72-LS-GR,FIN-BRV-CHS-34X72-LS-GR,Finished Good,
FIN-BRV-CHS-34X72-LS-WH,FIN-BRV-CHS-34X72-LS-WH,Finished Good,
FIN-BRV-CHS-34X72-RS-BE,FIN-BRV-CHS-34X72-RS-BE,Finished Good,
FIN-BRV-CHS-34X72-RS-BO,FIN-BRV-CHS-34X72-RS-BO,Finished Good,
FIN-BRV-CHS-34X72-RS-BR,FIN-BRV-CHS-34X72-RS-BR,Finished Good,
FIN-BRV-CHS-34X72-RS-GR,FIN-BRV-CHS-34X72-RS-GR,Finished Good,
FIN-BRV-CHS-34X72-RS-WH,FIN-BRV-CHS-34X72-RS-WH,Finished Good,
FIN-BRV-CHS-34X84-LS-BE,FIN-BRV-CHS-34X84-LS-BE,Finished Good,
FIN-BRV-CHS-34X84-LS-BO,FIN-BRV-CHS-34X84-LS-BO,Finished Good,
FIN-BRV-CHS-34X84-LS-BR,FIN-BRV-CHS-34X84-LS-BR,Finished Good,
FIN-BRV-CHS-34X84-LS-GR,FIN-BRV-CHS-34X84-LS-GR,Finished Good,
FIN-BRV-CHS-34X84-LS-WH,FIN-BRV-CHS-34X84-LS-WH,Finished Good,
FIN-BRV-CHS-34X84-RS-BE,FIN-BRV-CHS-34X84-RS-BE,Finished Good,
FIN-BRV-CHS-34X84-RS-BO,FIN-BRV-CHS-34X84-RS-BO,Finished Good,
FIN-BRV-CHS-34X84-RS-BR,FIN-BRV-CHS-34X84-RS-BR,Finished Good,
FIN-BRV-CHS-34X84-RS-GR,FIN-BRV-CHS-34X84-RS-GR,Finished Good,
FIN-BRV-CHS-34X84-RS-WH,FIN-BRV-CHS-34X84-RS-WH,Finished Good,
FIN-BRV-CHS-42X72-LS-BE,FIN-BRV-CHS-42X72-LS-BE,Finished Good,
FIN-BRV-CHS-42X72-LS-BO,FIN-BRV-CHS-42X72-LS-BO,Finished Good,
FIN-BRV-CHS-42X72-LS-BR,FIN-BRV-CHS-42X72-LS-BR,Finished Good,
FIN-BRV-CHS-42X72-LS-GR,FIN-BRV-CHS-42X72-LS-GR,Finished Good,
FIN-BRV-CHS-42X72-LS-WH,FIN-BRV-CHS-42X72-LS-WH,Finished Good,
FIN-BRV-CHS-42X72-RS-BE,FIN-BRV-CHS-42X72-RS-BE,Finished Good,
FIN-BRV-CHS-42X72-RS-BO,FIN-BRV-CHS-42X72-RS-BO,Finished Good,
FIN-BRV-CHS-42X72-RS-BR,FIN-BRV-CHS-42X72-RS-BR,Finished Good,
FIN-BRV-CHS-42X72-RS-GR,FIN-BRV-CHS-42X72-RS-GR,Finished Good,
FIN-BRV-CHS-42X72-RS-WH,FIN-BRV-CHS-42X72-RS-WH,Finished Good,
FIN-BRV-CHS-42X84-LS-BE,FIN-BRV-CHS-42X84-LS-BE,Finished Good,
FIN-BRV-CHS-42X84-LS-BO,FIN-BRV-CHS-42X84-LS-BO,Finished Good,
FIN-BRV-CHS-42X84-LS-BR,FIN-BRV-CHS-42X84-LS-BR,Finished Good,
FIN-BRV-CHS-42X84-LS-GR,FIN-BRV-CHS-42X84-LS-GR,Finished Good,
FIN-BRV-CHS-42X84-LS-WH,FIN-BRV-CHS-42X84-LS-WH,Finished Good,
FIN-BRV-CHS-42X84-RS-BE,FIN-BRV-CHS-42X84-RS-BE,Finished Good,
FIN-BRV-CHS-42X84-RS-BO,FIN-BRV-CHS-42X84-RS-BO,Finished Good,
FIN-BRV-CHS-42X84-RS-BR,FIN-BRV-CHS-42X84-RS-BR,Finished Good,
FIN-BRV-CHS-42X84-RS-GR,FIN-BRV-CHS-42X84-RS-GR,Finished Good,
FIN-BRV-CHS-42X84-RS-WH,FIN-BRV-CHS-42X84-RS-WH,Finished Good,
FIN-BRV-CLB-CHA-BE,FIN-BRV-CLB-CHA-BE,Finished Good,
FIN-WFT-BAR-TAB-120X36,WATERFALL TABLE (BAR HEIGHT) 36 X 120,Finished Good,"$7,800.00"
FIN-WFT-BAR-TAB-72X36,WATERFALL TABLE (BAR HEIGHT) 36 X 72,Finished Good,"$6,360.00"
FIN-BRV-CLB-CHA-BO,FIN-BRV-CLB-CHA-BO,Finished Good,
FIN-BRV-CLB-CHA-BR,FIN-BRV-CLB-CHA-BR,Finished Good,
FIN-BRV-CLB-CHA-GR,FIN-BRV-CLB-CHA-GR,Finished Good,
FIN-BRV-CLB-CHA-WH,FIN-BRV-CLB-CHA-WH,Finished Good,
FIN-WFT-BAR-TAB-96X36,WATERFALL TABLE (BAR HEIGHT) 36 X 96,Finished Good,"$7,080.00"
FIN-BRV-COF-TAB,FIN-BRV-COF-TAB,Finished Good,
FIN-BRV-COF-TAB-36X36-BE,FIN-BRV-COF-TAB-36X36-BE,Finished Good,
FIN-BRV-COF-TAB-36X36-BO,FIN-BRV-COF-TAB-36X36-BO,Finished Good,
FIN-BRV-COF-TAB-36X36-BR,FIN-BRV-COF-TAB-36X36-BR,Finished Good,
FIN-BRV-COF-TAB-36X36-GR,FIN-BRV-COF-TAB-36X36-GR,Finished Good,
FIN-BRV-COF-TAB-36X36-WT,FIN-BRV-COF-TAB-36X36-WT,Finished Good,
FIN-BRV-COF-TAB-42X28-BE,FIN-BRV-COF-TAB-42X28-BE,Finished Good,
FIN-BRV-COF-TAB-42X28-BO,FIN-BRV-COF-TAB-42X28-BO,Finished Good,
FIN-BRV-COF-TAB-42X28-BR,FIN-BRV-COF-TAB-42X28-BR,Finished Good,
FIN-BRV-COF-TAB-42X28-GR,FIN-BRV-COF-TAB-42X28-GR,Finished Good,
FIN-BRV-COF-TAB-42X28-WH,FIN-BRV-COF-TAB-42X28-WH,Finished Good,
FIN-BRV-COF-TAB-42X42-BE,FIN-BRV-COF-TAB-42X42-BE,Finished Good,
FIN-BRV-COF-TAB-42X42-BO,FIN-BRV-COF-TAB-42X42-BO,Finished Good,
FIN-BRV-COF-TAB-42X42-BR,FIN-BRV-COF-TAB-42X42-BR,Finished Good,
FIN-BRV-COF-TAB-42X42-GR,FIN-BRV-COF-TAB-42X42-GR,Finished Good,
FIN-BRV-COF-TAB-42X42-WH,FIN-BRV-COF-TAB-42X42-WH,Finished Good,
FIN-BRV-COF-TAB-56X28-BE,FIN-BRV-COF-TAB-56X28-BE,Finished Good,
FIN-BRV-COF-TAB-56X28-BO,FIN-BRV-COF-TAB-56X28-BO,Finished Good,
FIN-BRV-COF-TAB-56X28-BR,FIN-BRV-COF-TAB-56X28-BR,Finished Good,
FIN-BRV-COF-TAB-56X28-GR,FIN-BRV-COF-TAB-56X28-GR,Finished Good,
FIN-BRV-COF-TAB-56X28-WH,FIN-BRV-COF-TAB-56X28-WH,Finished Good,
FIN-WFT-FIR-TAB-56X36,"WATERFALL FIRE PIT TABLE 56"" x 36"" x 16""",Waterfall,"$5,980.00"
FIN-WFT-SID-TAB-13X40,WATERFALL SIDE TABLE 40X13,Finished Good,$985.00
FIN-WFT-CNT-TAB-120X28,WATERFALL TABLE (COUNTER HEIGHT) 28 X 120,Finished Good,"$7,200.00"
FIN-WFT-CNT-TAB-96X28,WATERFALL TABLE (COUNTER HEIGHT) 28 X 96,Finished Good,"$6,480.00"
FIN-WFT-CNT-TAB-72X36,WATERFALL TABLE (COUNTER HEIGHT) 36 X 72,Finished Good,"$6,120.00"
FIN-WFT-DIN-TAB-120X28,WATERFALL TABLE (DINING HEIGHT) 28 X 120,Finished Good,"$6,960.00"
FUR-TNJ-BAJSIDTABSTOCG,TENJAM BAJA SIDE TABLE/STOOL CLOUD GRAY,Furniture,
FIN-WFT-DIN-TAB-120X36,WATERFALL TABLE (DINING HEIGHT) 36 X 120,Finished Good,"$7,320.00"
FIN-WFT-DIN-TAB-96X36,WATERFALL TABLE (DINING HEIGHT) 36 X 96,Finished Good,"$6,600.00"
FIN-BRV-COF-TAB-56X36-BE,FIN-BRV-COF-TAB-56X36-BE,Finished Good,
FIN-WFT-DIN-TAB-72X28,Waterfall Dining Table 72x28,Dining Tables,"$5,520.00"
FIN-BRV-COF-TAB-56X36-BO,FIN-BRV-COF-TAB-56X36-BO,Finished Good,
FIN-BRV-COF-TAB-56X36-BR,FIN-BRV-COF-TAB-56X36-BR,Finished Good,
FIN-BRV-COF-TAB-56X36-GR,FIN-BRV-COF-TAB-56X36-GR,Finished Good,
FIN-BRV-COF-TAB-56X36-WH,FIN-BRV-COF-TAB-56X36-WH,Finished Good,
FIN-BRV-COF-TAB-56X42-BE,FIN-BRV-COF-TAB-56X42-BE,Finished Good,
FIN-BRV-COF-TAB-56X42-BO,FIN-BRV-COF-TAB-56X42-BO,Finished Good,
FIN-BRV-COF-TAB-56X42-BR,FIN-BRV-COF-TAB-56X42-BR,Finished Good,
FIN-BRV-COF-TAB-56X42-GR,FIN-BRV-COF-TAB-56X42-GR,Finished Good,
FIN-BRV-COF-TAB-56X42-WH,FIN-BRV-COF-TAB-56X42-WH,Finished Good,
FIN-BRV-COF-TAB-56X56-BE,FIN-BRV-COF-TAB-56X56-BE,Finished Good,
FIN-BRV-COF-TAB-56X56-BO,FIN-BRV-COF-TAB-56X56-BO,Finished Good,
FIN-BRV-COF-TAB-56X56-BR,FIN-BRV-COF-TAB-56X56-BR,Finished Good,
FIN-BRV-COF-TAB-56X56-GR,FIN-BRV-COF-TAB-56X56-GR,Finished Good,
FIN-BRV-COF-TAB-56X56-WH,FIN-BRV-COF-TAB-56X56-WH,Finished Good,
FIN-BRV-COF-TAB-72X36-BE,FIN-BRV-COF-TAB-72X36-BE,Finished Good,
FIN-BRV-COF-TAB-72X36-BO,FIN-BRV-COF-TAB-72X36-BO,Finished Good,
FIN-BRV-COF-TAB-72X36-BR,FIN-BRV-COF-TAB-72X36-BR,Finished Good,
FIN-BRV-COF-TAB-72X36-GR,FIN-BRV-COF-TAB-72X36-GR,Finished Good,
FIN-BRV-COF-TAB-72X36-WH,FIN-BRV-COF-TAB-72X36-WH,Finished Good,
FIN-BRV-COF-TAB-72X42-BE,FIN-BRV-COF-TAB-72X42-BE,Finished Good,
FIN-BRV-COF-TAB-72X42-BO,FIN-BRV-COF-TAB-72X42-BO,Finished Good,
FIN-BRV-COF-TAB-72X42-BR,FIN-BRV-COF-TAB-72X42-BR,Finished Good,
FIN-BRV-COF-TAB-72X42-GR,FIN-BRV-COF-TAB-72X42-GR,Finished Good,
FUR-TNJ-PLADS,TENJAM PLANTER DESERT SANDSTONE,Furniture,
FUR-TNJ-PLAGG,TENJAM PLANTER GRAY GRANITE,Furniture,
FUR-TNJ-PLARR,TENJAM PLANTER RIVER ROCK,Furniture,
FUR-TNJ-PLASB,TENJAM PLANTER SURF BLUE,Furniture,
FUR-TNJ-PLAWG,TENJAM PLANTER WHITE GRANITE,Furniture,
FUR-TNJ-PLAYEL,TENJAM PLANTER YELLOW,Furniture,
FUR-TNJ-RADPAD10PACGG,TENJAM RAD PADS (10-PACK) GRAY GRANITE,Furniture,
FUR-TNJ-RADPAD10PACLB,TENJAM RAD PADS (10-PACK) LIGHT BLUE,Furniture,
FUR-TNJ-RADPAD10PACSB,TENJAM RAD PADS (10-PACK) SURF BLUE,Furniture,
FUR-TNJ-RADPAD10PACSW,TENJAM RAD PADS (10-PACK) SOLID WHITE,Furniture,
FUR-TNJ-RADPAD10PACYEL,TENJAM RAD PADS (10-PACK) YELLOW,Furniture,
FUR-TNJ-RIPSIDTABDS,TENJAM RIPPLE SIDE TABLE DESERT SANDSTONE,Furniture,
FUR-TNJ-RIPSIDTABLB,TENJAM RIPPLE SIDE TABLE LIGHT BLUE,Furniture,
FUR-TNJ-RIPSIDTABRR,TENJAM RIPPLE SIDE TABLE RIVER ROCK,Furniture,
FIN-BRV-COF-TAB-72X42-WH,FIN-BRV-COF-TAB-72X42-WH,Finished Good,
FIN-BRV-COF-TAB-72X56-BE,FIN-BRV-COF-TAB-72X56-BE,Finished Good,
FIN-BRV-COF-TAB-72X56-BO,FIN-BRV-COF-TAB-72X56-BO,Finished Good,
FIN-BRV-COF-TAB-72X56-BR,FIN-BRV-COF-TAB-72X56-BR,Finished Good,
FIN-BRV-COF-TAB-72X56-GR,FIN-BRV-COF-TAB-72X56-GR,Finished Good,
FIN-BRV-COF-TAB-72X56-WH,FIN-BRV-COF-TAB-72X56-WH,Finished Good,
FIN-BRV-COR-SOF-72X34-LS-BE,FIN-BRV-COR-SOF-72X34-LS-BE,Finished Good,
FIN-BRV-COR-SOF-72X34-LS-BO,FIN-BRV-COR-SOF-72X34-LS-BO,Finished Good,
FIN-BRV-COR-SOF-72X34-LS-BR,FIN-BRV-COR-SOF-72X34-LS-BR,Finished Good,
FIN-BRV-COR-SOF-72X34-LS-GR,FIN-BRV-COR-SOF-72X34-LS-GR,Finished Good,
FIN-BRV-COR-SOF-72X34-LS-WH,FIN-BRV-COR-SOF-72X34-LS-WH,Finished Good,
FIN-BRV-COR-SOF-72X34-RS-BE,FIN-BRV-COR-SOF-72X34-RS-BE,Finished Good,
FIN-BRV-COR-SOF-72X34-RS-BO,FIN-BRV-COR-SOF-72X34-RS-BO,Finished Good,
FIN-BRV-COR-SOF-72X34-RS-BR,FIN-BRV-COR-SOF-72X34-RS-BR,Finished Good,
FIN-BRV-COR-SOF-72X34-RS-GR,FIN-BRV-COR-SOF-72X34-RS-GR,Finished Good,
FIN-BRV-COR-SOF-72X34-RS-WH,FIN-BRV-COR-SOF-72X34-RS-WH,Finished Good,
FIN-BRV-COR-SOF-84X34-LS-BE,FIN-BRV-COR-SOF-84X34-LS-BE,Finished Good,
FIN-BRV-COR-SOF-84X34-LS-BO,FIN-BRV-COR-SOF-84X34-LS-BO,Finished Good,
FIN-BRV-COR-SOF-84X34-LS-BR,FIN-BRV-COR-SOF-84X34-LS-BR,Finished Good,
FIN-BRV-COR-SOF-84X34-LS-GR,FIN-BRV-COR-SOF-84X34-LS-GR,Finished Good,
FIN-BRV-COR-SOF-84X34-LS-WH,FIN-BRV-COR-SOF-84X34-LS-WH,Finished Good,
FIN-BRV-COR-SOF-84X34-RS-BE,FIN-BRV-COR-SOF-84X34-RS-BE,Finished Good,
FIN-BRV-COR-SOF-84X34-RS-BO,FIN-BRV-COR-SOF-84X34-RS-BO,Finished Good,
FIN-BRV-COR-SOF-84X34-RS-BR,FIN-BRV-COR-SOF-84X34-RS-BR,Finished Good,
FIN-BRV-COR-SOF-84X34-RS-GR,FIN-BRV-COR-SOF-84X34-RS-GR,Finished Good,
FIN-BRV-COR-SOF-84X34-RS-WH,FIN-BRV-COR-SOF-84X34-RS-WH,Finished Good,
FIN-BRV-COR-SOF-96X34-LS-BE,FIN-BRV-COR-SOF-96X34-LS-BE,Finished Good,
FIN-BRV-COR-SOF-96X34-LS-BO,FIN-BRV-COR-SOF-96X34-LS-BO,Finished Good,
FIN-BRV-COR-SOF-96X34-LS-BR,FIN-BRV-COR-SOF-96X34-LS-BR,Finished Good,
FIN-BRV-COR-SOF-96X34-LS-GR,FIN-BRV-COR-SOF-96X34-LS-GR,Finished Good,
FIN-BRV-COR-SOF-96X34-LS-WH,FIN-BRV-COR-SOF-96X34-LS-WH,Finished Good,
FIN-BRV-COR-SOF-96X34-RS-BE,FIN-BRV-COR-SOF-96X34-RS-BE,Finished Good,
FIN-BRV-COR-SOF-96X34-RS-BO,FIN-BRV-COR-SOF-96X34-RS-BO,Finished Good,
FIN-BRV-COR-SOF-96X34-RS-BR,FIN-BRV-COR-SOF-96X34-RS-BR,Finished Good,
FIN-BRV-COR-SOF-96X34-RS-GR,FIN-BRV-COR-SOF-96X34-RS-GR,Finished Good,
FIN-BRV-COR-SOF-96X34-RS-WH,FIN-BRV-COR-SOF-96X34-RS-WH,Finished Good,
FIN-BRV-DOU-CHS-58X79-BE,FIN-BRV-DOU-CHS-58X79-BE,Finished Good,
FIN-BRV-DOU-CHS-58X79-BO,FIN-BRV-DOU-CHS-58X79-BO,Finished Good,
FIN-BRV-DOU-CHS-58X79-BR,FIN-BRV-DOU-CHS-58X79-BR,Finished Good,
FIN-BRV-DOU-CHS-58X79-GR,FIN-BRV-DOU-CHS-58X79-GR,Finished Good,
FIN-BRV-DOU-CHS-58X79-NOARM-BE,FIN-BRV-DOU-CHS-58X79-NOARM-BE,Finished Good,
FIN-BRV-DOU-CHS-58X79-NOARM-BO,FIN-BRV-DOU-CHS-58X79-NOARM-BO,Finished Good,
FIN-BRV-DOU-CHS-58X79-NOARM-BR,FIN-BRV-DOU-CHS-58X79-NOARM-BR,Finished Good,
FIN-BRV-DOU-CHS-58X79-NOARM-GR,FIN-BRV-DOU-CHS-58X79-NOARM-GR,Finished Good,
FIN-BRV-DOU-CHS-58X79-NOARM-WH,FIN-BRV-DOU-CHS-58X79-NOARM-WH,Finished Good,
FIN-BRV-DOU-CHS-58X79-WH,FIN-BRV-DOU-CHS-58X79-WH,Finished Good,
FIN-BRV-DYB-72X72-BE,FIN-BRV-DYB-72X72-BE,Finished Good,
FIN-BRV-DYB-72X72-BO,FIN-BRV-DYB-72X72-BO,Finished Good,
FIN-BRV-DYB-72X72-BR,FIN-BRV-DYB-72X72-BR,Finished Good,
FIN-BRV-DYB-72X72-GR,FIN-BRV-DYB-72X72-GR,Finished Good,
FIN-BRV-DYB-72X72-WH,FIN-BRV-DYB-72X72-WH,Finished Good,
FIN-BRV-DYB-72X78-BE,FIN-BRV-DYB-72X78-BE,Finished Good,
FIN-BRV-DYB-72X78-BO,FIN-BRV-DYB-72X78-BO,Finished Good,
FIN-BRV-DYB-72X78-BR,FIN-BRV-DYB-72X78-BR,Finished Good,
FIN-BRV-DYB-72X78-GR,FIN-BRV-DYB-72X78-GR,Finished Good,
FIN-BRV-DYB-72X78-WH,FIN-BRV-DYB-72X78-WH,Finished Good,
FIN-BRV-DYB-78X72-BE,FIN-BRV-DYB-78X72-BE,Finished Good,
FIN-BRV-DYB-78X72-BO,FIN-BRV-DYB-78X72-BO,Finished Good,
FIN-BRV-DYB-78X72-BR,FIN-BRV-DYB-78X72-BR,Finished Good,
FIN-BRV-DYB-78X72-GR,FIN-BRV-DYB-78X72-GR,Finished Good,
FIN-BRV-DYB-78X72-WH,FIN-BRV-DYB-78X72-WH,Finished Good,
SHD-FIM-FTCANCAN,FIM FLEXY TWIN CANVAS CANOPY,Shade,
FIN-BRV-DYB-78X78-BE,FIN-BRV-DYB-78X78-BE,Finished Good,
FIN-BRV-DYB-78X78-BO,FIN-BRV-DYB-78X78-BO,Finished Good,
FIN-BRV-DYB-78X78-BR,FIN-BRV-DYB-78X78-BR,Finished Good,
FIN-BRV-DYB-78X78-GR,FIN-BRV-DYB-78X78-GR,Finished Good,
SHD-SCO-COVER-AST-NON-DAR,SCOLARO COVER SQUARE ASTRO NONE DARK,Shade,
FIN-BRV-DYB-78X78-WH,FIN-BRV-DYB-78X78-WH,Finished Good,
FIN-BRV-DYB-84X78-BE,FIN-BRV-DYB-84X78-BE,Finished Good,
FIN-BRV-DYB-84X78-BO,FIN-BRV-DYB-84X78-BO,Finished Good,
FUR-TNJ-SHARISSET4SW,"TENJAM SHAYZ RISER SET 4"" SOLID WHITE",Furniture,
FIN-BRV-DYB-84X78-BR,FIN-BRV-DYB-84X78-BR,Finished Good,
FIN-BRV-DYB-84X78-GR,FIN-BRV-DYB-84X78-GR,Finished Good,
FIN-BRV-DYB-84X78-WH,FIN-BRV-DYB-84X78-WH,Finished Good,
FIN-BRV-DYB-84X84-DAYBED,FIN-BRV-DYB-84X84-DAYBED,Finished Good,
FIN-BRV-LOV-SOF-60X34-BE,FIN-BRV-LOV-SOF-60X34-BE,Finished Good,
FIN-BRV-LOV-SOF-60X34-BO,FIN-BRV-LOV-SOF-60X34-BO,Finished Good,
FIN-BRV-LOV-SOF-60X34-BR,FIN-BRV-LOV-SOF-60X34-BR,Finished Good,
FIN-BRV-LOV-SOF-60X34-GR,FIN-BRV-LOV-SOF-60X34-GR,Finished Good,
FIN-BRV-LOV-SOF-60X34-WH,FIN-BRV-LOV-SOF-60X34-WH,Finished Good,
FIN-BRV-MIN-LOV-48X34-ARMLESSMINI,FIN-BRV-MIN-LOV-48X34-ARMLESSMINI,Finished Good,
FIN-BRV-MIN-LOV-48X34-BE,FIN-BRV-MIN-LOV-48X34-BE,Finished Good,
FIN-BRV-MIN-LOV-48X34-BO,FIN-BRV-MIN-LOV-48X34-BO,Finished Good,
FIN-BRV-MIN-LOV-48X34-BR,FIN-BRV-MIN-LOV-48X34-BR,Finished Good,
FIN-STA-CNT-TAB-72X36,STAR LEG TABLE (COUNTER HEIGHT) 36 X 72,Finished Good,"$4,320.00"
SHD-FIM-FTBLU,FIM FLEXY TWIN BLUE,Shade,
FIN-STA-DIN-TAB-36X36,STAR LEG TABLE (DINING HEIGHT) 36 X 36,Finished Good,"$2,880.00"
FIN-BRV-MIN-LOV-48X34-GR,FIN-BRV-MIN-LOV-48X34-GR,Finished Good,
FIN-MIS-TAB-13X30,T TABLE,Finished Good,$480.00
FIN-FLY-LEG-BEN-DIN-HEI-42,FLY LEG BENCH (DINING HEIGHT) 42,Finished Good,"$1,320.00"
FIN-FLY-TAB-60X12,FLY TABLE 60,Finished Good,$650.00
FIN-BRV-MIN-LOV-48X34-MINILOVESEAT,FIN-BRV-MIN-LOV-48X34-MINILOVESEAT,Finished Good,
FIN-BRK-SOF-84X34,"BROOKLYN SOFA 84"" x 34"" x 30"" BH",Brooklyn,"$4,200.00"
FIN-BRV-MIN-LOV-48X34-WH,FIN-BRV-MIN-LOV-48X34-WH,Finished Good,
FIN-DAI-DIN-TAB-96X56,DAISY BASE TABLE (DINING HEIGHT) 56 X 96,Finished Good,"$6,360.00"
FIN-BRV-OTT-30X22-BE,FIN-BRV-OTT-30X22-BE,Finished Good,
FIN-BRV-OTT-30X22-BO,FIN-BRV-OTT-30X22-BO,Finished Good,
FIN-BRV-OTT-30X22-BR,FIN-BRV-OTT-30X22-BR,Finished Good,
FIN-BRV-OTT-30X22-GR,FIN-BRV-OTT-30X22-GR,Finished Good,
FIN-BRV-OTT-30X22-WH,FIN-BRV-OTT-30X22-WH,Finished Good,
FIN-BRV-OTT-34X34-BE,FIN-BRV-OTT-34X34-BE,Finished Good,
FIN-BRV-OTT-34X34-BO,FIN-BRV-OTT-34X34-BO,Finished Good,
FIN-BRV-OTT-34X34-BR,FIN-BRV-OTT-34X34-BR,Finished Good,
FIN-BRV-OTT-34X34-GR,FIN-BRV-OTT-34X34-GR,Finished Good,
FIN-BRV-OTT-34X34-WH,FIN-BRV-OTT-34X34-WH,Finished Good,
FIN-BRV-OTT-42X22-BE,FIN-BRV-OTT-42X22-BE,Finished Good,
FIN-BRV-ARM-SOF-72X34,"BRAVADA ARMLESS SOFA 72"" x 34"" x 31"" BH",Bravada,"$2,880.00"
FIN-BRV-ARM-SOF-84X34,"BRAVADA ARMLESS SOFA 84"" x 34"" x 31"" BH",Bravada,"$3,840.00"
FIN-BRV-OTT-42X22-BO,FIN-BRV-OTT-42X22-BO,Finished Good,
FIN-OCN-MIN-LOV-60X48,OCEAN MINI LOVESEAT 48,Finished Good,"$2,540.00"
FIN-BRV-OTT-42X22-BR,FIN-BRV-OTT-42X22-BR,Finished Good,
FIN-OCN-SWV-CHA-34X34,OCEAN SWIVEL CHAIR 34,Finished Good,"$2,780.00"
FIN-BRV-OTT-42X22-GR,FIN-BRV-OTT-42X22-GR,Finished Good,
FIN-OCN-SOF-96X38,"OCEAN SOFA 96"" x 38"" x 33"" BH",Ocean,"$4,440.00"
FIN-OCN-OTT-42X22,"OCEAN OTTOMAN 42"" x 22"" x 16""",Ocean,"$1,080.00"
FIN-OCN-OTT-30X22,"OCEAN OTTOMAN 30"" x 22"" x 16""",Ocean,$780.00
FIN-OCN-OTT-60X22,"OCEAN OTTOMAN 60"" x 22"" x 16""",Ocean,"$1,280.00"
FIN-OCN-COF-TAB-72X36,OCEAN COFFEE TABLE 36 X 72,Finished Good,"$3,840.00"
FIN-OCN-OTT-72X22,"OCEAN OTTOMAN 72"" x 22"" x 16""",Ocean,"$1,480.00"
FIN-OCN-SID-TAB-36X36,OCEAN ROUND SIDE TABLE 36,Finished Good,"$1,150.00"
FIN-OCN-SID-TAB-42,Ocean Round Side Table 42,Finished Good,
FIN-OCN-COF-TAB-72X42,OCEAN COFFEE TABLE 42 X 72,Finished Good,"$4,200.00"
FIN-BRV-ARM-SOF-96X34,"BRAVADA ARMLESS SOFA 96"" x 34"" x 31"" BH",Bravada,"$4,080.00"
FIN-BRV-COR-SOF-72X34,"BRAVADA CORNER SOFA 72"" x 34"" x 31"" BH",Bravada,"$3,750.00"
FIN-OCN-SID-TAB-20X20,"OCEAN SIDE TABLE 20"" x 20"" x 17""",Ocean,$900.00
FIN-OCN-COF-TAB-72X56,OCEAN COFFEE TABLE 56 X 72,Finished Good,"$5,400.00"
FIN-OCN-SOF-84X38,"OCEAN SOFA 84"" x 38"" x 33"" BH",Ocean,"$3,960.00"
FIN-OCN-SGL-CHS-36X79,"OCEAN SINGLE CHAISE LOUNGE 36"" x 79"" x 14"" SH",Ocean,"$2,550.00"
FIN-BRV-OTT-42X22-WH,FIN-BRV-OTT-42X22-WH,Finished Good,
FIN-BRV-COF-TAB-42X42,"BRAVADA COFFEE TABLE 42"" x 42"" x 17""",Bravada,"$2,880.00"
FIN-BRV-OTT-42X34-BE,FIN-BRV-OTT-42X34-BE,Finished Good,
FIN-BRV-OTT-42X34-BO,FIN-BRV-OTT-42X34-BO,Finished Good,
FIN-BRV-OTT-42X34-BR,FIN-BRV-OTT-42X34-BR,Finished Good,
FIN-BRV-OTT-42X34-GR,FIN-BRV-OTT-42X34-GR,Finished Good,
FIN-BRV-OTT-42X34-WH,FIN-BRV-OTT-42X34-WH,Finished Good,
FIN-BRV-OTT-60X22-BE,FIN-BRV-OTT-60X22-BE,Finished Good,
FIN-BRV-OTT-60X22-BO,FIN-BRV-OTT-60X22-BO,Finished Good,
FIN-BRV-OTT-60X22-BR,FIN-BRV-OTT-60X22-BR,Finished Good,
FIN-BRV-OTT-60X22-GR,FIN-BRV-OTT-60X22-GR,Finished Good,
FIN-BRV-OTT-60X22-WH,FIN-BRV-OTT-60X22-WH,Finished Good,
FIN-BRV-COR-SOF-84X34,"BRAVADA CORNER SOFA 84"" x 34"" x 31"" BH",Bravada,"$3,950.00"
FIN-BRV-COR-SOF-96X34,"BRAVADA CORNER SOFA 96"" x 34"" x 31"" BH",Bravada,"$4,200.00"
FIN-BRV-OTT-60X34-BE,FIN-BRV-OTT-60X34-BE,Finished Good,
FIN-BRV-OTT-60X34-BO,FIN-BRV-OTT-60X34-BO,Finished Good,
FIN-BRV-OTT-60X34-BR,FIN-BRV-OTT-60X34-BR,Finished Good,
FIN-BRV-OTT-60X34-GR,FIN-BRV-OTT-60X34-GR,Finished Good,
FIN-BRV-OTT-60X34-WH,FIN-BRV-OTT-60X34-WH,Finished Good,
FIN-BRV-OTT-72X22-BE,FIN-BRV-OTT-72X22-BE,Finished Good,
FIN-BRV-OTT-72X22-BO,FIN-BRV-OTT-72X22-BO,Finished Good,
FIN-BRV-OTT-72X22-BR,FIN-BRV-OTT-72X22-BR,Finished Good,
FIN-BRV-OTT-72X22-GR,FIN-BRV-OTT-72X22-GR,Finished Good,
FIN-BRV-OTT-72X22-WH,FIN-BRV-OTT-72X22-WH,Finished Good,
FIN-BRV-OTT-72X34-BE,FIN-BRV-OTT-72X34-BE,Finished Good,
FIN-BRV-COR-CHS-72X34,"BRAVADA CORNER CHAISE 72"" x 34"" x 31"" BH",Bravada,"$3,600.00"
FIN-BRV-COR-CHS-84X34,"BRAVADA CORNER CHAISE 84"" x 34"" x 31"" BH",Bravada,"$3,800.00"
FIN-BRV-DYB-84X72,"BRAVADA DAYBED 84"" x 72"" x 27"" BH",Bravada,"$6,720.00"
FIN-BRK-COR-SOF-84X34-LS,Brooklyn Corner Sofa 84 (Left Facing),Brooklyn Collection,4400
FIN-BRV-OTT-72X34-BO,FIN-BRV-OTT-72X34-BO,Finished Good,
FIN-BRV-OTT-72X34-BR,FIN-BRV-OTT-72X34-BR,Finished Good,
FIN-BRV-OTT-72X34-GR,FIN-BRV-OTT-72X34-GR,Finished Good,
FIN-BRV-OTT-72X34-WH,FIN-BRV-OTT-72X34-WH,Finished Good,
FIN-BRV-OTT-DKT-30X22-BE,FIN-BRV-OTT-DKT-30X22-BE,Finished Good,
FIN-BRV-OTT-DKT-30X22-BO,FIN-BRV-OTT-DKT-30X22-BO,Finished Good,
FIN-BRV-OTT-DKT-30X22-BR,FIN-BRV-OTT-DKT-30X22-BR,Finished Good,
FIN-BRV-OTT-DKT-30X22-GR,FIN-BRV-OTT-DKT-30X22-GR,Finished Good,
FIN-BRV-OTT-DKT-30X22-WH,FIN-BRV-OTT-DKT-30X22-WH,Finished Good,
FIN-BRV-OTT-DKT-34X34-BE,FIN-BRV-OTT-DKT-34X34-BE,Finished Good,
FIN-BRV-OTT-DKT-34X34-BO,FIN-BRV-OTT-DKT-34X34-BO,Finished Good,
FIN-BRV-OTT-DKT-34X34-BR,FIN-BRV-OTT-DKT-34X34-BR,Finished Good,
FIN-BRV-OTT-DKT-34X34-GR,FIN-BRV-OTT-DKT-34X34-GR,Finished Good,
FIN-BRV-OTT-DKT-34X34-WH,FIN-BRV-OTT-DKT-34X34-WH,Finished Good,
FIN-BRV-OTT-DKT-42X22-BE,FIN-BRV-OTT-DKT-42X22-BE,Finished Good,
FIN-BRV-OTT-DKT-42X22-BO,FIN-BRV-OTT-DKT-42X22-BO,Finished Good,
FIN-BRV-OTT-DKT-42X22-BR,FIN-BRV-OTT-DKT-42X22-BR,Finished Good,
FIN-BRV-OTT-DKT-42X22-GR,FIN-BRV-OTT-DKT-42X22-GR,Finished Good,
FIN-BRV-OTT-DKT-42X22-WH,FIN-BRV-OTT-DKT-42X22-WH,Finished Good,
FIN-BRV-OTT-DKT-42X34-BE,FIN-BRV-OTT-DKT-42X34-BE,Finished Good,
FIN-BRV-OTT-DKT-42X34-BO,FIN-BRV-OTT-DKT-42X34-BO,Finished Good,
FIN-BRV-OTT-DKT-42X34-BR,FIN-BRV-OTT-DKT-42X34-BR,Finished Good,
FIN-BRV-OTT-DKT-42X34-GR,FIN-BRV-OTT-DKT-42X34-GR,Finished Good,
FIN-BRV-OTT-DKT-42X34-WH,FIN-BRV-OTT-DKT-42X34-WH,Finished Good,
FIN-BRV-OTT-DKT-60X22-BE,FIN-BRV-OTT-DKT-60X22-BE,Finished Good,
FIN-BRV-OTT-DKT-60X22-BO,FIN-BRV-OTT-DKT-60X22-BO,Finished Good,
FIN-BRV-OTT-DKT-60X22-BR,FIN-BRV-OTT-DKT-60X22-BR,Finished Good,
FIN-BRV-OTT-DKT-60X22-GR,FIN-BRV-OTT-DKT-60X22-GR,Finished Good,
FIN-BRV-OTT-DKT-60X22-WH,FIN-BRV-OTT-DKT-60X22-WH,Finished Good,
FIN-OCN-SWV-CHA-34X38,"OCEAN SWIVEL CHAIR 34"" x 38"" x 33"" BH",Ocean,"$2,780.00"
FIN-OCN-SOF-72X38,"OCEAN SOFA 72"" x 38"" x 33"" BH",Ocean,"$3,600.00"
FIN-OCN-MIN-LOV-48X38,"OCEAN MINI LOVESEAT 48"" x 38"" x 33"" BH",Ocean,"$2,540.00"
FIN-MLN-OTT-22X60,"MILAN OTTOMAN 22"" x 60"" x 16""",Milan,"$1,280.00"
FIN-MLN-OTT-22X72,"MILAN OTTOMAN 22"" x 72"" x 16""",Milan,"$1,500.00"
FIN-MLN-OTT-34X60,"MILAN OTTOMAN 34"" x 60"" x 16""",Milan,"$1,850.00"
FIN-BRV-CHS-34X84-LS,Bravada Chaise 34 X 84 (Left Facing),Bravada Collection,3990
FIN-BRV-CHS-34X84-RS,Bravada Chaise 34 X 84 (Right Facing),Bravada Collection,3990
FIN-BRV-CHS-42X84-LS,Bravada Chaise 42 X 84 (Left Facing),Bravada Collection,4410
FIN-BRV-CHS-42X84-RS,Bravada Chaise 42 X 84 (Right Facing),Bravada Collection,4410
FIN-BRV-OTT-72X34,BRAVADA OTTOMAN 34 X 72,Finished Good,"$1,700.00"
FIN-BRV-OTT-DKT-60X34-BE,FIN-BRV-OTT-DKT-60X34-BE,Finished Good,
FIN-BRV-OTT-DKT-60X34-BO,FIN-BRV-OTT-DKT-60X34-BO,Finished Good,
FIN-BRV-OTT-DKT-60X34-BR,FIN-BRV-OTT-DKT-60X34-BR,Finished Good,
FIN-BRV-OTT-DKT-60X34-GR,FIN-BRV-OTT-DKT-60X34-GR,Finished Good,
FIN-BRV-OTT-DKT-60X34-WH,FIN-BRV-OTT-DKT-60X34-WH,Finished Good,
FIN-BRV-OTT-DKT-72X22-BE,FIN-BRV-OTT-DKT-72X22-BE,Finished Good,
FIN-BRV-OTT-DKT-72X22-BO,FIN-BRV-OTT-DKT-72X22-BO,Finished Good,
FIN-BRV-CHS-34X72-LS,Bravada Chaise 34 X 72 (Left Facing),Bravada Collection,3780
FIN-BRV-OTT-DKT-72X22-BR,FIN-BRV-OTT-DKT-72X22-BR,Finished Good,
FIN-BRV-OTT-DKT-72X22-GR,FIN-BRV-OTT-DKT-72X22-GR,Finished Good,
FIN-BRV-OTT-DKT-72X22-WH,FIN-BRV-OTT-DKT-72X22-WH,Finished Good,
FIN-BRV-OTT-DKT-72X34-BE,FIN-BRV-OTT-DKT-72X34-BE,Finished Good,
FIN-BRV-OTT-DKT-72X34-BO,FIN-BRV-OTT-DKT-72X34-BO,Finished Good,
FIN-BRV-OTT-DKT-72X34-BR,FIN-BRV-OTT-DKT-72X34-BR,Finished Good,
FIN-BRV-OTT-DKT-72X34-GR,FIN-BRV-OTT-DKT-72X34-GR,Finished Good,
FIN-BRV-OTT-DKT-72X34-WH,FIN-BRV-OTT-DKT-72X34-WH,Finished Good,
FIN-BRV-SGL-CHS-30X79-BE,FIN-BRV-SGL-CHS-30X79-BE,Finished Good,
FIN-MLN-SOF-72X36,"MILAN ONE-SIDED SOFA 72"" x 36"" x 16"" SH",Milan,"$4,030.00"
FIN-MLN-SOF-84X36,"MILAN ONE SIDED SOFA 84"" x 36"" x 16"" SH",Milan,"$4,400.00"
FIN-MLN-SOF-96X36,"MILAN ONE-SIDED SOFA 96"" x 36"" x 16"" SH",Milan,"$5,040.00"
FIN-MLN-SOF-62X42,"MILAN T-SHAPED SOFA 62"" x 42"" x 22"" x 16"" SH",Milan,"$5,700.00"
FIN-OCN-SID-TAB-36X17,"OCEAN ROUND SIDE TABLE 36"" x 17""",Ocean,"$1,150.00"
FIN-BRV-COF-TAB-28X42,"BRAVADA COFFEE TABLE 28"" x 42"" x 17""",Bravada,"$2,280.00"
FIN-BRV-COF-TAB-36X56,"BRAVADA COFFEE TABLE 36"" x 56"" x 17""",Bravada,"$3,000.00"
FIN-BRV-COF-TAB-42X56,"BRAVADA COFFEE TABLE 42"" x 56"" x 17""",Bravada,"$3,120.00"
FIN-OCN-COF-TAB-28X56,"OCEAN COFFEE TABLE 28"" x 56"" x 17""",Ocean,"$3,000.00"
FIN-BRV-SGL-CHS-30X79-BO,FIN-BRV-SGL-CHS-30X79-BO,Finished Good,
FIN-BRV-SGL-CHS-30X79-BR,FIN-BRV-SGL-CHS-30X79-BR,Finished Good,
FIN-BRV-SGL-CHS-30X79-GR,FIN-BRV-SGL-CHS-30X79-GR,Finished Good,
FIN-BRV-SGL-CHS-30X79-NOARM-BE,FIN-BRV-SGL-CHS-30X79-NOARM-BE,Finished Good,
FIN-BRV-SGL-CHS-30X79-NOARM-BO,FIN-BRV-SGL-CHS-30X79-NOARM-BO,Finished Good,
FIN-BRV-SGL-CHS-30X79-NOARM-BR,FIN-BRV-SGL-CHS-30X79-NOARM-BR,Finished Good,
FIN-BRV-SGL-CHS-30X79-NOARM-GR,FIN-BRV-SGL-CHS-30X79-NOARM-GR,Finished Good,
FIN-BRV-SGL-CHS-30X79-NOARM-WH,FIN-BRV-SGL-CHS-30X79-NOARM-WH,Finished Good,
FIN-BRV-SGL-CHS-30X79-WH,FIN-BRV-SGL-CHS-30X79-WH,Finished Good,
FIN-BRV-SID-TAB-20X20-BE,FIN-BRV-SID-TAB-20X20-BE,Finished Good,
FIN-BRV-SID-TAB-20X20-BO,FIN-BRV-SID-TAB-20X20-BO,Finished Good,
FIN-BRV-SID-TAB-20X20-BR,FIN-BRV-SID-TAB-20X20-BR,Finished Good,
FIN-BRV-SID-TAB-20X20-GR,FIN-BRV-SID-TAB-20X20-GR,Finished Good,
FIN-BRV-SID-TAB-20X20-WH,FIN-BRV-SID-TAB-20X20-WH,Finished Good,
FIN-BRV-SOF-72X34-BE,FIN-BRV-SOF-72X34-BE,Finished Good,
FIN-BRV-SOF-72X34-BO,FIN-BRV-SOF-72X34-BO,Finished Good,
FIN-OCN-COF-TAB-36X72,"OCEAN COFFEE TABLE 36"" x 72"" x 17""",Ocean,"$3,840.00"
FIN-OCN-COF-TAB-42X56,"OCEAN COFFEE TABLE 42"" x 56"" x 17""",Ocean,"$3,480.00"
FIN-OCN-COF-TAB-28X42,"OCEAN COFFEE TABLE 28"" x 42"" x 17""",Ocean,"$2,520.00"
FIN-OCN-TAB-34X12,"FLY TABLE 34"" X 12""",Ocean,$650.00
FIN-OCN-TAB-13X30,"T TABLE 13"" x 30"" x 16""",Ocean,$480.00
FIN-BRK-BAR-TAB-36X36,"STAR LEG TABLE (BAR HEIGHT) 36"" x 36"" x 42""",Brooklyn,"$3,000.00"
FIN-BRK-BAR-TAB-42X42,"STAR LEG TABLE (BAR HEIGHT) 42"" x 42"" x 42""",Brooklyn,"$3,120.00"
FIN-BRK-CNT-TAB-36X36,"STAR LEG TABLE (COUNTER HEIGHT) 36"" x 36"" x 36""",Brooklyn,"$2,940.00"
FIN-BRK-CNT-TAB-42X42,"STAR LEG TABLE (COUNTER HEIGHT) 42"" x 42"" x 36""",Brooklyn,"$3,060.00"
FIN-BRK-DIN-TAB-36X36,"STAR LEG TABLE (DINING HEIGHT) 36"" x 36"" x 30""",Brooklyn,"$2,880.00"
FIN-BRK-DIN-TAB-42X42,"STAR LEG TABLE (DINING HEIGHT) 42"" x 42"" x 30""",Brooklyn,"$3,000.00"
FIN-WFT-DIN-BCH-72X22,"DINING BENCH w/NO ARMS 72"" x 22"" x 18"" SH",Waterfall,"$1,950.00"
FIN-WFT-DIN-BCH-96X22,"DINING BENCH w/NO ARMS 96"" x 22"" x 18"" SH",Waterfall,"$2,400.00"
FIN-WFT-FLY-BST-18X18,"FLY LEG BARSTOOL (BAR HEIGHT) 18"" x 18"" x 30"" SH",Waterfall,$810.00
FIN-BRV-SOF-72X34-BR,FIN-BRV-SOF-72X34-BR,Finished Good,
FIN-BRV-SOF-72X34-GR,FIN-BRV-SOF-72X34-GR,Finished Good,
FIN-BRV-SOF-72X34-WH,FIN-BRV-SOF-72X34-WH,Finished Good,
FIN-BRV-SOF-84X34-BE,FIN-BRV-SOF-84X34-BE,Finished Good,
FIN-BRV-SOF-84X34-BO,FIN-BRV-SOF-84X34-BO,Finished Good,
FIN-BRV-SOF-84X34-BR,FIN-BRV-SOF-84X34-BR,Finished Good,
FIN-BRV-SOF-84X34-GR,FIN-BRV-SOF-84X34-GR,Finished Good,
FIN-BRV-SOF-84X34-WH,FIN-BRV-SOF-84X34-WH,Finished Good,
FIN-BRV-SOF-96X34-BE,FIN-BRV-SOF-96X34-BE,Finished Good,
FIN-BRV-SOF-96X34-BO,FIN-BRV-SOF-96X34-BO,Finished Good,
FIN-BRV-SOF-96X34-BR,FIN-BRV-SOF-96X34-BR,Finished Good,
FIN-BRV-SOF-96X34-GR,FIN-BRV-SOF-96X34-GR,Finished Good,
FIN-BRV-SOF-96X34-WH,FIN-BRV-SOF-96X34-WH,Finished Good,
FIN-BRV-SWG-66X42-SWINGFRAME,FIN-BRV-SWG-66X42-SWINGFRAME,Finished Good,
FIN-BRV-SWG-72X42-SWINGFRAME,FIN-BRV-SWG-72X42-SWINGFRAME,Finished Good,
FIN-BRV-SWG-72X42-SWINGFRAME2,FIN-BRV-SWG-72X42-SWINGFRAME2,Finished Good,
FIN-WFT-BCH-42X18,"FLY LEG BENCH (DINING HEIGHT) 42"" x 18"" x 18"" SH",Waterfall,"$1,320.00"
FIN-WFT-DIN-CHA-18X18,"FLY LEG CHAIR (DINING HEIGHT) 18"" x 18"" x 18"" SH",Waterfall,$750.00
FIN-WFT-FLY-BST-17X21,"HALF BACK BARSTOOL (BAR HEIGHT) 17"" x 21"" x 30"" SH",Waterfall,$830.00
FIN-BRV-OTT-22X30,"BRAVADA OTTOMAN 22"" x 30"" x 16""",Bravada,$750.00
FIN-BRV-OTT-22X42,"BRAVADA OTTOMAN 22"" x 42"" x 16""",Bravada,$850.00
FIN-BRV-OTT-22X60,"BRAVADA OTTOMAN 22"" x 60"" x 16""",Bravada,$980.00
FIN-BRV-OTT-22X72,"BRAVADA OTTOMAN 22"" x 72"" x 16""",Bravada,"$1,180.00"
FIN-BRV-SWG-72X12,"BRAVADA 60"" ROUND SWING 72"" x 12"" SH",Bravada,"$3,120.00"
FIN-BRV-SWV-CHA-BE,FIN-BRV-SWV-CHA-BE,Finished Good,
FIN-BRV-SWV-CHA-BO,FIN-BRV-SWV-CHA-BO,Finished Good,
FIN-BRV-SWV-CHA-BR,FIN-BRV-SWV-CHA-BR,Finished Good,
FIN-BRV-SWV-CHA-GR,FIN-BRV-SWV-CHA-GR,Finished Good,
FIN-BRV-SWV-CHA-WH,FIN-BRV-SWV-CHA-WH,Finished Good,
FIN-DAI-TAB-72X42-BE,FIN-DAI-TAB-72X42-BE,Finished Good,
FIN-DAI-TAB-72X42-BO,FIN-DAI-TAB-72X42-BO,Finished Good,
FIN-DAI-TAB-72X42-BR,FIN-DAI-TAB-72X42-BR,Finished Good,
FIN-DAI-TAB-72X42-GR,FIN-DAI-TAB-72X42-GR,Finished Good,
FIN-DAI-TAB-72X42-WH,FIN-DAI-TAB-72X42-WH,Finished Good,
FIN-ESY-MIS-ADDIRONWOOD,FIN-ESY-MIS-ADDIRONWOOD,Finished Good,
FIN-ESY-MIS-TWINBASE,FIN-ESY-MIS-TWINBASE,Finished Good,
FIN-ESY-MIS-UNFABRICATEDDE,FIN-ESY-MIS-UNFABRICATEDDE,Finished Good,
FIN-ESY-MIS-WEATHERPROOFCO,FIN-ESY-MIS-WEATHERPROOFCO,Finished Good,
FIN-ESY-MIS-ZENBASE,FIN-ESY-MIS-ZENBASE,Finished Good,
FIN-ESY-MIS-ZENCOVER,FIN-ESY-MIS-ZENCOVER,Finished Good,
FIN-ESY-MIS-ZENSHADE,FIN-ESY-MIS-ZENSHADE,Finished Good,
FIN-ESY-MIS-ZENSHADE2,FIN-ESY-MIS-ZENSHADE2,Finished Good,
FIN-ESY-MIS-ZENTWIN,FIN-ESY-MIS-ZENTWIN,Finished Good,
FIN-KIN-MIS-KINDLELIVING,FIN-KIN-MIS-KINDLELIVING,Finished Good,
FIN-MLN-SOF,FIN-MLN-SOF,Finished Good,
FIN-MLN-UMB-CANTILEVERUMBR,FIN-MLN-UMB-CANTILEVERUMBR,Finished Good,
FIN-MLN-UMB-MARINAUMBRELLA,FIN-MLN-UMB-MARINAUMBRELLA,Finished Good,
FIN-TJM-CHA,FREELO CHAIR SPLASH,Tenjam,$499.99
FIN-BRV-SWG-96X32,"BRAVADA SWING 96"" x 32"" x 23"" BH",Bravada,"$5,400.00"
FIN-CAB-MIS-17X17,"SQUARE PILLOW 17"" X 17""",Cabana,$65.00
FIN-CAB-MIS-23X23,"SQUARE PILLOW 23"" X 23""",Cabana,$95.00
FIN-CAB-MIS-12X24,"LUMBAR PILLOW 12"" X 24""",Cabana,$65.00
FIN-CAN-UMB,CANTILEVER UMBRELLA w/BASE,Miscellaneous,"$5,500.00"
FIN-BRV-SWV-CHA,BRAVADA SWIVEL CHAIR W/DEKTON SIDEARM,Bravada,"$2,880.00"
FIN-BRV-ARM-SOF-34X34,"BRAVADA ARMLESS SOFA 34"" x 34"" x 31"" BH",Bravada,"$2,040.00"
FIN-MLN-UMB-MARINAUMBRELLA2,FIN-MLN-UMB-MARINAUMBRELLA2,Finished Good,
FIN-OCN-CLB-CHA-34X38-BE-N,FIN-OCN-CLB-CHA-34X38-BE-N,Finished Good,
FIN-OCN-CLB-CHA-34X38-BE-Y,FIN-OCN-CLB-CHA-34X38-BE-Y,Finished Good,
FIN-OCN-CLB-CHA-34X38-BL-Y,FIN-OCN-CLB-CHA-34X38-BL-Y,Finished Good,
FIN-OCN-CLB-CHA-34X38-BO-N,FIN-OCN-CLB-CHA-34X38-BO-N,Finished Good,
FIN-MLN-OTT-34X42,"MILAN OTTOMAN 34"" x 42"" x 16""",Milan,"$1,400.00"
FIN-OCN-CLB-CHA-34X38-BO-Y,FIN-OCN-CLB-CHA-34X38-BO-Y,Finished Good,
FIN-OCN-CLB-CHA-34X38-BR-N,FIN-OCN-CLB-CHA-34X38-BR-N,Finished Good,
FIN-OCN-CLB-CHA-34X38-BR-Y,FIN-OCN-CLB-CHA-34X38-BR-Y,Finished Good,
FIN-OCN-CLB-CHA-34X38-GR-N,FIN-OCN-CLB-CHA-34X38-GR-N,Finished Good,
FIN-OCN-CLB-CHA-34X38-GR-Y,FIN-OCN-CLB-CHA-34X38-GR-Y,Finished Good,
FIN-OCN-CLB-CHA-34X38-WH-N,FIN-OCN-CLB-CHA-34X38-WH-N,Finished Good,
FIN-OCN-CLB-CHA-34X38-WH-Y,FIN-OCN-CLB-CHA-34X38-WH-Y,Finished Good,
FIN-OCN-COF-TAB-36X36-BE,FIN-OCN-COF-TAB-36X36-BE,Finished Good,
FIN-OCN-COF-TAB-36X36-BO,FIN-OCN-COF-TAB-36X36-BO,Finished Good,
FIN-OCN-COF-TAB-36X36-BR,FIN-OCN-COF-TAB-36X36-BR,Finished Good,
FIN-OCN-COF-TAB-36X36,"OCEAN COFFEE TABLE 36"" x 36"" x 17""",Ocean,"$2,760.00"
FIN-OCN-COF-TAB-36X36-GR,FIN-OCN-COF-TAB-36X36-GR,Finished Good,
FIN-OCN-COF-TAB-36X36-WH,FIN-OCN-COF-TAB-36X36-WH,Finished Good,
FIN-OCN-COF-TAB-42X28-BE,FIN-OCN-COF-TAB-42X28-BE,Finished Good,
FIN-MLN-OTT-34X72,"MILAN OTTOMAN 34"" x 72"" x 16""",Milan,"$2,200.00"
FIN-BRV-COF-TAB-42X72,"BRAVADA COFFEE TABLE 42"" x 72"" x 17""",Bravada,"$3,960.00"
FIN-BRV-COF-TAB-56X72,"BRAVADA COFFEE TABLE 56"" x 72"" x 17""",Bravada,"$5,160.00"
FIN-BRV-SID-TAB-20X20,"BRAVADA SIDE TABLE 20"" x 20"" x 17""",Bravada,$780.00
FIN-OCN-COF-TAB-42X72,"OCEAN COFFEE TABLE 42"" x 72"" x 17""",Ocean,"$4,200.00"
FIN-OCN-COF-TAB-56X72,"OCEAN COFFEE TABLE 56"" x 72"" x 17""",Ocean,"$5,400.00"
FIN-OCN-TAB-72X12,"FLY TABLE 72"" X 12""",Ocean,$780.00
FIN-OCN-TAB-84X12,"FLY TABLE 84"" X 12""",Ocean,$900.00
FIN-OCN-TAB-96X12,"FLY TABLE 96"" X 12""",Ocean,"$1,150.00"
FIN-OCN-SID-TAB-32X32,"TRIANGLE SIDE TABLE 32"" x 32"" x 17""",Ocean,$750.00
FIN-OCN-COF-TAB-42X28-BO,FIN-OCN-COF-TAB-42X28-BO,Finished Good,
FIN-OCN-COF-TAB-42X28-BR,FIN-OCN-COF-TAB-42X28-BR,Finished Good,
FIN-OCN-COF-TAB-42X28-GR,FIN-OCN-COF-TAB-42X28-GR,Finished Good,
FIN-WFT-SID-TAB-40X13,"WATERFALL SIDE TABLE 40"" x 13"" x 12""",Waterfall,$985.00
FIN-DAI-DIN-TAB-42X30,"DAISY BASE ROUND TABLE (DINING HEIGHT) 42"" x 30""",Daisy,"$4,280.00"
FIN-DAI-DIN-TAB-56X30,"DAISY BASE ROUND TABLE (DINING HEIGHT) 56"" x 30""",Daisy,"$4,880.00"
FIN-OCN-COF-TAB-42X28-WH,FIN-OCN-COF-TAB-42X28-WH,Finished Good,
FIN-OCN-COF-TAB-42X42-BE,FIN-OCN-COF-TAB-42X42-BE,Finished Good,
FIN-OCN-COF-TAB-42X42-BO,FIN-OCN-COF-TAB-42X42-BO,Finished Good,
FIN-BRV-COF-TAB-72X56,BRAVADA COFFEE TABLE 56 X 72,Finished Good,"$5,160.00"
FIN-OCN-COF-TAB-42X42-BR,FIN-OCN-COF-TAB-42X42-BR,Finished Good,
FIN-OCN-COF-TAB-42X42-GR,FIN-OCN-COF-TAB-42X42-GR,Finished Good,
FIN-OCN-COF-TAB-42X42-WH,FIN-OCN-COF-TAB-42X42-WH,Finished Good,
FIN-OCN-COF-TAB-56X28-BE,FIN-OCN-COF-TAB-56X28-BE,Finished Good,
FIN-OCN-COF-TAB-56X28-BO,FIN-OCN-COF-TAB-56X28-BO,Finished Good,
FIN-OCN-COF-TAB-56X28-BR,FIN-OCN-COF-TAB-56X28-BR,Finished Good,
FIN-BRV-COF-TAB-72X36,BRAVADA COFFEE TABLE 36 X 72,Finished Good,"$3,600.00"
FIN-DAI-BAR-TAB-42X72,"DAISY BASE TABLE (BAR HEIGHT) 42"" x 72"" x 42""",Daisy,"$5,400.00"
FIN-DAI-BAR-TAB-42X96,"DAISY BASE TABLE (BAR HEIGHT) 42"" x 96"" x 42""",Daisy,"$6,240.00"
FIN-DAI-BAR-TAB-56X120,"DAISY BASE TABLE (BAR HEIGHT) 56"" x 120"" x 42""",Daisy,"$7,380.00"
FIN-DAI-BAR-TAB-56X72,"DAISY BASE TABLE (BAR HEIGHT) 56"" x 72"" x 42""",Daisy,"$5,940.00"
FIN-DAI-BAR-TAB-56X96,"DAISY BASE TABLE (BAR HEIGHT) 56"" x 96"" x 42""",Daisy,"$6,660.00"
FIN-DAI-CNT-TAB-42X120,"DAISY BASE TABLE (COUNTER HEIGHT) 42"" x 120"" x 36""",Daisy,"$6,840.00"
FIN-DAI-CNT-TAB-42X72,"DAISY BASE TABLE (COUNTER HEIGHT) 42"" x 72"" x 36""",Daisy,"$5,280.00"
FIN-DAI-CNT-TAB-42X96,"DAISY BASE TABLE (COUNTER HEIGHT) 42"" x 96"" x 36""",Daisy,"$6,120.00"
FIN-BRV-COF-TAB-72X42,BRAVADA COFFEE TABLE 42 X 72,Finished Good,"$3,960.00"
FIN-OCN-COF-TAB-56X28-GR,FIN-OCN-COF-TAB-56X28-GR,Finished Good,
FIN-OCN-COF-TAB-56X28-WH,FIN-OCN-COF-TAB-56X28-WH,Finished Good,
FIN-OCN-COF-TAB-56X36-BE,FIN-OCN-COF-TAB-56X36-BE,Finished Good,
FIN-OCN-COF-TAB-56X36-BO,FIN-OCN-COF-TAB-56X36-BO,Finished Good,
FIN-OCN-COF-TAB-56X36-BR,FIN-OCN-COF-TAB-56X36-BR,Finished Good,
FIN-DAI-CNT-TAB-56X120,"DAISY BASE TABLE (COUNTER HEIGHT) 56"" x 120"" x 36""",Daisy,"$7,260.00"
FIN-DAI-CNT-TAB-56X72,"DAISY BASE TABLE (COUNTER HEIGHT) 56"" x 72"" x 36""",Daisy,"$5,820.00"
FIN-DAI-CNT-TAB-56X96,"DAISY BASE TABLE (COUNTER HEIGHT) 56"" x 96"" x 36""",Daisy,"$6,540.00"
FIN-DAI-DIN-TAB-56X72,"DAISY BASE TABLE (DINING HEIGHT) 56"" x 72"" x 30""",Daisy,"$5,640.00"
FIN-BRV-ARM-LOV-60,Bravada Armless Loveseat,Bravada Collection,3025
FIN-DAI-DIN-TAB-56X96,"DAISY BASE TABLE (DINING HEIGHT) 56"" x 96"" x 30""",Daisy,"$6,360.00"
FIN-OCN-COF-TAB-56X36-GR,FIN-OCN-COF-TAB-56X36-GR,Finished Good,
FIN-OCN-COF-TAB-56X36-WH,FIN-OCN-COF-TAB-56X36-WH,Finished Good,
FIN-OCN-COF-TAB-56X42-BE,FIN-OCN-COF-TAB-56X42-BE,Finished Good,
FIN-OCN-COF-TAB-56X42-BO,FIN-OCN-COF-TAB-56X42-BO,Finished Good,
FIN-OCN-COF-TAB-56X42-BR,FIN-OCN-COF-TAB-56X42-BR,Finished Good,
FIN-BRK-BAR-TAB-28X120,"BROOKLYN TABLE (BAR HEIGHT) 28"" x 120"" x 42""",Brooklyn,"$4,560.00"
FIN-BRK-BAR-TAB-28X72,"BROOKLYN TABLE (BAR HEIGHT) 28"" x 72"" x 42""",Brooklyn,"$3,360.00"
FIN-BRK-BAR-TAB-28X96,"BROOKLYN TABLE (BAR HEIGHT) 28"" x 96"" x 42""",Brooklyn,"$3,840.00"
FIN-BRK-BAR-TAB-36X120,"BROOKLYN TABLE (BAR HEIGHT) 36"" x 120"" x 42""",Brooklyn,"$5,160.00"
FIN-OCN-COF-TAB-56X42-GR,FIN-OCN-COF-TAB-56X42-GR,Finished Good,
FIN-OCN-COF-TAB-56X42-WH,FIN-OCN-COF-TAB-56X42-WH,Finished Good,
FIN-BRV-COF-TAB-56X42,BRAVADA COFFEE TABLE 42 X 56,Finished Good,"$3,120.00"
FIN-BRV-COR-SOF-96X34-LS,Bravada Corner Sofa 96 (Left Facing),Bravada Collection,4410
FIN-BRV-COR-SOF-96X34-RS,Bravada Corner Sofa 96 (Right Facing),Bravada Collection,4410
FIN-BRV-COF-TAB-56X28,Bravada Coffee Table 56 x 28,Bravada Collection,3000
FIN-BRV-COF-TAB-56X36,BRAVADA COFFEE TABLE 36 X 56,Finished Good,"$3,000.00"
FIN-BRV-COR-SOF-84X34-RS,Bravada Corner Sofa 84 (Right Facing),Bravada Collection,4145
FIN-BRV-DYB-72X78,BRAVADA DAYBED 72 X 78,Finished Good,"$6,480.00"
FIN-BRK-BAR-TAB-36X72,"BROOKLYN TABLE (BAR HEIGHT) 36"" x 72"" x 42""",Brooklyn,"$3,720.00"
FIN-BRK-BAR-TAB-36X96,"BROOKLYN TABLE (BAR HEIGHT) 36"" x 96"" x 42""",Brooklyn,"$4,440.00"
FIN-BRV-COR-SOF-84X34-LS,Bravada Corner Sofa 84 (Left Facing),Bravada Collection,4145
FIN-BRV-DYB-72X72,"BRAVADA DAYBED 72"" x 72"" x 27"" BH",Bravada,"$6,480.00"
FIN-BRV-DYB-78X72,Bravada Daybed 78,Bravada Collection,7055
FIN-BRV-OTT-DKT-60X22,Bravada Ottoman 60X22 (Dekton Top),Bravada Collection,1025
FIN-BRV-OTT-DKT-42X34,Bravada Ottoman 42X34 (Dekton Top),Bravada Collection,1325
FIN-BRV-OTT-DKT-42X22,Bravada Ottoman 42X22 (Dekton Top),Bravada Collection,890
FIN-BRK-CHS-72X34-RS,Brooklyn Chaise 72 x 34 (Right Facing),Brooklyn Collection,3955
FIN-OCN-COF-TAB-56X56-BE,FIN-OCN-COF-TAB-56X56-BE,Finished Good,
FIN-OCN-COF-TAB-56X56-BO,FIN-OCN-COF-TAB-56X56-BO,Finished Good,
FIN-OCN-COF-TAB-56X56-BR,FIN-OCN-COF-TAB-56X56-BR,Finished Good,
FIN-BRK-CHS-72X42-RS,Brooklyn Chaise 72 x 42 (Right Facing),Brooklyn Collection,4155
FIN-BRK-CNT-TAB-28X72,"BROOKLYN TABLE (COUNTER HEIGHT) 28"" x 72"" x 36""",Brooklyn,"$3,480.00"
FIN-BRK-CHS-72X42-LS,Brooklyn Chaise 72 x 42 (Left Facing),Brooklyn Collection,4155
FIN-BRV-DYB-78X78,BRAVADA DAYBED 78 X 78,Finished Good,"$6,720.00"
FIN-BRV-DYB-84X78,BRAVADA DAYBED 84 X 78,Finished Good,"$7,080.00"
FIN-OCN-COF-TAB-56X56-GR,FIN-OCN-COF-TAB-56X56-GR,Finished Good,
FIN-OCN-COF-TAB-56X56-WH,FIN-OCN-COF-TAB-56X56-WH,Finished Good,
FIN-BRV-OTT-42X22,BRAVADA OTTOMAN 22 X 42,Finished Good,$850.00
FIN-BRK-CNT-TAB-28X120,"BROOKLYN TABLE (COUNTER HEIGHT) 28"" x 120"" x 36""",Brooklyn,"$4,320.00"
FIN-BRK-CNT-TAB-28X96,"BROOKLYN TABLE (COUNTER HEIGHT) 28"" x 96"" x 36""",Brooklyn,"$3,720.00"
FIN-BRK-CNT-TAB-36X120,"BROOKLYN TABLE (COUNTER HEIGHT) 36"" x 120"" x 36""",Brooklyn,"$4,920.00"
FIN-BRK-CNT-TAB-36X72,"BROOKLYN TABLE (COUNTER HEIGHT) 36"" x 72"" x 36""",Brooklyn,"$3,480.00"
FIN-BRK-CNT-TAB-36X96,"BROOKLYN TABLE (COUNTER HEIGHT) 36"" x 96"" x 36""",Brooklyn,"$4,200.00"
FIN-BRV-LOV-SOF-60X34,"BRAVADA LOVESEAT 60"" x 34"" x 31"" BH",Bravada,"$2,750.00"
FIN-BRV-OTT-30X22,BRAVADA OTTOMAN 22 X 30,Finished Good,$750.00
FIN-BRV-OTT-42X34,BRAVADA OTTOMAN 34 X 42,Finished Good,"$1,260.00"
FIN-BRV-OTT-DKT-30X22,Bravada Ottoman 30X22 (Dekton Top),Bravada Collection,785
FIN-BRV-OTT-DKT-34X34,Bravada Ottoman 34X34 (Dekton Top),Bravada Collection,1115
FIN-OCN-COF-TAB-72X36-BE,FIN-OCN-COF-TAB-72X36-BE,Finished Good,
FIN-OCN-COF-TAB-72X36-BO,FIN-OCN-COF-TAB-72X36-BO,Finished Good,
FIN-OCN-COF-TAB-72X36-BR,FIN-OCN-COF-TAB-72X36-BR,Finished Good,
FIN-OCN-COF-TAB-72X36-GR,FIN-OCN-COF-TAB-72X36-GR,Finished Good,
FIN-OCN-COF-TAB-72X36-WH,FIN-OCN-COF-TAB-72X36-WH,Finished Good,
FIN-OCN-COF-TAB-72X42-BE,FIN-OCN-COF-TAB-72X42-BE,Finished Good,
FIN-OCN-COF-TAB-72X42-BO,FIN-OCN-COF-TAB-72X42-BO,Finished Good,
FIN-OCN-COF-TAB-72X42-BR,FIN-OCN-COF-TAB-72X42-BR,Finished Good,
FIN-OCN-COF-TAB-72X42-V23143105,FIN-OCN-COF-TAB-72X42-V23143105,Finished Good,
FIN-OCN-COF-TAB-72X42-WH,FIN-OCN-COF-TAB-72X42-WH,Finished Good,
FIN-OCN-COF-TAB-72X56-BE,FIN-OCN-COF-TAB-72X56-BE,Finished Good,
FIN-OCN-COF-TAB-72X56-BO,FIN-OCN-COF-TAB-72X56-BO,Finished Good,
FIN-OCN-COF-TAB-72X56-BR,FIN-OCN-COF-TAB-72X56-BR,Finished Good,
FIN-OCN-COF-TAB-72X56-GR,FIN-OCN-COF-TAB-72X56-GR,Finished Good,
FIN-OCN-COF-TAB-72X56-WH,FIN-OCN-COF-TAB-72X56-WH,Finished Good,
FIN-OCN-DOU-CHS-58X79-BE,FIN-OCN-DOU-CHS-58X79-BE,Finished Good,
FIN-OCN-DOU-CHS-58X79-BO,FIN-OCN-DOU-CHS-58X79-BO,Finished Good,
FIN-OCN-DOU-CHS-58X79-BR,FIN-OCN-DOU-CHS-58X79-BR,Finished Good,
FIN-OCN-DOU-CHS-58X79-GR,FIN-OCN-DOU-CHS-58X79-GR,Finished Good,
FIN-OCN-DOU-CHS-58X79-WH,FIN-OCN-DOU-CHS-58X79-WH,Finished Good,
FIN-BRK-DIN-TAB-28X120,"BROOKLYN TABLE (DINING HEIGHT) 28"" x 120"" x 30""",Brooklyn,"$4,080.00"
FIN-BRK-DIN-TAB-28X72,"BROOKLYN TABLE (DINING HEIGHT) 28"" x 72"" x 30""",Brooklyn,"$2,880.00"
FIN-BRK-DIN-TAB-28X96,"BROOKLYN TABLE (DINING HEIGHT) 28"" x 96"" x 30""",Brooklyn,"$3,480.00"
FIN-BRK-DIN-TAB-36X120,"BROOKLYN TABLE (DINING HEIGHT) 36"" x 120"" x 30""",Brooklyn,"$4,680.00"
FIN-BRK-DIN-TAB-36X72,"BROOKLYN TABLE (DINING HEIGHT) 36"" x 72"" x 30""",Brooklyn,"$3,240.00"
FIN-BRK-DIN-TAB-36X96,"BROOKLYN TABLE (DINING HEIGHT) 36"" x 96"" x 30""",Brooklyn,"$3,960.00"
FIN-WFT-BAR-TAB-28X120,"WATERFALL TABLE (BAR HEIGHT) 28"" x 120"" x 42""",Waterfall,"$7,440.00"
FIN-WFT-BAR-TAB-28X72,"WATERFALL TABLE (BAR HEIGHT) 28"" x 72"" x 42""",Waterfall,"$6,000.00"
FIN-WFT-BAR-TAB-28X96,"WATERFALL TABLE (BAR HEIGHT) 28"" x 96"" x 42""",Waterfall,"$6,720.00"
FIN-WFT-BAR-TAB-36X120,"WATERFALL TABLE (BAR HEIGHT) 36"" x 120"" x 42""",Waterfall,"$7,800.00"
FIN-WFT-BAR-TAB-36X72,"WATERFALL TABLE (BAR HEIGHT) 36"" x 72"" x 42""",Waterfall,"$6,360.00"
FIN-WFT-BAR-TAB-36X96,"WATERFALL TABLE (BAR HEIGHT) 36"" x 96"" x 42""",Waterfall,"$7,080.00"
FIN-WFT-CNT-TAB-28X120,"WATERFALL TABLE (COUNTER HEIGHT) 28"" x 120"" x 36""",Waterfall,"$7,200.00"
FIN-WFT-CNT-TAB-28X72,"WATERFALL TABLE (COUNTER HEIGHT) 28"" x 72"" x 36""",Waterfall,"$5,760.00"
FIN-WFT-CNT-TAB-28X96,"WATERFALL TABLE (COUNTER HEIGHT) 28"" x 96"" x 36""",Waterfall,"$6,480.00"
FIN-WFT-CNT-TAB-36X120,"WATERFALL TABLE (COUNTER HEIGHT) 36"" x 120"" x 36""",Waterfall,"$7,560.00"
FIN-WFT-CNT-TAB-36X72,"WATERFALL TABLE (COUNTER HEIGHT) 36"" x 72"" x 36""",Waterfall,"$6,120.00"
FIN-WFT-CNT-TAB-36X96,"WATERFALL TABLE (COUNTER HEIGHT) 36"" x 96"" x 36""",Waterfall,"$6,840.00"
FIN-WFT-DIN-TAB-28X120,"WATERFALL TABLE (DINING HEIGHT) 28"" x 120"" x 30""",Waterfall,"$6,960.00"
FIN-WFT-DIN-TAB-28X72,"WATERFALL TABLE (DINING HEIGHT) 28"" x 72"" x 30""",Waterfall,"$5,520.00"
FIN-WFT-DIN-TAB-28X96,"WATERFALL TABLE (DINING HEIGHT) 28"" x 96"" x 30""",Waterfall,"$6,240.00"
FIN-OCN-LOV-SOF-60X38-BE-N,FIN-OCN-LOV-SOF-60X38-BE-N,Finished Good,
FIN-OCN-LOV-SOF-60X38-BE-Y,FIN-OCN-LOV-SOF-60X38-BE-Y,Finished Good,
FIN-OCN-LOV-SOF-60X38-BL-Y,FIN-OCN-LOV-SOF-60X38-BL-Y,Finished Good,
FIN-OCN-LOV-SOF-60X38-BO-N,FIN-OCN-LOV-SOF-60X38-BO-N,Finished Good,
FIN-OCN-LOV-SOF-60X38-BO-Y,FIN-OCN-LOV-SOF-60X38-BO-Y,Finished Good,
FIN-OCN-LOV-SOF-60X38-BR-N,FIN-OCN-LOV-SOF-60X38-BR-N,Finished Good,
FIN-OCN-LOV-SOF-60X38-BR-Y,FIN-OCN-LOV-SOF-60X38-BR-Y,Finished Good,
FIN-OCN-LOV-SOF-60X38-GR-N,FIN-OCN-LOV-SOF-60X38-GR-N,Finished Good,
FIN-OCN-LOV-SOF-60X38-GR-Y,FIN-OCN-LOV-SOF-60X38-GR-Y,Finished Good,
FIN-OCN-LOV-SOF-60X38-WH-N,FIN-OCN-LOV-SOF-60X38-WH-N,Finished Good,
FIN-OCN-LOV-SOF-60X38-WH-Y,FIN-OCN-LOV-SOF-60X38-WH-Y,Finished Good,
FIN-OCN-MIN-LOV-BE-N,FIN-OCN-MIN-LOV-BE-N,Finished Good,
FIN-OCN-MIN-LOV-BE-Y,FIN-OCN-MIN-LOV-BE-Y,Finished Good,
FIN-OCN-MIN-LOV-BL-Y,FIN-OCN-MIN-LOV-BL-Y,Finished Good,
FIN-OCN-MIN-LOV-BO-N,FIN-OCN-MIN-LOV-BO-N,Finished Good,
FIN-OCN-MIN-LOV-BO-Y,FIN-OCN-MIN-LOV-BO-Y,Finished Good,
FIN-OCN-MIN-LOV-BR-N,FIN-OCN-MIN-LOV-BR-N,Finished Good,
FIN-OCN-MIN-LOV-BR-Y,FIN-OCN-MIN-LOV-BR-Y,Finished Good,
FIN-OCN-MIN-LOV-GR-N,FIN-OCN-MIN-LOV-GR-N,Finished Good,
FIN-OCN-MIN-LOV-GR-Y,FIN-OCN-MIN-LOV-GR-Y,Finished Good,
FIN-OCN-MIN-LOV-WH-N,FIN-OCN-MIN-LOV-WH-N,Finished Good,
FIN-OCN-MIN-LOV-WH-Y,FIN-OCN-MIN-LOV-WH-Y,Finished Good,
FIN-OCN-OTT-30X22-BE,FIN-OCN-OTT-30X22-BE,Finished Good,
FIN-OCN-OTT-30X22-BO,FIN-OCN-OTT-30X22-BO,Finished Good,
FIN-OCN-OTT-30X22-BR,FIN-OCN-OTT-30X22-BR,Finished Good,
FIN-OCN-OTT-30X22-GR,FIN-OCN-OTT-30X22-GR,Finished Good,
FIN-OCN-OTT-30X22-WH,FIN-OCN-OTT-30X22-WH,Finished Good,
FIN-OCN-OTT-42X22-BE,FIN-OCN-OTT-42X22-BE,Finished Good,
FIN-OCN-OTT-42X22-BO,FIN-OCN-OTT-42X22-BO,Finished Good,
FIN-WFT-DIN-TAB-36X72,"WATERFALL TABLE (DINING HEIGHT) 36"" x 72"" x 30""",Waterfall,"$5,880.00"
FIN-WFT-DIN-TAB-36X96,"WATERFALL TABLE (DINING HEIGHT) 36"" x 96"" x 30""",Waterfall,"$6,600.00"
FIN-DAI-FIR-TAB-56X42,"PROPANE FIRE PIT TABLE 56"" x 42"" x 21""",Daisy,"$6,200.00"
FIN-WFT-DIN-CHA-17X21,"HALF BACK CHAIR (DINING HEIGHT) 17"" x 21"" x 18"" SH",Waterfall,$770.00
FIN-BRV-OTT-34X42,"BRAVADA OTTOMAN 34"" x 42"" x 16""",Bravada,"$1,260.00"
FIN-BRV-OTT-34X60,"BRAVADA OTTOMAN 34"" x 60"" x 16""",Bravada,"$1,500.00"
FIN-BRV-OTT-34X72,"BRAVADA OTTOMAN 34"" x 72"" x 16""",Bravada,"$1,700.00"
FIN-BRK-OTT-22X42,"BROOKLYN OTTOMAN 22"" x 42"" x 17""",Brooklyn,$935.00
FIN-BRK-OTT-22X60,"BROOKLYN OTTOMAN 22"" x 60"" x 17""",Brooklyn,"$1,080.00"
FIN-BRK-OTT-22X72,"BROOKLYN OTTOMAN 22"" x 72"" x 17""",Brooklyn,"$1,300.00"
FIN-OCN-OTT-42X22-BR,FIN-OCN-OTT-42X22-BR,Finished Good,
FIN-OCN-OTT-42X22-GR,FIN-OCN-OTT-42X22-GR,Finished Good,
FIN-OCN-OTT-42X22-WH,FIN-OCN-OTT-42X22-WH,Finished Good,
FIN-OCN-OTT-60X22-BE,FIN-OCN-OTT-60X22-BE,Finished Good,
FIN-OCN-OTT-60X22-BO,FIN-OCN-OTT-60X22-BO,Finished Good,
FIN-OCN-OTT-60X22-BR,FIN-OCN-OTT-60X22-BR,Finished Good,
FIN-OCN-OTT-60X22-GR,FIN-OCN-OTT-60X22-GR,Finished Good,
FIN-OCN-OTT-60X22-WH,FIN-OCN-OTT-60X22-WH,Finished Good,
FIN-OCN-OTT-72X22-BE,FIN-OCN-OTT-72X22-BE,Finished Good,
FIN-OCN-OTT-72X22-BO,FIN-OCN-OTT-72X22-BO,Finished Good,
FIN-OCN-OTT-72X22-BR,FIN-OCN-OTT-72X22-BR,Finished Good,
FIN-OCN-OTT-72X22-GR,FIN-OCN-OTT-72X22-GR,Finished Good,
FIN-OCN-OTT-72X22-WH,FIN-OCN-OTT-72X22-WH,Finished Good,
FIN-OCN-SGL-CHS-36X79-BE,FIN-OCN-SGL-CHS-36X79-BE,Finished Good,
FIN-OCN-SGL-CHS-36X79-BO,FIN-OCN-SGL-CHS-36X79-BO,Finished Good,
FIN-OCN-SGL-CHS-36X79-BR,FIN-OCN-SGL-CHS-36X79-BR,Finished Good,
FIN-OCN-SGL-CHS-36X79-GR,FIN-OCN-SGL-CHS-36X79-GR,Finished Good,
FIN-OCN-SGL-CHS-36X79-WH,FIN-OCN-SGL-CHS-36X79-WH,Finished Good,
FIN-OCN-SID-TAB-20X20-BE,FIN-OCN-SID-TAB-20X20-BE,Finished Good,
FIN-OCN-SID-TAB-20X20-BO,FIN-OCN-SID-TAB-20X20-BO,Finished Good,
FIN-OCN-SID-TAB-20X20-BR,FIN-OCN-SID-TAB-20X20-BR,Finished Good,
FIN-OCN-SID-TAB-20X20-GR,FIN-OCN-SID-TAB-20X20-GR,Finished Good,
FIN-OCN-SID-TAB-20X20-WH,FIN-OCN-SID-TAB-20X20-WH,Finished Good,
FIN-OCN-SID-TAB-36X36-BE,FIN-OCN-SID-TAB-36X36-BE,Finished Good,
FIN-OCN-SID-TAB-36X36-BO,FIN-OCN-SID-TAB-36X36-BO,Finished Good,
FIN-OCN-SID-TAB-36X36-BR,FIN-OCN-SID-TAB-36X36-BR,Finished Good,
FIN-BRK-OTT-34X42,"BROOKLYN OTTOMAN 34"" x 42"" x 17""",Brooklyn,"$1,380.00"
FIN-OCN-SID-TAB-36X36-GR,FIN-OCN-SID-TAB-36X36-GR,Finished Good,
FIN-OCN-SID-TAB-36X36-WH,FIN-OCN-SID-TAB-36X36-WH,Finished Good,
FIN-BRK-OTT-34X60,"BROOKLYN OTTOMAN 34"" x 60"" x 17""",Brooklyn,"$1,650.00"
FIN-OCN-SID-TAB-42-BE,FIN-OCN-SID-TAB-42-BE,Finished Good,
FIN-OCN-SID-TAB-42-BO,FIN-OCN-SID-TAB-42-BO,Finished Good,
FIN-BRK-OTT-34X72,"BROOKLYN OTTOMAN 34"" x 72"" x 17""",Brooklyn,"$1,900.00"
FIN-OCN-SID-TAB-42-BR,FIN-OCN-SID-TAB-42-BR,Finished Good,
FIN-OCN-SID-TAB-42-GR,FIN-OCN-SID-TAB-42-GR,Finished Good,
FIN-OCN-SID-TAB-42-WH,FIN-OCN-SID-TAB-42-WH,Finished Good,
FIN-OCN-SOF-72X38-BE-N,FIN-OCN-SOF-72X38-BE-N,Finished Good,
FIN-OCN-SOF-72X38-BE-Y,FIN-OCN-SOF-72X38-BE-Y,Finished Good,
FIN-CUS-OTT-22X72,"CUSTOM STORAGE OTTOMAN 22"" x 72"" x 23""",Miscellaneous,"$1,950.00"
FIN-BRV-SWG-84,"BRAVADA SWING FRAME ONLY 84""+ Thicker Gauge",Bravada,"$4,200.00"
FIN-BRV-SWG-84X42,"BRAVADA SWING 84"" x 42"" x 23"" BH",Bravada,"$4,900.00"
FIN-OCN-SOF-72X38-BL-Y,FIN-OCN-SOF-72X38-BL-Y,Finished Good,
FIN-OCN-SOF-72X38-BO-N,FIN-OCN-SOF-72X38-BO-N,Finished Good,
FIN-OCN-SOF-72X38-BO-Y,FIN-OCN-SOF-72X38-BO-Y,Finished Good,
FIN-OCN-SOF-72X38-BR-N,FIN-OCN-SOF-72X38-BR-N,Finished Good,
FIN-OCN-SOF-72X38-BR-Y,FIN-OCN-SOF-72X38-BR-Y,Finished Good,
FIN-OCN-SOF-72X38-GR-N,FIN-OCN-SOF-72X38-GR-N,Finished Good,
FIN-OCN-SOF-72X38-GR-Y,FIN-OCN-SOF-72X38-GR-Y,Finished Good,
FIN-CAB-MIS-10X10,CABANA 10' X 10' X 9' w/Sunbrella Top & Curtains,Cabana,"$14,000"
FIN-CAB-MIS,LUMBAR PILLOW (alt size),Cabana,$120.00
FIN-TJM-MIS-13,"TWO SHAYZ LOUNGERS & TWO SETS OF 8"" RISERS, FOR 13"" DEPTH",Tenjam,"$1,849.99"
FIN-TJM-MIS-12X17,"TWO SHAYZ LOUNGERS & TWO SETS OF 12"" RISERS FOR 17"" DEPTH",Tenjam,"$1,849.99"
FIN-MLN-TAB-56X14,"OCCASIONAL TABLE 56""x14""x36""",Marina,"$3,080.00"
FIN-OCN-SOF-72X38-WH-N,FIN-OCN-SOF-72X38-WH-N,Finished Good,
FIN-MLN-MIS,FABRICATED DEKTON SLAB,Marina,"$4,000.00"
FIN-CUS-OTT-23X82,"CUSTOM STORAGE OTTOMAN 23"" x 82""",Miscellaneous,"$2,150.00"
FIN-OCN-SOF-72X38-WH-Y,FIN-OCN-SOF-72X38-WH-Y,Finished Good,
FIN-OCN-SOF-84X38-BE-N,FIN-OCN-SOF-84X38-BE-N,Finished Good,
FIN-ESY-CHS,ADD-ON WHEELS FOR CHAISE LOUNGERS,Flexy,$200
FIN-OCN-SOF-84X38-BE-Y,FIN-OCN-SOF-84X38-BE-Y,Finished Good,
FIN-OCN-SOF-84X38-BL-Y,FIN-OCN-SOF-84X38-BL-Y,Finished Good,
FIN-BRV-ARM-SOF-96,Bravada Armless Sofa 96,Bravada Collection,4285
FIN-BRV-DOU-CHS-58X79-NOARM,Bravada Chaise Lounge Double (No Metal Arms),Bravada Collection,3900
FIN-BRV-COF-TAB-42X28,BRAVADA COFFEE TABLE 28 X 42,Finished Good,"$2,280.00"
FIN-BRV-OTT-60X22,BRAVADA OTTOMAN 22 X 60,Finished Good,$980.00
FIN-BRV-OTT-72X22,BRAVADA OTTOMAN 22 X 72,Finished Good,"$1,180.00"
FIN-BRK-CHS-72X34-LS,Brooklyn Chaise 72 x 34 (Left Facing),Brooklyn Collection,3955
FIN-BRK-COR-SOF-84X34-RS,Brooklyn Corner Sofa 84 (Right Facing),Brooklyn Collection,4400
FIN-DAI-TAB-72X42,Daisy Base Table 72 x 42 Dining Height,Finished Good,
FIN-OCN-DOU-CHS-58X79,"OCEAN DOUBLE CHAISE LOUNGE 58"" x 79"" x 14"" SH",Ocean,"$3,850.00"
FIN-OCN-MIN-LOV,Ocean Mini Loveseat,Finished Good,
FIN-OCN-SOF-84X38-BO-N,FIN-OCN-SOF-84X38-BO-N,Finished Good,
FIN-OCN-SOF-84X38-BO-Y,FIN-OCN-SOF-84X38-BO-Y,Finished Good,
FIN-OCN-SOF-84X38-BR-N,FIN-OCN-SOF-84X38-BR-N,Finished Good,
FIN-OCN-SOF-84X38-BR-Y,FIN-OCN-SOF-84X38-BR-Y,Finished Good,
FIN-OCN-SOF-84X38-GR-N,FIN-OCN-SOF-84X38-GR-N,Finished Good,
FIN-BRV-CHS-42X72-LS,Bravada Chaise 42X72 (Left Facing),Bravada Collection,3905
FIN-BRV-CHS-42X72-RS,Bravada Chaise 42X72 (Right Facing),Bravada Collection,3905
FIN-BRV-COR-SOF-72X34-LS,Bravada Corner Sofa 72 (Left Facing),Bravada Collection,3935
FIN-BRV-COR-SOF-72X34-RS,Bravada Corner Sofa 72 (Right Facing),Bravada Collection,3935
FIN-BRV-COF-TAB-36X36,"BRAVADA COFFEE TABLE 36"" x 36"" x 17""",Bravada,"$2,280.00"
FIN-OCN-SOF-84X38-GR-Y,FIN-OCN-SOF-84X38-GR-Y,Finished Good,
FIN-OCN-SOF-84X38-WH-N,FIN-OCN-SOF-84X38-WH-N,Finished Good,
FIN-BRV-COF-TAB-56X56,"BRAVADA COFFEE TABLE 56"" x 56"" x 17""",Bravada,"$4,320.00"
FIN-OCN-SOF-84X38-WH-Y,FIN-OCN-SOF-84X38-WH-Y,Finished Good,
FIN-OCN-SOF-96X38-BE-N,FIN-OCN-SOF-96X38-BE-N,Finished Good,
FIN-OCN-SOF-96X38-BE-Y,FIN-OCN-SOF-96X38-BE-Y,Finished Good,
FIN-OCN-SOF-96X38-BL-Y,FIN-OCN-SOF-96X38-BL-Y,Finished Good,
FIN-OCN-SOF-96X38-BO-N,FIN-OCN-SOF-96X38-BO-N,Finished Good,
FIN-OCN-SOF-96X38-BO-Y,FIN-OCN-SOF-96X38-BO-Y,Finished Good,
FIN-OCN-SOF-96X38-BR-N,FIN-OCN-SOF-96X38-BR-N,Finished Good,
FIN-OCN-SOF-96X38-BR-Y,FIN-OCN-SOF-96X38-BR-Y,Finished Good,
FIN-BRV-ARM-SOF-72,Bravada Armless Sofa 72,Bravada Collection,3525
FIN-BRV-ARM-SOF-84,Bravada Armless Sofa 84,Bravada Collection,4030
FIN-BRV-CHS-34X72-RS,Bravada Chaise 34 X 72 (Right Facing),Bravada Collection,3780
FIN-BRV-OTT-60X34,BRAVADA OTTOMAN 34 X 60,Finished Good,"$1,500.00"
FIN-OCN-SOF-96X38-GR-N,FIN-OCN-SOF-96X38-GR-N,Finished Good,
FIN-OCN-SOF-96X38-GR-Y,FIN-OCN-SOF-96X38-GR-Y,Finished Good,
FIN-OCN-SOF-96X38-WH-N,FIN-OCN-SOF-96X38-WH-N,Finished Good,
FIN-OCN-SOF-96X38-WH-Y,FIN-OCN-SOF-96X38-WH-Y,Finished Good,
FIN-OCN-SWV-CHA-34X38-SWIVELCHAIR,FIN-OCN-SWV-CHA-34X38-SWIVELCHAIR,Finished Good,
FIN-OCN-SWV-CHA-BE-N,FIN-OCN-SWV-CHA-BE-N,Finished Good,
FIN-OCN-SWV-CHA-BE-Y,FIN-OCN-SWV-CHA-BE-Y,Finished Good,
FIN-OCN-SWV-CHA-BL-N,FIN-OCN-SWV-CHA-BL-N,Finished Good,
FIN-OCN-SWV-CHA-BO-N,FIN-OCN-SWV-CHA-BO-N,Finished Good,
FIN-OCN-SWV-CHA-BO-Y,FIN-OCN-SWV-CHA-BO-Y,Finished Good,
FIN-OCN-SWV-CHA-BR-N,FIN-OCN-SWV-CHA-BR-N,Finished Good,
FIN-OCN-SWV-CHA-BR-Y,FIN-OCN-SWV-CHA-BR-Y,Finished Good,
FIN-OCN-SWV-CHA-GR-N,FIN-OCN-SWV-CHA-GR-N,Finished Good,
FIN-OCN-SWV-CHA-GR-Y,FIN-OCN-SWV-CHA-GR-Y,Finished Good,
FIN-OCN-SWV-CHA-WH-N,FIN-OCN-SWV-CHA-WH-N,Finished Good,
FIN-OCN-SWV-CHA-WH-Y,FIN-OCN-SWV-CHA-WH-Y,Finished Good,
FIN-OCN-TAB-34X12-FLYTABLE,FIN-OCN-TAB-34X12-FLYTABLE,Finished Good,
FIN-TAY-BCH-42X23-BENCHDINING,FIN-TAY-BCH-42X23-BENCHDINING,Finished Good,
FIN-TAY-BCH-72X23-BENCHCOUNTER,FIN-TAY-BCH-72X23-BENCHCOUNTER,Finished Good,
FIN-MLN-OTT-56X42,"MILAN OTTOMAN 56"" x 42"" x 16""",Milan,"$2,040.00"
FIN-TAY-BCH-72X23-BENCHDINING,FIN-TAY-BCH-72X23-BENCHDINING,Finished Good,
FIN-OCN-COF-TAB-36X56,"OCEAN COFFEE TABLE 36"" x 56"" x 17""",Ocean,"$3,240.00"
FIN-TAY-BST-19X23-BARSTOOLCOUNTE,FIN-TAY-BST-19X23-BARSTOOLCOUNTE,Finished Good,
FIN-BRV-CLB-CHA-34X34,"BRAVADA CLUB CHAIR 34"" x 34"" x 31"" BH",Bravada,"$2,080.00"
FIN-BRV-DOU-CHS-58X79,"BRAVADA DOUBLE CHAISE LOUNGE 58"" x 79"" x 14"" SH",Bravada,"$3,720.00"
FIN-BRV-MIN-LOV-48X34,"BRAVADA MINI LOVESEAT 48"" x 34"" x 31"" BH",Bravada,"$2,520.00"
FIN-BRK-TRA-SGL-CHS-36X72,"BROOKLYN TRANSITIONAL SINGLE CHAISE 36"" x 72"" x 30"" BH",Brooklyn,"$3,720.00"
FIN-OCN-CLB-CHA-34X38,"OCEAN CLUB CHAIR w/METAL ARM 34"" x 38"" x 33"" BH",Ocean,"$2,280.00"
FIN-BRK-COR-SOF-72X34-LS,Brooklyn Corner Sofa 72 (Left Facing),Brooklyn Collection,3900
FIN-BRK-COR-SOF-72X34-RS,Brooklyn Corner Sofa 72 (Right Facing),Brooklyn Collection,3900
FIN-BRV-OTT-DKT-72X34,Bravada Ottoman 72 x 34 (Dekton Top),Bravada Collection,
FIN-TAY-BST-24X23-BARSTOOLARMS,FIN-TAY-BST-24X23-BARSTOOLARMS,Finished Good,
FIN-BRV-SGL-CHS-30X79,"BRAVADA SINGLE CHAISE LOUNGE 30"" x 79"" x 14"" SH",Bravada,"$2,460.00"
FIN-BRK-CHS-84X34-LS,Brooklyn Chaise 84 x 34 (Left Facing),Brooklyn Collection,
FIN-TJM-CHA-MIBSTERCHAIR,FIN-TJM-CHA-MIBSTERCHAIR,Finished Good,
FIN-BRV-OTT-34X34,"BRAVADA OTTOMAN 34"" x 34"" x 16""",Bravada,"$1,060.00"
FIN-BRV-OTT-DKT-60X34,Bravada Ottoman 60 x 34 (Dekton Top),Bravada Collection,1575
FIN-BRK-SOF-60X34,"BROOKLYN SOFA 60"" x 34"" x 30"" BH",Brooklyn,"$3,360.00"
FIN-TJM-CHA-MOONCHAIR,FIN-TJM-CHA-MOONCHAIR,Finished Good,
FIN-TJM-MIS-LAYLOLOUNGER,FIN-TJM-MIS-LAYLOLOUNGER,Finished Good,
FIN-MLN-OTT-34X34,"MILAN OTTOMAN 34"" x 34"" x 16""",Milan,"$1,280.00"
FIN-TJM-MIS-ONECOATED,FIN-TJM-MIS-ONECOATED,Finished Good,
FIN-OCN-SID-TAB-13X30,"U SIDE TABLE 13"" x 30"" x 21""",Ocean,$625.00
FIN-DAI-TAB-108X56,"DAISY BASE OVAL TABLE 108"" X 56"" X 30""",Daisy,"$7,360.00"
FIN-DAI-BAR-TAB-42X120,"DAISY BASE TABLE (BAR HEIGHT) 42"" x 120"" x 42""",Daisy,"$7,080.00"
FIN-BRK-CHS-84X42-LS,Brooklyn Chaise 84 x 42 (Left Facing),Brooklyn Collection,4665
FIN-BRK-CHS-84X42-RS,Brooklyn Chaise 84 x 42 (Right Facing),Brooklyn Collection,4665
FIN-WFT-DIN-TAB-36X120,"WATERFALL TABLE (DINING HEIGHT) 36"" x 120"" x 30""",Waterfall,"$7,320.00"
FIN-BRV-OTT-DKT-72X22,Bravada Ottoman 72X22 (Dekton Top),Bravada Collection,1240
FIN-BRK-CHS-84X34-RS,Brooklyn Chaise 84 x 34 (Right Facing),Brooklyn Collection,
FIN-BRK-COR-SOF-96X34-LS,Brooklyn Corner Sofa 96 (Left Facing),Brooklyn Collection,4900
FIN-BRV-SOF-72X34,"BRAVADA SOFA 72"" x 34"" x 31"" BH",Bravada,"$3,360.00"
FIN-BRV-SOF-84X34,"BRAVADA SOFA 84"" x 34"" x 31"" BH",Bravada,"$3,840.00"
FIN-BRV-SWV-CHA-34X34,"BRAVADA SWIVEL CHAIR 34"" x 34"" x 31"" BH",Bravada,"$2,580.00"
FIN-BRK-LOV-SOF,Brooklyn Loveseat,Brooklyn Collection,3525
FIN-BRK-SOF-96X34,"BROOKLYN SOFA 96"" x 34"" x 30"" BH",Brooklyn,"$4,800.00"
FIN-BRV-SGL-CHS-30X79-NOARM,Bravada Chaise Lounge Single (No Metal Arms),Bravada Collection,2585
FIN-BRV-SOF-96X34,"BRAVADA SOFA 96"" x 34"" x 31"" BH",Bravada,"$4,080.00"
FIN-BRK-COR-SOF-96X34-RS,Brooklyn Corner Sofa 96 (Right Facing),Brooklyn Collection,4900
FIN-TJM-MIS-PILLOWLOUNGERS,FIN-TJM-MIS-PILLOWLOUNGERS,Finished Good,
FIN-TJM-MIS-TWOCOATED,FIN-TJM-MIS-TWOCOATED,Finished Good,
FRP-HPC-FPGLBLACK,FIRE GLASS BLACK,Firepit,
FRP-HPC-FPGLBLACKREFL,FIRE GLASS BLACK REFLECTIVE,Firepit,
SHD-FIM-FZ300WHI,FIM FLEXY ZEN 300 WHITE,Shade,
SHD-SCO-2MSQ-MAR-WHI-NON,SCOLARO 2M SQUARE MARINA WHITE NONE,Shade,
SHD-SCO-3MSQ-AST-ECR-CAR,SCOLARO 3M SQUARE ASTRO ECRU CARBON,Shade,
FIN-MAR-3M-UMB-NO-BAS,MARINA 3M UMBRELLA NO BASE,Finished Good,$950.00
FIN-MAR-2X2-UMB-NO-BAS,MARINA 2X2 UMBRELLA NO BASE,Finished Good,$700.00
FUR-TNJ-SHALOURR,TENJAM SHAYZ LOUNGER RIVER ROCK,Furniture,
FUR-TNJ-SHALOUSB,TENJAM SHAYZ LOUNGER SURF BLUE,Furniture,
FUR-TNJ-SHALOUWG,TENJAM SHAYZ LOUNGER WHITE GRANITE,Furniture,
FUR-TNJ-SHALOUYEL,TENJAM SHAYZ LOUNGER YELLOW,Furniture,
FUR-TNJ-SHARISSET12GG,"TENJAM SHAYZ RISER SET 12"" GRAY GRANITE",Furniture,
FUR-TNJ-SHARISSET12LB,"TENJAM SHAYZ RISER SET 12"" LIGHT BLUE",Furniture,
FUR-TNJ-SHARISSET12SB,"TENJAM SHAYZ RISER SET 12"" SURF BLUE",Furniture,
FUR-TNJ-SHARISSET12SW,"TENJAM SHAYZ RISER SET 12"" SOLID WHITE",Furniture,
FUR-TNJ-SHARISSET12YEL,"TENJAM SHAYZ RISER SET 12"" YELLOW",Furniture,
FUR-TNJ-SHARISSET4DS,"TENJAM SHAYZ RISER SET 4"" DESERT SANDSTONE",Furniture,
FUR-TNJ-SHARISSET4GG,"TENJAM SHAYZ RISER SET 4"" GRAY GRANITE",Furniture,
SHD-SCO-BASE-AST-NON-NON,SCOLARO BASE SQUARE ASTRO NONE NONE,Shade,
FIN-IRO,IRONWOOD,Finished Good,$200.00
FIN-KIN-LIV-LAM,KINDLE LIVING LAMP,Finished Good,"$4,975.00"
FIN-MIS-MIS,FABRICATED DEKTON SLAB,Finished Good,"$4,000.00"
FIN-BRV-SWG-96X60,BRAVADA SWING 66 X 42 W/FRAME,Finished Good,"$3,900.00"
FIN-BRV-SWG-102X60,BRAVADA SWING 72 X 42 W/FRAME,Finished Good,"$4,400.00"
FIN-CAN-UMB-W-BAS,CANTILEVER UMBRELLA W/BASE,Finished Good,"$5,500.00"
FIN-FLE-ZEN-NO-BAS,FLEXY ZEN NO BASE,Finished Good,"$11,750.00"
FIN-FLE-TWI-NO-BAS,FLEXY TWIN NO BASE,Finished Good,"$8,500.00"
FUR-TNJ-BAJCLUCHACG,TENJAM BAJA CLUB CHAIR CLOUD GRAY,Furniture,
FUR-TNJ-BAJLOUTABCB,TENJAM BAJA LOUNGE TABLE CLOUD BLUE,Furniture,
FUR-TNJ-BAJLOUTABCT,TENJAM BAJA LOUNGE TABLE CRYSTAL TOPAZ,Furniture,
FUR-TNJ-BAJSIDTABSTOCB,TENJAM BAJA SIDE TABLE/STOOL CLOUD BLUE,Furniture,
FUR-TNJ-BAJSIDTABSTOCT,TENJAM BAJA SIDE TABLE/STOOL CRYSTAL TOPAZ,Furniture,
FUR-TNJ-BAJSTUCHACT,TENJAM BAJA STUDIO CHAIR CRYSTAL TOPAZ,Furniture,
FUR-TNJ-DRILB,TENJAM DRIFT LIGHT BLUE,Furniture,
FUR-TNJ-DRISW,TENJAM DRIFT SOLID WHITE,Furniture,
FUR-TNJ-LAYLOUDS,TENJAM LAYLO LOUNGER DESERT SANDSTONE,Furniture,
FUR-TNJ-LAYLOURR,TENJAM LAYLO LOUNGER RIVER ROCK,Furniture,
FUR-TNJ-LAYLOUW4RISDS,"TENJAM LAYLO LOUNGER W/ 4"" RISER DESERT SANDSTONE",Furniture,
FUR-TNJ-LAYLOUW4RISRR,"TENJAM LAYLO LOUNGER W/ 4"" RISER RIVER ROCK",Furniture,
FUR-TNJ-LAYLOUW4RISSW,"TENJAM LAYLO LOUNGER W/ 4"" RISER SOLID WHITE",Furniture,
FUR-TNJ-LAYLOUW4RISWG,"TENJAM LAYLO LOUNGER W/ 4"" RISER WHITE GRANITE",Furniture,
FUR-TNJ-LAYLOUYEL,TENJAM LAYLO LOUNGER YELLOW,Furniture,
FUR-TNJ-LAYRISSET4LB,"TENJAM LAYLO RISER SET 4"" LIGHT BLUE",Furniture,
FUR-TNJ-LAYRISSET4SW,"TENJAM LAYLO RISER SET 4"" SOLID WHITE",Furniture,
FUR-TNJ-LAYSHAPILDS,TENJAM LAYLO/SHAYZ PILLOW DESERT SANDSTONE,Furniture,
FUR-TNJ-LAYSHAPILSB,TENJAM LAYLO/SHAYZ PILLOW SURF BLUE,Furniture,
FUR-TNJ-LAYSHAPILYEL,TENJAM LAYLO/SHAYZ PILLOW YELLOW,Furniture,
FUR-TNJ-PLALB,TENJAM PLANTER LIGHT BLUE,Furniture,
FUR-TNJ-PLASW,TENJAM PLANTER SOLID WHITE,Furniture,
FUR-TNJ-RADPAD10PACDS,TENJAM RAD PADS (10-PACK) DESERT SANDSTONE,Furniture,
FUR-TNJ-RADPAD10PACRR,TENJAM RAD PADS (10-PACK) RIVER ROCK,Furniture,
FUR-TNJ-RADPAD10PACWG,TENJAM RAD PADS (10-PACK) WHITE GRANITE,Furniture,
FUR-TNJ-RIPSIDTABGG,TENJAM RIPPLE SIDE TABLE GRAY GRANITE,Furniture,
FRP-HPC-GSKIT,GS KIT,Firepit,
FRP-HPC-TORFPPK72TRGHFLEXNG,"72"" LINEAR TROUGH — SST TORPEDO PUSH BUTTON/FLAME SENSING",Firepit,
FRP-HPC-TORMLFPK36TRGHFLEXNG,"36"" LINEAR TROUGH — SST TORPEDO MATCH LIT",Firepit,
FUR-TNJ-RIPSIDTABSW,TENJAM RIPPLE SIDE TABLE SOLID WHITE,Furniture,
FUR-TNJ-RIPTALTABDS,TENJAM RIPPLE TALL TABLE DESERT SANDSTONE,Furniture,
FUR-TNJ-RIPTALTABGG,TENJAM RIPPLE TALL TABLE GRAY GRANITE,Furniture,
FUR-TNJ-RIPTALTABLB,TENJAM RIPPLE TALL TABLE LIGHT BLUE,Furniture,
FUR-TNJ-RIPTALTABWG,TENJAM RIPPLE TALL TABLE WHITE GRANITE,Furniture,
FUR-TNJ-RIPTRAGG,TENJAM RIPPLE TRAY GRAY GRANITE,Furniture,
FUR-TNJ-RIPTRASB,TENJAM RIPPLE TRAY SURF BLUE,Furniture,
FUR-TNJ-RIPTRAYEL,TENJAM RIPPLE TRAY YELLOW,Furniture,
FUR-TNJ-RIS4LB,"TENJAM RISER 4"" LIGHT BLUE",Furniture,
FUR-TNJ-RIS4SW,"TENJAM RISER 4"" SOLID WHITE",Furniture,
FUR-TNJ-RIS8DS,"TENJAM RISER 8"" DESERT SANDSTONE",Furniture,
FUR-TNJ-RIS8RR,"TENJAM RISER 8"" RIVER ROCK",Furniture,
FUR-TNJ-RIS8WG,"TENJAM RISER 8"" WHITE GRANITE",Furniture,
FUR-TNJ-SHALOUGG,TENJAM SHAYZ LOUNGER GRAY GRANITE,Furniture,
FUR-TNJ-SHALOULB,TENJAM SHAYZ LOUNGER LIGHT BLUE,Furniture,
FUR-TNJ-SHALOUSW,TENJAM SHAYZ LOUNGER SOLID WHITE,Furniture,
FUR-TNJ-SHARISSET12DS,"TENJAM SHAYZ RISER SET 12"" DESERT SANDSTONE",Furniture,
FUR-TNJ-SHARISSET12RR,"TENJAM SHAYZ RISER SET 12"" RIVER ROCK",Furniture,
FUR-TNJ-SHARISSET12WG,"TENJAM SHAYZ RISER SET 12"" WHITE GRANITE",Furniture,
FUR-TNJ-SHARISSET4LB,"TENJAM SHAYZ RISER SET 4"" LIGHT BLUE",Furniture,
FIN-UNF-DEK-SLA,UNFABRICATED DEKTON SLAB,Finished Good,"$2,500.00"
FIN-WEA-COV,WEATHERPROOF COVERS,Finished Good,
FRP-HPC-FPGLCOBALTBLUE,FIRE GLASS COBALT BLUE,Firepit,
FRP-HPC-FPGLCOPPER,FIRE GLASS COPPER,Firepit,
FRP-HPC-MLFPK18SQBLFLEXLP,"18"" SQUARE BOWL — MATCH LIT (PRIOR LINE, NON-TORPEDO)",Firepit,
FRP-HPC-MLFPK36TRGHFLEXNG,"36"" LINEAR TROUGH — MATCH LIT (PRIOR LINE)",Firepit,
FRP-HPC-TANKSHORIZONTAL,TANKS HORIZONTAL,Firepit,
FRP-HPC-TANKSVERTICAL,TANKS VERTICAL,Firepit,
FRP-HPC-TOR42X14SSEIHHILONG120V,"42 × 14"" RECTANGLE BOWL PAN — BLUETOOTH W/APP, HI/LO",Firepit,
FRP-HPC-TORFPPK18SQBLFLEXLP,"18"" SQUARE BOWL — SST TORPEDO PUSH BUTTON/FLAME SENSING",Firepit,
FRP-HPC-TORFPSTRGH72LP,"72"" TROUGH BURNER KIT — SST TORPEDO (BURNER ONLY)",Firepit,
FUR-TNJ-BAJCLUCHACB,TENJAM BAJA CLUB CHAIR CLOUD BLUE,Furniture,
FUR-TNJ-BAJCLUCHACH,TENJAM BAJA CLUB CHAIR CRYSTAL HONEY,Furniture,
FUR-TNJ-BAJCLUCHACT,TENJAM BAJA CLUB CHAIR CRYSTAL TOPAZ,Furniture,
FUR-TNJ-BAJLOUTABCG,TENJAM BAJA LOUNGE TABLE CLOUD GRAY,Furniture,
FUR-TNJ-BAJLOUTABCH,TENJAM BAJA LOUNGE TABLE CRYSTAL HONEY,Furniture,
FUR-TNJ-BAJSIDTABSTOCH,TENJAM BAJA SIDE TABLE/STOOL CRYSTAL HONEY,Furniture,
FUR-TNJ-BAJSTUCHACB,TENJAM BAJA STUDIO CHAIR CLOUD BLUE,Furniture,
FUR-TNJ-BAJSTUCHACG,TENJAM BAJA STUDIO CHAIR CLOUD GRAY,Furniture,
FUR-TNJ-BAJSTUCHACH,TENJAM BAJA STUDIO CHAIR CRYSTAL HONEY,Furniture,
FUR-TNJ-DRIDS,TENJAM DRIFT DESERT SANDSTONE,Furniture,
FUR-TNJ-DRIGG,TENJAM DRIFT GRAY GRANITE,Furniture,
FUR-TNJ-DRIRR,TENJAM DRIFT RIVER ROCK,Furniture,
FUR-TNJ-DRISB,TENJAM DRIFT SURF BLUE,Furniture,
FUR-TNJ-DRIWG,TENJAM DRIFT WHITE GRANITE,Furniture,
FUR-TNJ-DRIYEL,TENJAM DRIFT YELLOW,Furniture,
FUR-TNJ-LAYLOUGG,TENJAM LAYLO LOUNGER GRAY GRANITE,Furniture,
FUR-TNJ-LAYLOULB,TENJAM LAYLO LOUNGER LIGHT BLUE,Furniture,
FUR-TNJ-LAYLOUSB,TENJAM LAYLO LOUNGER SURF BLUE,Furniture,
FUR-TNJ-LAYLOUSW,TENJAM LAYLO LOUNGER SOLID WHITE,Furniture,
FUR-TNJ-LAYLOUW4RISGG,"TENJAM LAYLO LOUNGER W/ 4"" RISER GRAY GRANITE",Furniture,
FUR-TNJ-LAYLOUW4RISLB,"TENJAM LAYLO LOUNGER W/ 4"" RISER LIGHT BLUE",Furniture,
FUR-TNJ-LAYLOUW4RISSB,"TENJAM LAYLO LOUNGER W/ 4"" RISER SURF BLUE",Furniture,
FUR-TNJ-LAYLOUW4RISYEL,"TENJAM LAYLO LOUNGER W/ 4"" RISER YELLOW",Furniture,
FUR-TNJ-LAYLOUWG,TENJAM LAYLO LOUNGER WHITE GRANITE,Furniture,
FUR-TNJ-LAYRISSET4DS,"TENJAM LAYLO RISER SET 4"" DESERT SANDSTONE",Furniture,
FRP-HPC-TORFPPK48TRGHFLEXNG,"48"" LINEAR TROUGH — SST TORPEDO PUSH BUTTON/FLAME SENSING",Firepit,
FRP-HPC-TORFPPK60TRGHFLEXNG,"60"" LINEAR TROUGH — SST TORPEDO PUSH BUTTON/FLAME SENSING",Firepit,
FRP-HPC-TORMLFPK18SQBLFLEXNG,"18"" SQUARE BOWL — SST TORPEDO MATCH LIT",Firepit,
FRP-HPC-TORMLFPK24SQFLEXLP,"24"" SQUARE FLAT PAN — SST TORPEDO MATCH LIT",Firepit,
FRP-HPC-TORMLFPK48TRGHFLEXLP,"48"" LINEAR TROUGH — SST TORPEDO MATCH LIT",Firepit,
FRP-HPC-WG37X19RECT,"WIND GUARD RECTANGULAR 37"" × 19""",Firepit,
FUR-TNJ-LAYRISSET4GG,"TENJAM LAYLO RISER SET 4"" GRAY GRANITE",Furniture,
FUR-TNJ-LAYRISSET4RR,"TENJAM LAYLO RISER SET 4"" RIVER ROCK",Furniture,
FUR-TNJ-LAYRISSET4SB,"TENJAM LAYLO RISER SET 4"" SURF BLUE",Furniture,
FUR-TNJ-LAYRISSET4WG,"TENJAM LAYLO RISER SET 4"" WHITE GRANITE",Furniture,
FUR-TNJ-LAYRISSET4YEL,"TENJAM LAYLO RISER SET 4"" YELLOW",Furniture,
FUR-TNJ-LAYSHAPILGG,TENJAM LAYLO/SHAYZ PILLOW GRAY GRANITE,Furniture,
FUR-TNJ-LAYSHAPILLB,TENJAM LAYLO/SHAYZ PILLOW LIGHT BLUE,Furniture,
FUR-TNJ-LAYSHAPILRR,TENJAM LAYLO/SHAYZ PILLOW RIVER ROCK,Furniture,
FUR-TNJ-LAYSHAPILSW,TENJAM LAYLO/SHAYZ PILLOW SOLID WHITE,Furniture,
FUR-TNJ-LAYSHAPILWG,TENJAM LAYLO/SHAYZ PILLOW WHITE GRANITE,Furniture,
FUR-TNJ-RIPSIDTABSB,TENJAM RIPPLE SIDE TABLE SURF BLUE,Furniture,
FUR-TNJ-RIPSIDTABWG,TENJAM RIPPLE SIDE TABLE WHITE GRANITE,Furniture,
FUR-TNJ-RIPSIDTABYEL,TENJAM RIPPLE SIDE TABLE YELLOW,Furniture,
FUR-TNJ-RIPTALTABRR,TENJAM RIPPLE TALL TABLE RIVER ROCK,Furniture,
FUR-TNJ-RIPTALTABSB,TENJAM RIPPLE TALL TABLE SURF BLUE,Furniture,
FUR-TNJ-RIPTALTABSW,TENJAM RIPPLE TALL TABLE SOLID WHITE,Furniture,
FUR-TNJ-RIPTALTABYEL,TENJAM RIPPLE TALL TABLE YELLOW,Furniture,
FUR-TNJ-RIPTRADS,TENJAM RIPPLE TRAY DESERT SANDSTONE,Furniture,
FUR-TNJ-RIPTRALB,TENJAM RIPPLE TRAY LIGHT BLUE,Furniture,
FUR-TNJ-RIPTRARR,TENJAM RIPPLE TRAY RIVER ROCK,Furniture,
FUR-TNJ-RIPTRASW,TENJAM RIPPLE TRAY SOLID WHITE,Furniture,
FUR-TNJ-RIPTRAWG,TENJAM RIPPLE TRAY WHITE GRANITE,Furniture,
FUR-TNJ-RIS4DS,"TENJAM RISER 4"" DESERT SANDSTONE",Furniture,
FUR-TNJ-RIS4GG,"TENJAM RISER 4"" GRAY GRANITE",Furniture,
FUR-TNJ-RIS4RR,"TENJAM RISER 4"" RIVER ROCK",Furniture,
FUR-TNJ-RIS4SB,"TENJAM RISER 4"" SURF BLUE",Furniture,
FUR-TNJ-RIS4WG,"TENJAM RISER 4"" WHITE GRANITE",Furniture,
FUR-TNJ-RIS4YEL,"TENJAM RISER 4"" YELLOW",Furniture,
FUR-TNJ-RIS8GG,"TENJAM RISER 8"" GRAY GRANITE",Furniture,
FUR-TNJ-RIS8LB,"TENJAM RISER 8"" LIGHT BLUE",Furniture,
FUR-TNJ-RIS8SB,"TENJAM RISER 8"" SURF BLUE",Furniture,
FUR-TNJ-RIS8SW,"TENJAM RISER 8"" SOLID WHITE",Furniture,
FUR-TNJ-RIS8YEL,"TENJAM RISER 8"" YELLOW",Furniture,
FUR-TNJ-SHALOUDS,TENJAM SHAYZ LOUNGER DESERT SANDSTONE,Furniture,
FUR-TNJ-SHARISSET4RR,"TENJAM SHAYZ RISER SET 4"" RIVER ROCK",Furniture,
FUR-TNJ-SHARISSET4SB,"TENJAM SHAYZ RISER SET 4"" SURF BLUE",Furniture,
FUR-TNJ-SHARISSET4WG,"TENJAM SHAYZ RISER SET 4"" WHITE GRANITE",Furniture,
FUR-TNJ-SHARISSET4YEL,"TENJAM SHAYZ RISER SET 4"" YELLOW",Furniture,
FUR-TNJ-SHARISSET8GG,"TENJAM SHAYZ RISER SET 8"" GRAY GRANITE",Furniture,
FUR-TNJ-SHARISSET8LB,"TENJAM SHAYZ RISER SET 8"" LIGHT BLUE",Furniture,
FUR-TNJ-SHARISSET8SB,"TENJAM SHAYZ RISER SET 8"" SURF BLUE",Furniture,
FUR-TNJ-SHARISSET8SW,"TENJAM SHAYZ RISER SET 8"" SOLID WHITE",Furniture,
FUR-TNJ-SHARISSET8WG,"TENJAM SHAYZ RISER SET 8"" WHITE GRANITE",Furniture,
FUR-TNJ-SPLWEINA,TENJAM SPLASH WEIGHT,Furniture,
SHD-FIM-FTPUM,FIM FLEXY TWIN PUMPKIN,Shade,
SHD-FIM-FZ300BLU,FIM FLEXY ZEN 300 BLUE,Shade,
SHD-FIM-FZ300PUM,FIM FLEXY ZEN 300 PUMPKIN,Shade,
FUR-TNJ-SHARISSET8DS,"TENJAM SHAYZ RISER SET 8"" DESERT SANDSTONE",Furniture,
FUR-TNJ-SHARISSET8RR,"TENJAM SHAYZ RISER SET 8"" RIVER ROCK",Furniture,
FUR-TNJ-SHARISSET8YEL,"TENJAM SHAYZ RISER SET 8"" YELLOW",Furniture,
SHD-SCO-2MSQ-MAR-ECR-NON,SCOLARO 2M SQUARE MARINA ECRU NONE,Shade,
SHD-SCO-2MSQ-MAR-ECR-TIT,SCOLARO 2M SQUARE MARINA ECRU TITANIUM,Shade,
SHD-SCO-2MSQ-MAR-WHI-TIT,SCOLARO 2M SQUARE MARINA WHITE TITANIUM,Shade,
SHD-SCO-2MSQ-STOCOV-GRA-NON,SCOLARO 2M SQUARE STORAGE COVERS GRAY NONE,Shade,
SHD-SCO-3MSQ-AST-ECR-NON,SCOLARO 3M SQUARE ASTRO ECRU NONE,Shade,
SHD-SCO-3MSQ-AST-ECR-TIT,SCOLARO 3M SQUARE ASTRO ECRU TITANIUM,Shade,
SHD-SCO-3MSQ-AST-NON-CAR,SCOLARO 3M SQUARE ASTRO NONE CARBON,Shade,
SHD-SCO-3MSQ-AST-ORA-NON,SCOLARO 3M SQUARE ASTRO ORANGE NONE,Shade,
SHD-SCO-3MSQ-AST-WHI-NON,SCOLARO 3M SQUARE ASTRO WHITE NONE,Shade,
FIN-TJM-MIS-TWOSHAYZ,FIN-TJM-MIS-TWOSHAYZ,Finished Good,
FIN-TJM-MIS-TWOSHAYZ2,FIN-TJM-MIS-TWOSHAYZ2,Finished Good,
FIN-TJM-MIS-TWOWOOSAH,FIN-TJM-MIS-TWOWOOSAH,Finished Good,
FIN-WFT-BCH-42X18-FLYLEG,FIN-WFT-BCH-42X18-FLYLEG,Finished Good,
FIN-WFT-BCH-42X18-FLYLEG2,FIN-WFT-BCH-42X18-FLYLEG2,Finished Good,
FIN-WFT-FIR-TAB-56X36-CUBEFIRE,FIN-WFT-FIR-TAB-56X36-CUBEFIRE,Finished Good,
FIN-WFT-FIR-TAB-72X36-CUBEFIRE,FIN-WFT-FIR-TAB-72X36-CUBEFIRE,Finished Good,
FIN-WFT-FLY-BST-17X21-HALFBACK,FIN-WFT-FLY-BST-17X21-HALFBACK,Finished Good,
FIN-WFT-FLY-BST-18X18-LEGBARSTOOL,FIN-WFT-FLY-BST-18X18-LEGBARSTOOL,Finished Good,
FRP-HPC-311TC,"THERMOCOUPLE 36"" — FOR EI/HWI UNITS AND FPPK BLOWOUT BOX",Firepit,
FRP-HPC-FPGLBRONZE,FIRE GLASS BRONZE,Firepit,
FRP-HPC-FPGLGRAYREFLEC,FIRE GLASS GRAY REFLECTIVE,Firepit,
FRP-HPC-TORFPPK36SQBLFLEXNG,"36"" SQUARE BOWL — SST TORPEDO PUSH BUTTON/FLAME SENSING",Firepit,
FIN-BRK-BAR-TAB-36X72-STARLEG,FIN-BRK-BAR-TAB-36X72-STARLEG,Finished Good,
FIN-MLN-UMB,LIDO UMBRELLA,Marina,$950.00
FIN-TJM-TAB,Ripple Table,Tenjam,$464.99
FIN-TJM-MIS,"LAYLO LOUNGER, NO RISERS",Tenjam,$599.99
FIN-KIN-MIS,KINDLE LIVING HEATER (Allison),Miscellaneous,"$4,995.00"
FIN-MIS-OTT-22X22,"CUBE OTTOMAN 22"" x 22"" x 16""",Miscellaneous,$650.00
FIN-BRV-BCH-96X34,"BRAVADA ROUNDED BENCH 96"" X 34"" X 18"" SH",Bravada,"$2,900.00"
FIN-OCN-SID-TAB-12,ANGULAR SIDE TABLE,Ocean,850.00
FIN-MLN-SOF-60X62,"MILAN DOUBLE-SIDED SOFA 60"" x 62"" x 16"" SH",Milan,"$5,420.00"
FIN-MLN-CLB-CHA-32X36,"MILAN CLUB CHAIR 32"" x 36"" x 16"" SH",Milan,"$2,400.00"
FIN-OCN-LOV-SOF-60X38,"OCEAN LOVESEAT 60"" x 38"" x 33"" BH",Ocean,"$3,140.00"
FIN-BRK-COR-CHS-84X42,"BROOKLYN CORNER CHAISE 84"" x 42"" x 30"" BH",Brooklyn,"$4,440.00"
FIN-BRV-DYB-84X84,"BRAVADA ROUND DAYBED 84"" DIAMETER",Bravada,"$7,280.00"
FIN-OCN-SWV-CHA,Ocean Swivel Chair,Finished Good,
FIN-BRV-CLB-CHA,Bravada Club Chair,Bravada Collection,2300