Firepit Systems Inventory — HPC Fire Inserts,,,,,,,
,,,,,,,
Vendor,Category,Code,Description,Gas,In,Out,Total on Hand
HPC Fire Inspired,Fire Glass,FPGLBRONZE,Fire Glass Bronze,—,40,0,40
HPC Fire Inspired,Accessory,TANKS VERTICAL,TANKS VERTICAL,—,3,0,3
HPC Fire Inspired,Accessory,TANKS HORIZONTAL,TANKS HORIZONTAL,—,3,0,3
HPC Fire Inspired,Push Button / Flame Sensing,TOR-FPPK72-TRGH-FLEX-NG,"72"" Linear Trough — SST Torpedo Push Button/Flame Sensing",NG,2,0,2
HPC Fire Inspired,Match Lit,TOR-MLFPK36 TRGH-FLEX-LP,"36"" Linear Trough — SST Torpedo Match Lit",LP,2,1,1
HPC Fire Inspired,Push Button / Flame Sensing,TOR-FPPK60-TRGH-FLEX-NG,"60"" Linear Trough — SST Torpedo Push Button/Flame Sensing",NG,1,0,1
HPC Fire Inspired,Push Button / Flame Sensing,TOR-FPPK60-TRGH-FLEX-LP,"60"" Linear Trough — SST Torpedo Push Button/Flame Sensing",LP,1,0,1
HPC Fire Inspired,Push Button / Flame Sensing,TOR-FPPK72-TRGH-FLEX-LP,"72"" Linear Trough — SST Torpedo Push Button/Flame Sensing",LP,1,0,1
HPC Fire Inspired,Push Button / Flame Sensing,TOR-FPPK18-SQBL-FLEX-LP,"18"" Square Bowl — SST Torpedo Push Button/Flame Sensing",LP,0,0,0
HPC Fire Inspired,Push Button / Flame Sensing,TOR-FPPK36-SQBL-FLEX-NG,"36"" Square Bowl — SST Torpedo Push Button/Flame Sensing",NG,0,0,0
HPC Fire Inspired,Push Button / Flame Sensing,TOR-FPPK48-TRGH-FLEX-NG,"48"" Linear Trough — SST Torpedo Push Button/Flame Sensing",NG,0,0,0
HPC Fire Inspired,Push Button / Flame Sensing,TOR-FPPK48-TRGH-FLEX-LP,"48"" Linear Trough — SST Torpedo Push Button/Flame Sensing",LP,0,0,0
HPC Fire Inspired,Match Lit,TOR-MLFPK18SQBL-FLEX-NG,"18"" Square Bowl — SST Torpedo Match Lit",NG,0,0,0
HPC Fire Inspired,Match Lit,TOR-MLFPK18SQBL-FLEX-LP,"18"" Square Bowl — SST Torpedo Match Lit",LP,0,0,0
HPC Fire Inspired,Match Lit,MLFPK18SQBL-FLEX-LP,"18"" Square Bowl — Match Lit (prior line, non-Torpedo)",LP,0,0,0
HPC Fire Inspired,Match Lit,TOR-MLFPK24SQ-FLEX-LP,"24"" Square Flat Pan — SST Torpedo Match Lit",LP,0,0,0
HPC Fire Inspired,Match Lit,TOR-MLFPK36 TRGH-FLEX-NG,"36"" Linear Trough — SST Torpedo Match Lit",NG,0,0,0
HPC Fire Inspired,Match Lit,MLFPK36 TRGH-FLEX-NG,"36"" Linear Trough — Match Lit (prior line)",NG,0,0,0
HPC Fire Inspired,Match Lit,TOR-MLFPK48 TRGH-FLEX-LP,"48"" Linear Trough — SST Torpedo Match Lit",LP,0,0,0
HPC Fire Inspired,Special / Burner Kit,TOR-42X14SSEI-H-HI/LO-NG/120V,"42 × 14"" Rectangle Bowl Pan — Bluetooth w/App, Hi/Lo",NG 120V,0,0,0
HPC Fire Inspired,Special / Burner Kit,TOR-FPS/TRGH72-LP,"72"" Trough Burner Kit — SST Torpedo (burner only)",LP,0,0,0
HPC Fire Inspired,Fire Glass,FPGLBLACK,Fire Glass Black,—,0,0,0
HPC Fire Inspired,Fire Glass,FPGLCOPPER,Fire Glass Copper,—,0,0,0
HPC Fire Inspired,Fire Glass,FPGLCOBALTBLUE,Fire Glass Cobalt Blue,—,0,0,0
HPC Fire Inspired,Fire Glass,FPGLBLACKREFL,Fire Glass Black Reflective,—,0,0,0
HPC Fire Inspired,Fire Glass,FPGLGRAYREFLEC,Fire Glass Gray Reflective,—,0,0,0
HPC Fire Inspired,Accessory,311-T/C,"Thermocouple 36"" — for EI/HWI units and FPPK blowout box",—,0,0,0
HPC Fire Inspired,Accessory,GS KIT,GS Kit,—,0,0,0
HPC Fire Inspired,Accessory,WG37X19-RECT,"Wind Guard rectangular 37"" × 19""",—,0,0,0