Product variant code / SKU,Ingredient variant code / SKU,Quantity
FIN-BRK-TRA-DOU-CHS-48X72,SA-BRK-TRA-DOU-CHS-48X72-FRAME,1
FIN-BRK-TRA-DOU-CHS-48X72,SA-BRK-TRA-DOU-CHS-48X72-CUSH,1
FIN-BRK-TRA-DOU-CHS-48X72-BE,SA-BRK-TRA-DOU-CHS-48X72-FRAME,1
FIN-BRK-TRA-DOU-CHS-48X72-BE,SA-BRK-TRA-DOU-CHS-48X72-CUSH,1
FIN-BRK-TRA-DOU-CHS-48X72-BO,SA-BRK-TRA-DOU-CHS-48X72-FRAME,1
FIN-BRK-TRA-DOU-CHS-48X72-BO,SA-BRK-TRA-DOU-CHS-48X72-CUSH,1
FIN-BRK-TRA-DOU-CHS-48X72-BR,SA-BRK-TRA-DOU-CHS-48X72-FRAME,1
FIN-BRK-TRA-DOU-CHS-48X72-BR,SA-BRK-TRA-DOU-CHS-48X72-CUSH,1
FIN-BRK-TRA-DOU-CHS-48X72-GR,SA-BRK-TRA-DOU-CHS-48X72-FRAME,1
FIN-BRK-TRA-DOU-CHS-48X72-GR,SA-BRK-TRA-DOU-CHS-48X72-CUSH,1
FIN-BRK-TRA-DOU-CHS-48X72-WH,SA-BRK-TRA-DOU-CHS-48X72-FRAME,1
FIN-BRK-TRA-DOU-CHS-48X72-WH,SA-BRK-TRA-DOU-CHS-48X72-CUSH,1
FIN-BRK-TRA-SGL-CHS-36X72,SA-BRK-TRA-SGL-CHS-36X72-FRAME,1
FIN-BRK-TRA-SGL-CHS-36X72,SA-BRK-TRA-SGL-CHS-36X72-CUSH,1
FIN-BRK-TRA-SGL-CHS-36X72-BE,SA-BRK-TRA-SGL-CHS-36X72-FRAME,1
FIN-BRK-TRA-SGL-CHS-36X72-BE,SA-BRK-TRA-SGL-CHS-36X72-CUSH,1
FIN-BRK-TRA-SGL-CHS-36X72-BO,SA-BRK-TRA-SGL-CHS-36X72-FRAME,1
FIN-BRK-TRA-SGL-CHS-36X72-BO,SA-BRK-TRA-SGL-CHS-36X72-CUSH,1
FIN-BRK-TRA-SGL-CHS-36X72-BR,SA-BRK-TRA-SGL-CHS-36X72-FRAME,1
FIN-BRK-TRA-SGL-CHS-36X72-BR,SA-BRK-TRA-SGL-CHS-36X72-CUSH,1
FIN-BRK-TRA-SGL-CHS-36X72-GR,SA-BRK-TRA-SGL-CHS-36X72-FRAME,1
FIN-BRK-TRA-SGL-CHS-36X72-GR,SA-BRK-TRA-SGL-CHS-36X72-CUSH,1
FIN-BRK-TRA-SGL-CHS-36X72-WH,SA-BRK-TRA-SGL-CHS-36X72-FRAME,1
FIN-BRK-TRA-SGL-CHS-36X72-WH,SA-BRK-TRA-SGL-CHS-36X72-CUSH,1
FIN-BRV-CLB-CHA,SA-BRV-CLB-CHA-34X34-FRAME,1
FIN-BRV-CLB-CHA,SA-BRV-CLB-CHA-34X34-CUSH,1
FIN-BRV-CLB-CHA-34X34,SA-BRV-CLB-CHA-34X34-FRAME,1
FIN-BRV-CLB-CHA-34X34,SA-BRV-CLB-CHA-34X34-CUSH,1
FIN-BRV-CLB-CHA-BE,SA-BRV-CLB-CHA-34X34-FRAME,1
FIN-BRV-CLB-CHA-BE,SA-BRV-CLB-CHA-34X34-CUSH,1
FIN-BRV-CLB-CHA-BO,SA-BRV-CLB-CHA-34X34-FRAME,1
FIN-BRV-CLB-CHA-BO,SA-BRV-CLB-CHA-34X34-CUSH,1
FIN-BRV-CLB-CHA-BR,SA-BRV-CLB-CHA-34X34-FRAME,1
FIN-BRV-CLB-CHA-BR,SA-BRV-CLB-CHA-34X34-CUSH,1
FIN-BRV-CLB-CHA-GR,SA-BRV-CLB-CHA-34X34-FRAME,1
FIN-BRV-CLB-CHA-GR,SA-BRV-CLB-CHA-34X34-CUSH,1
FIN-BRV-CLB-CHA-WH,SA-BRV-CLB-CHA-34X34-FRAME,1
FIN-BRV-CLB-CHA-WH,SA-BRV-CLB-CHA-34X34-CUSH,1
FIN-BRV-LOV-SOF-60X34,SA-BRV-LOV-SOF-60X34-FRAME,1
FIN-BRV-LOV-SOF-60X34,SA-BRV-LOV-SOF-60X34-CUSH,1
FIN-BRV-LOV-SOF-60X34-BE,SA-BRV-LOV-SOF-60X34-FRAME,1
FIN-BRV-LOV-SOF-60X34-BE,SA-BRV-LOV-SOF-60X34-CUSH,1
FIN-BRV-LOV-SOF-60X34-BO,SA-BRV-LOV-SOF-60X34-FRAME,1
FIN-BRV-LOV-SOF-60X34-BO,SA-BRV-LOV-SOF-60X34-CUSH,1
FIN-BRV-LOV-SOF-60X34-BR,SA-BRV-LOV-SOF-60X34-FRAME,1
FIN-BRV-LOV-SOF-60X34-BR,SA-BRV-LOV-SOF-60X34-CUSH,1
FIN-BRV-LOV-SOF-60X34-GR,SA-BRV-LOV-SOF-60X34-FRAME,1
FIN-BRV-LOV-SOF-60X34-GR,SA-BRV-LOV-SOF-60X34-CUSH,1
FIN-BRV-LOV-SOF-60X34-WH,SA-BRV-LOV-SOF-60X34-FRAME,1
FIN-BRV-LOV-SOF-60X34-WH,SA-BRV-LOV-SOF-60X34-CUSH,1
FIN-BRV-MIN-LOV-48X34,SA-BRV-MIN-LOV-48X34-FRAME,1
FIN-BRV-MIN-LOV-48X34,SA-BRV-MIN-LOV-48X34-CUSH,1
FIN-BRV-MIN-LOV-48X34-BE,SA-BRV-MIN-LOV-48X34-FRAME,1
FIN-BRV-MIN-LOV-48X34-BE,SA-BRV-MIN-LOV-48X34-CUSH,1
FIN-BRV-MIN-LOV-48X34-BO,SA-BRV-MIN-LOV-48X34-FRAME,1
FIN-BRV-MIN-LOV-48X34-BO,SA-BRV-MIN-LOV-48X34-CUSH,1
FIN-BRV-MIN-LOV-48X34-BR,SA-BRV-MIN-LOV-48X34-FRAME,1
FIN-BRV-MIN-LOV-48X34-BR,SA-BRV-MIN-LOV-48X34-CUSH,1
FIN-BRV-MIN-LOV-48X34-GR,SA-BRV-MIN-LOV-48X34-FRAME,1
FIN-BRV-MIN-LOV-48X34-GR,SA-BRV-MIN-LOV-48X34-CUSH,1
FIN-BRV-MIN-LOV-48X34-WH,SA-BRV-MIN-LOV-48X34-FRAME,1
FIN-BRV-MIN-LOV-48X34-WH,SA-BRV-MIN-LOV-48X34-CUSH,1
FIN-BRV-SWV-CHA-34X34,SA-BRV-SWV-CHA-34X34-FRAME,1
FIN-BRV-SWV-CHA-34X34,SA-BRV-SWV-CHA-34X34-CUSH,1
FIN-MLN-CLB-CHA-32X36,ASM-MLN-CLB-CHA-32X36-FRAME,1
FIN-MLN-CLB-CHA-32X36,ASM-MLN-CLB-CHA-32X36-CUSH,1
FIN-OCN-CLB-CHA-34X38,SA-OCN-CLB-CHA-34X38-FRAME,1
FIN-OCN-CLB-CHA-34X38,SA-OCN-CLB-CHA-34X38-CUSH,1
FIN-OCN-CLB-CHA-34X38-BE-N,SA-OCN-CLB-CHA-34X38-FRAME,1
FIN-OCN-CLB-CHA-34X38-BE-N,SA-OCN-CLB-CHA-34X38-CUSH,1
FIN-OCN-CLB-CHA-34X38-BE-Y,SA-OCN-CLB-CHA-34X38-FRAME,1
FIN-OCN-CLB-CHA-34X38-BE-Y,SA-OCN-CLB-CHA-34X38-CUSH,1
FIN-OCN-CLB-CHA-34X38-BL-Y,SA-OCN-CLB-CHA-34X38-FRAME,1
FIN-OCN-CLB-CHA-34X38-BL-Y,SA-OCN-CLB-CHA-34X38-CUSH,1
FIN-OCN-CLB-CHA-34X38-BO-N,SA-OCN-CLB-CHA-34X38-FRAME,1
FIN-OCN-CLB-CHA-34X38-BO-N,SA-OCN-CLB-CHA-34X38-CUSH,1
FIN-OCN-CLB-CHA-34X38-BO-Y,SA-OCN-CLB-CHA-34X38-FRAME,1
FIN-OCN-CLB-CHA-34X38-BO-Y,SA-OCN-CLB-CHA-34X38-CUSH,1
FIN-OCN-CLB-CHA-34X38-BR-N,SA-OCN-CLB-CHA-34X38-FRAME,1
FIN-OCN-CLB-CHA-34X38-BR-N,SA-OCN-CLB-CHA-34X38-CUSH,1
FIN-OCN-CLB-CHA-34X38-BR-Y,SA-OCN-CLB-CHA-34X38-FRAME,1
FIN-OCN-CLB-CHA-34X38-BR-Y,SA-OCN-CLB-CHA-34X38-CUSH,1
FIN-OCN-CLB-CHA-34X38-GR-N,SA-OCN-CLB-CHA-34X38-FRAME,1
FIN-OCN-CLB-CHA-34X38-GR-N,SA-OCN-CLB-CHA-34X38-CUSH,1
FIN-OCN-CLB-CHA-34X38-GR-Y,SA-OCN-CLB-CHA-34X38-FRAME,1
FIN-OCN-CLB-CHA-34X38-GR-Y,SA-OCN-CLB-CHA-34X38-CUSH,1
FIN-OCN-CLB-CHA-34X38-WH-N,SA-OCN-CLB-CHA-34X38-FRAME,1
FIN-OCN-CLB-CHA-34X38-WH-N,SA-OCN-CLB-CHA-34X38-CUSH,1
FIN-OCN-CLB-CHA-34X38-WH-Y,SA-OCN-CLB-CHA-34X38-FRAME,1
FIN-OCN-CLB-CHA-34X38-WH-Y,SA-OCN-CLB-CHA-34X38-CUSH,1
FIN-OCN-DOU-CHS-58X79,SA-OCN-DOU-CHS-58X79-FRAME,1
FIN-OCN-DOU-CHS-58X79,SA-OCN-DOU-CHS-58X79-CUSH,1
FIN-OCN-LOV-SOF-60X38,SA-OCN-LOV-SOF-60X38-FRAME,1
FIN-OCN-LOV-SOF-60X38,SA-OCN-LOV-SOF-60X38-CUSH,1
FIN-OCN-MIN-LOV-60X48,SA-OCN-MIN-LOV-60X48-FRAME,1
FIN-OCN-MIN-LOV-60X48,SA-OCN-MIN-LOV-60X48-CUSH,1
FIN-OCN-SGL-CHS-36X79,SA-OCN-SGL-CHS-36X79-FRAME,1
FIN-OCN-SGL-CHS-36X79,SA-OCN-SGL-CHS-36X79-CUSH,1
FIN-OCN-SWV-CHA-34X34,SA-OCN-SWV-CHA-34X34-FRAME,1
FIN-OCN-SWV-CHA-34X34,SA-OCN-SWV-CHA-34X34-CUSH,1
