"Name","Variant code / SKU","Internal barcode","Category","Default supplier","Default purchase price"
"2x2 Tubing","","10023","Metal",,1.83
"1.5x3/4 Tubing","","10024","Metal",,1
"Flatbar","RM-MET-FLATBAR","10025","Metal",,0.48
"Iron Wood","RM-RAW-IRON-WOOD","10026","Wood",,10.42
"2x1 Tubing / 20'","","10118","Metal",,1.39
"2x3/4 Tubing","RM-MET-2X075-TUBING","10119","Metal",,2.14
"Foam","RM-RAW-FOAM","10175",,,0.7
"Fabric","","10176",,,30
"Dekton","","10177","Stone",,7.6
"Spacers","RM-HRD-SPACERS","10701",,,0
"Umbrella Holder","RM-HRD-UMBRELLA-HOLDER","10703",,,0
"ACTION ASH","FAB-ACT-ASH","10717","Fabric",,20
"ACTION STONE","FAB-ACT-STO","10721","Fabric",,20
"ADAPTATION INDIGO","FAB-ADA-IND","10722","Fabric",,20
"ADAPTATION STONE","FAB-ADA-STO","10723","Fabric",,20
"ADENA CELESTE","FAB-ADE-CEL","10724","Fabric",,20
"AGRA INDIGO","FAB-AGR-IND","10725","Fabric",,20
"ARIANA DEW","FAB-ARI-DEW","10726","Fabric",,20
"ARRAY CALYPSO","FAB-ARR-CAL","10727","Fabric",,20
"ARRAY CARIBBEAN","FAB-ARR-CAR","10728","Fabric",,20
"ARRAY DUNE","FAB-ARR-DUN","10729","Fabric",,20
"ASCEND SPA","FAB-ASC-SPA","10730","Fabric",,20
"ASCEND TROPICAL","FAB-ASC-TRO","10731","Fabric",,20
"ASSEMBLE II TEAK","FAB-ASS-IITEA","10732","Fabric",,20
"ASSEMBLE SAND","FAB-ASS-SAN","10733","Fabric",,20
"AUTHENTIC PEBBLE","FAB-AUT-PEB","10734","Fabric",,20
"BEACON","FAB-BEA-BEA","10735","Fabric",,20
"BEACON ULTRALEATHER","FAB-BEA-ULT","10736","Fabric",,20
"BERENSON TUXEDO","FAB-BER-TUX","10737","Fabric",,20
"BLEND INDIGO","FAB-BLE-IND","10738","Fabric",,20
"BLEND LINEN","FAB-BLE-LIN","10739","Fabric",,20
"BLEND MIST","FAB-BLE-MIS","10740","Fabric",,20
"BLEND SAND","FAB-BLE-SAN","10741","Fabric",,20
"BLISS ALOE","FAB-BLI-ALO","10742","Fabric",,20
"BLISS ASPEN","FAB-BLI-ASP","10743","Fabric",,20
"BLISS CLAY","FAB-BLI-CLA","10744","Fabric",,20
"BLISS DEW","FAB-BLI-DEW","10745","Fabric",,20
"BLISS GUAVA","FAB-BLI-GUA","10746","Fabric",,20
"BLISS LEMON","FAB-BLI-LEM","10747","Fabric",,20
"BLISS LINEN","FAB-BLI-LIN","10748","Fabric",,20
"BLISS SAND","FAB-BLI-SAN","10749","Fabric",,20
"BLISS SMOKE","FAB-BLI-SMO","10750","Fabric",,20
"BORO INDIGO","FAB-BOR-IND","10751","Fabric",,20
"BRANNON REDWOOD","FAB-BRA-RED","10752","Fabric",,20
"BRANNON WHISPER","FAB-BRA-WHI","10753","Fabric",,20
"BUNGALOW ULTRALEATHER","FAB-BUN-ULT","10754","Fabric",,20
"CABANA CLASSIC","FAB-CAB-CLA","10755","Fabric",,20
"CALM LAUREL","FAB-CAL-LAU","10756","Fabric",,20
"CANVAS ABBYS","FAB-CAN-ABB","10757","Fabric",,20
"CANVAS AIR BLUE","FAB-CAN-AIRBLU","10758","Fabric",,20
"CANVAS ANTIQUE BEIGE","FAB-CAN-ANTBEI","10759","Fabric",,20
"CANVAS BIRD EYE","FAB-CAN-BIREYE","10760","Fabric",,20
"CANVAS BLACK","FAB-CAN-BLA","10761","Fabric",,20
"CANVAS CANVAS","FAB-CAN-CAN","10762","Fabric",,20
"CANVAS CAPRI","FAB-CAN-CAP","10763","Fabric",,20
"CANVAS CHARCOAL","FAB-CAN-CHA","10764","Fabric",,20
"CANVAS CHESTNUT","FAB-CAN-CHE","10765","Fabric",,20
"CANVAS CLOUD","FAB-CAN-CLO","10766","Fabric",,20
"CANVAS COAL","FAB-CAN-COA","10767","Fabric",,20
"CANVAS COCOA","FAB-CAN-COC","10768","Fabric",,20
"CANVAS FAWN","FAB-CAN-FAW","10769","Fabric",,20
"CANVAS FERN","FAB-CAN-FER","10770","Fabric",,20
"CANVAS FLAX","FAB-CAN-FLA","10771","Fabric",,20
"CANVAS FOREST GREEN","FAB-CAN-FORGRE","10772","Fabric",,20
"CANVAS GINKGO","FAB-CAN-GIN","10773","Fabric",,20
"CANVAS GLACIER","FAB-CAN-GLA","10774","Fabric",,20
"CANVAS GRANITE","FAB-CAN-GRA","10775","Fabric",,20
"CANVAS HAZE","FAB-CAN-HAZ","10776","Fabric",,20
"CANVAS HEATHER BEIGE","FAB-CAN-HEABEI","10777","Fabric",,20
"CANVAS HENNA","FAB-CAN-HEN","10778","Fabric",,20
"CANVAS HOT PINK","FAB-CAN-HOTPIN","10779","Fabric",,20
"CANVAS JAVA","FAB-CAN-JAV","10780","Fabric",,20
"CANVAS MELON","FAB-CAN-MEL","10781","Fabric",,20
"CANVAS MUSHROOM","FAB-CAN-MUS","10782","Fabric",,20
"CANVAS NATURAL","FAB-CAN-NAT","10783","Fabric",,20
"CANVAS NAVY","FAB-CAN-NAV","10784","Fabric",,20
"CANVAS PACIFIC BLUE","FAB-CAN-PACBLU","10785","Fabric",,20
"CANVAS PERSIMMON","FAB-CAN-PER","10786","Fabric",,20
"CANVAS RAFFIA","FAB-CAN-RAF","10787","Fabric",,20
"CANVAS RAVEN BLACK","FAB-CAN-RAVBLA","10788","Fabric",,20
"CANVAS REGATTA","FAB-CAN-REG","10789","Fabric",,20
"CANVAS RUST","FAB-CAN-RUS","10790","Fabric",,20
"CANVAS SAPPHIRE BLUE","FAB-CAN-SAPBLU","10791","Fabric",,20
"CANVAS SEASALT","FAB-CAN-SEA","10792","Fabric",,20
"CANVAS SKYLINE","FAB-CAN-SKY","10793","Fabric",,20
"CANVAS SKY BLUE","FAB-CAN-SKYBLU","10794","Fabric",,20
"CANVAS SMOKE","FAB-CAN-SMO","10795","Fabric",,20
"CANVAS STONE","FAB-CAN-STO","10796","Fabric",,20
"CANVAS SUNFLOWER YELLOW","FAB-CAN-SUNYEL","10797","Fabric",,20
"CANVAS TAMALE","FAB-CAN-TAM","10798","Fabric",,20
"CANVAS TANGERINE","FAB-CAN-TAN","10799","Fabric",,20
"CANVAS TAUPE","FAB-CAN-TAU","10800","Fabric",,20
"CANVAS TEAK","FAB-CAN-TEA","10801","Fabric",,20
"CANVAS TERRACOTTA","FAB-CAN-TER","10802","Fabric",,20
"CANVAS TRUE BLUE","FAB-CAN-TRUBLU","10803","Fabric",,20
"CANVAS TUSCAN","FAB-CAN-TUS","10804","Fabric",,20
"CANVAS WEAVE MELON","FAB-CAN-WEAMEL","10805","Fabric",,20
"CANVAS WHITE","FAB-CAN-WHI","10806","Fabric",,20
"CAPRA II SHADOW","FAB-CAP-IISHA","10807","Fabric",,20
"CAST ASH","FAB-CAS-ASH","10808","Fabric",,20
"CAST CITRUS","FAB-CAS-CIT","10809","Fabric",,20
"CASSAVA COPPER","FAB-CAS-COP","10810","Fabric",,20
"CAST HORIZON","FAB-CAS-HOR","10811","Fabric",,20
"CASSAVA INDIGO","FAB-CAS-IND","10812","Fabric",,20
"CAST LAGOON","FAB-CAS-LAG","10813","Fabric",,20
"CAST MOSS","FAB-CAS-MOS","10814","Fabric",,20
"CASSAVA MUSHROOM","FAB-CAS-MUS","10815","Fabric",,20
"CAST OCEAN","FAB-CAS-OCE","10816","Fabric",,20
"CAST SHALE","FAB-CAS-SHA","10817","Fabric",,20
"CASSAVA SPRING","FAB-CAS-SPR","10818","Fabric",,20
"CASSAVA STONE","FAB-CAS-STO","10819","Fabric",,20
"CASSAVA WHITE","FAB-CAS-WHI","10820","Fabric",,20
"CASSAVA CORAL","FAB-CASS-CORA","10821","Fabric",,20
"CASSAVA SLATE","FAB-CASS-SLAT","10822","Fabric",,20
"CAST CORAL","FAB-CAST-CORA","10823","Fabric",,20
"CAST SLATE","FAB-CAST-SLAT","10824","Fabric",,20
"CHARTRES CLOUD","FAB-CHA-CLO","10825","Fabric",,20
"CHARTRES DAYBREAK","FAB-CHA-DAY","10826","Fabric",,20
"CHARMER DESERT","FAB-CHA-DES","10827","Fabric",,20
"CHARTRES GRANITE","FAB-CHA-GRA","10828","Fabric",,20
"CHARTRES GULL","FAB-CHA-GUL","10829","Fabric",,20
"CHARTRES OPAL","FAB-CHA-OPA","10830","Fabric",,20
"CHARMER PARCHMENT","FAB-CHA-PAR","10831","Fabric",,20
"CHARMER PEBBLE","FAB-CHA-PEB","10832","Fabric",,20
"CHARTRES SILK","FAB-CHA-SIL","10833","Fabric",,20
"CHARTRES TRUFFLE","FAB-CHA-TRU","10834","Fabric",,20
"CHARMER WREN","FAB-CHA-WRE","10835","Fabric",,20
"CHEVRON ASPHALT","FAB-CHE-ASP","10836","Fabric",,20
"CITY SCAPE DUST","FAB-CIT-SCADUS","10837","Fabric",,20
"CLOCKOUT FROND","FAB-CLO-FRO","10838","Fabric",,20
"CLOCK OUT CLOUD","FAB-CLO-OUTCLO","10839","Fabric",,20
"CLOCK OUT INDIGO","FAB-CLO-OUTIND","10840","Fabric",,20
"COAST CONCH","FAB-COA-CON","10841","Fabric",,20
"COAST DOLPHIN","FAB-COA-DOL","10842","Fabric",,20
"COAST DUSTY EARTH","FAB-COA-DUSEAR","10843","Fabric",,20
"COAST SAVANNA","FAB-COA-SAV","10844","Fabric",,20
"COAST WALRUS GREY","FAB-COA-WALGRE","10845","Fabric",,20
"COMFORT CLAY","FAB-COM-CLA","10846","Fabric",,20
"CONNECTION ONYX","FAB-CON-ONY","10847","Fabric",,20
"CONCH ULTRALEATHER","FAB-CON-ULT","10848","Fabric",,20
"CORAL SAND","FAB-COR-SAN","10849","Fabric",,20
"COVE PEBBLE","FAB-COV-PEB","10850","Fabric",,20
"CREATE HAZE","FAB-CRE-HAZ","10851","Fabric",,20
"CRUSH ASH","FAB-CRU-ASH","10852","Fabric",,20
"CRUSH CAMEL","FAB-CRU-CAM","10853","Fabric",,20
"CRUSH CLOUD","FAB-CRU-CLO","10854","Fabric",,20
"CRUSH PEWTER","FAB-CRU-PEW","10855","Fabric",,20
"CRUSH SNOW","FAB-CRU-SNO","10856","Fabric",,20
"CULTIVATE STONE","FAB-CUL-STO","10857","Fabric",,20
"CYCLE DENIM","FAB-CYC-DEN","10858","Fabric",,20
"CYCLE SPARROW","FAB-CYC-SPA","10859","Fabric",,20
"DEPTH FOSSIL","FAB-DEP-FOS","10860","Fabric",,20
"DEPTH SEAGLASS","FAB-DEP-SEA","10861","Fabric",,20
"DETAIL CLASSIC","FAB-DET-CLA","10862","Fabric",,20
"DETAIL LINEN","FAB-DET-LIN","10863","Fabric",,20
"DETAIL PERSIMMON","FAB-DET-PER","10864","Fabric",,20
"DIAMOND BLUE STRIE","FAB-DIA-BLUSTR","10865","Fabric",,20
"DIP DYE CHICKADEE","FAB-DIP-DYECHI","10866","Fabric",,20
"DIRECTION LINEN","FAB-DIR-LIN","10867","Fabric",,20
"DIVIDE REEF","FAB-DIV-REE","10868","Fabric",,20
"DIVIDE SANGRIA","FAB-DIV-SAN","10869","Fabric",,20
"DOLCE MANGO","FAB-DOL-MAN","10870","Fabric",,20
"DOLPHIN ULTRALEATHER","FAB-DOL-ULT","10871","Fabric",,20
"DONGHIA GREY","FAB-DON-GRE","10872","Fabric",,20
"DREAM DUNE","FAB-DRE-DUN","10873","Fabric",,20
"DUMONT MUSHROOM","FAB-DUM-MUS","10874","Fabric",,20
"DUMONT SHIBORI","FAB-DUM-SHI","10875","Fabric",,20
"DUMONT STUCCO","FAB-DUM-STU","10876","Fabric",,20
"DUPIONE CELESTE","FAB-DUP-CEL","10877","Fabric",,20
"DUPIONE DEEP SEA","FAB-DUP-DEESEA","10878","Fabric",,20
"DUPIONE HENNA","FAB-DUP-HEN","10879","Fabric",,20
"DUPIONE PARADISE","FAB-DUP-PAR","10880","Fabric",,20
"DUPIONE SAND","FAB-DUP-SAN","10881","Fabric",,20
"DUPIONE STONE","FAB-DUP-STO","10882","Fabric",,20
"ECHO ASH","FAB-ECH-ASH","10883","Fabric",,20
"ECHO DUNE","FAB-ECH-DUN","10884","Fabric",,20
"ECHO SANGRIA","FAB-ECH-SAN","10885","Fabric",,20
"EMBRACE INDIGO","FAB-EMB-IND","10886","Fabric",,20
"EMBRACE LINEN","FAB-EMB-LIN","10887","Fabric",,20
"EMBRACE PEWTER","FAB-EMB-PEW","10888","Fabric",,20
"EMPIRE DOVE","FAB-EMP-DOV","10889","Fabric",,20
"ENRICH CLOUD","FAB-ENR-CLO","10890","Fabric",,20
"ENTICE LINEN","FAB-ENT-LIN","10891","Fabric",,20
"EQUAL GRAPHITE","FAB-EQU-GRA","10892","Fabric",,20
"ESCHER INDIGO","FAB-ESC-IND","10893","Fabric",,20
"ESTI LAGOON","FAB-EST-LAG","10894","Fabric",,20
"ESTI LIMESTONE","FAB-EST-LIM","10895","Fabric",,20
"ESTI MARINE","FAB-EST-MAR","10896","Fabric",,20
"ESTI ONYX","FAB-EST-ONY","10897","Fabric",,20
"EXHALE DRIFTWOOD","FAB-EXH-DRI","10898","Fabric",,20
"EXHALE SKY","FAB-EXH-SKY","10899","Fabric",,20
"FEATHER ULTRALEATHER","FAB-FEA-ULT","10900","Fabric",,20
"FISCHER LAGOON","FAB-FIS-LAG","10901","Fabric",,20
"FRETWORK FLAX","FAB-FRE-FLA","10902","Fabric",,20
"FREQUENCY PARCHMENT","FAB-FRE-PAR","10903","Fabric",,20
"FRETWORK PEWTER","FAB-FRE-PEW","10904","Fabric",,20
"FREQUENCY SAND","FAB-FRE-SAN","10905","Fabric",,20
"GATEWAY ALOE","FAB-GAT-ALO","10906","Fabric",,20
"GATEWAY BLUSH","FAB-GAT-BLU","10907","Fabric",,20
"GATEAWAY MIST","FAB-GAT-MIS","10908","Fabric",,20
"GATEAWAY COAST","FAB-GATEA-COAST","10909","Fabric",,20
"GATEWAY COAST","FAB-GATEW-COAST","10910","Fabric",,20
"GAVIN MIST","FAB-GAV-MIS","10911","Fabric",,20
"GLACIAL","FAB-GLA-GLA","10912","Fabric",,20
"GLIMPSE DENIM","FAB-GLI-DEN","10913","Fabric",,20
"GRAPHITE","FAB-GRA-GRA","10914","Fabric",,20
"HARWOOD CRIMSON","FAB-HAR-CRI","10915","Fabric",,20
"HERITAGE ALPINE","FAB-HER-ALP","10916","Fabric",,20
"HERITAGE CHAR","FAB-HER-CHA","10917","Fabric",,20
"HERITAGE DIJON","FAB-HER-DIJ","10918","Fabric",,20
"HERITAGE LEAF","FAB-HER-LEA","10919","Fabric",,20
"HERITAGE PAPYRUS","FAB-HER-PAP","10920","Fabric",,20
"HERITAGE RUST","FAB-HER-RUS","10921","Fabric",,20
"HERITAGE SABLE","FAB-HER-SAB","10922","Fabric",,20
"HERITAGE SKY","FAB-HER-SKY","10923","Fabric",,20
"HERITAGE SLATE","FAB-HER-SLA","10924","Fabric",,20
"HERITAGE SMOKE","FAB-HER-SMO","10925","Fabric",,20
"HYBRID SMOKE","FAB-HYB-SMO","10926","Fabric",,20
"IMPROVE DUNE","FAB-IMP-DUN","10927","Fabric",,20
"IMPROVE STUCCO","FAB-IMP-STU","10928","Fabric",,20
"INFUSED GEM","FAB-INF-GEM","10929","Fabric",,20
"KINDLE INDIGO","FAB-KIN-IND","10930","Fabric",,20
"KINDLE SILK","FAB-KIN-SIL","10931","Fabric",,20
"KLAYKO","FAB-KLA-KLA","10932","Fabric",,20
"KRAVET","FAB-KRA-KRA","10933","Fabric",,20
"KUDOS 49 MORTAR","FAB-KUD-49MOR","10934","Fabric",,20
"LABYRINTH CLOUD","FAB-LAB-CLO","10935","Fabric",,20
"LEAF STRUCTURE","FAB-LEA-STR","10936","Fabric",,20
"LEAF STRUCTURE CLOUD","FAB-LEA-STRCLO","10937","Fabric",,20
"LEAF STRUCTURE INDIGO","FAB-LEA-STRIND","10938","Fabric",,20
"LEAF STRUCTURE SAND","FAB-LEA-STRSAN","10939","Fabric",,20
"LEONA MALCHITE","FAB-LEO-MAL","10940","Fabric",,20
"LIDO INDIGO","FAB-LID-IND","10941","Fabric",,20
"LINVILLE CAMEL","FAB-LIN-CAM","10942","Fabric",,20
"LINEN CANVAS","FAB-LIN-CAN","10943","Fabric",,20
"LINVILLE DENIM","FAB-LIN-DEN","10944","Fabric",,20
"LINVILLE INDIGO","FAB-LIN-IND","10945","Fabric",,20
"LINEN NATURAL","FAB-LIN-NAT","10946","Fabric",,20
"LINVILLE OYSTER","FAB-LIN-OYS","10947","Fabric",,20
"LINVILLE PARCHMENT","FAB-LIN-PAR","10948","Fabric",,20
"LINEN SESAME","FAB-LIN-SES","10949","Fabric",,20
"LINEN SILVER","FAB-LIN-SIL","10950","Fabric",,20
"LINVILLE SNOW","FAB-LIN-SNO","10951","Fabric",,20
"LINVILLE SPA","FAB-LIN-SPA","10952","Fabric",,20
"LINEN STONE","FAB-LIN-STO","10953","Fabric",,20
"LINEN TAUPE","FAB-LIN-TAU","10954","Fabric",,20
"LITCHFIELD FOG","FAB-LIT-FOG","10955","Fabric",,20
"LITCHFIELD MIDNIGHT","FAB-LIT-MID","10956","Fabric",,20
"LITCHFIELD PEBBLE","FAB-LIT-PEB","10957","Fabric",,20
"LITCHFIELD SAND","FAB-LIT-SAN","10958","Fabric",,20
"LITCHFIELD SNOW","FAB-LIT-SNO","10959","Fabric",,20
"LIVELY PARCHMENT","FAB-LIV-PAR","10960","Fabric",,20
"LORE MOSS","FAB-LOR-MOS","10961","Fabric",,20
"LOTUS CANYON","FAB-LOT-CAN","10962","Fabric",,20
"LUXE INDIGO","FAB-LUX-IND","10963","Fabric",,20
"LYNVILLE OYSTER","FAB-LYN-OYS","10964","Fabric",,20
"MAINSTREET DOVE","FAB-MAI-DOV","10965","Fabric",,20
"MAINSTREET LATTE","FAB-MAI-LAT","10966","Fabric",,20
"MAINSTREET PUTTY","FAB-MAI-PUT","10967","Fabric",,20
"MARVEL CLOUD","FAB-MAR-CLO","10968","Fabric",,20
"MARVEL LINEN","FAB-MAR-LIN","10969","Fabric",,20
"MARVEL MUSHROOM","FAB-MAR-MUS","10970","Fabric",,20
"MARGO PAPAYA","FAB-MAR-PAP","10971","Fabric",,20
"MARBLE THATCH","FAB-MAR-THA","10972","Fabric",,20
"MASON FOREST GREEN","FAB-MAS-FORGRE","10973","Fabric",,20
"MATEO SKY","FAB-MAT-SKY","10974","Fabric",,20
"MAXIM HEATHER BEIGE","FAB-MAX-HEABEI","10975","Fabric",,20
"METAMORPHIC CLOUD","FAB-MET-CLO","10976","Fabric",,20
"METAMORPHIC FOG","FAB-MET-FOG","10977","Fabric",,20
"METAMORPHIC LAGOON","FAB-MET-LAG","10978","Fabric",,20
"METAMORPHIC SAND","FAB-MET-SAN","10979","Fabric",,20
"METAMORPHIC SLATE","FAB-MET-SLA","10980","Fabric",,20
"METAMORPHIC SNOW","FAB-MET-SNO","10981","Fabric",,20
"MIDORI INDIGO","FAB-MID-IND","10982","Fabric",,20
"MIDORI STONE","FAB-MID-STO","10983","Fabric",,20
"MILANO CHAR","FAB-MIL-CHA","10984","Fabric",,20
"MILANO COBALT","FAB-MIL-COB","10985","Fabric",,20
"MOMENTO DOVE","FAB-MOM-DOV","10986","Fabric",,20
"MOMENTO PARCHMENT","FAB-MOM-PAR","10987","Fabric",,20
"MOUNTAINS SNOW","FAB-MOU-SNO","10988","Fabric",,20
"NAVAL BLUE ULTRALEATHER","FAB-NAV-BLUULT","10989","Fabric",,20
"NUANCE CLOUD","FAB-NUA-CLO","10990","Fabric",,20
"NUANCE SAND","FAB-NUA-SAN","10991","Fabric",,20
"NURTURE CHARCOAL","FAB-NUR-CHA","10992","Fabric",,20
"NURTURE HAZE","FAB-NUR-HAZ","10993","Fabric",,20
"NURTURE INDIGO","FAB-NUR-IND","10994","Fabric",,20
"NURTURE PEBBLE","FAB-NUR-PEB","10995","Fabric",,20
"NURTURE SMOKE","FAB-NUR-SMO","10996","Fabric",,20
"NURTURE WHITE","FAB-NUR-WHI","10997","Fabric",,20
"ORTIZ ONYX","FAB-ORT-ONY","10998","Fabric",,20
"OYSTER AWNING/MARINE","FAB-OYS-AWNMAR","10999","Fabric",,20
"PERENNIALS RAFFIA VELLUM","FAB-PER-RAFVEL","11000","Fabric",,20
"PIAZZA GRAPHITE","FAB-PIA-GRA","11001","Fabric",,20
"PIAZZA LAGOON","FAB-PIA-LAG","11002","Fabric",,20
"PIAZZA PEBBLE","FAB-PIA-PEB","11003","Fabric",,20
"PIAZZA VAPOR","FAB-PIA-VAP","11004","Fabric",,20
"PINDLER SIERRA CHAMBRAY","FAB-PIN-SIECHA","11005","Fabric",,20
"PINDLER TOMLIN CLOUD","FAB-PIN-TOMCLO","11006","Fabric",,20
"PIQUE FLAX","FAB-PIQ-FLA","11007","Fabric",,20
"PIQUE MIDNIGHT","FAB-PIQ-MID","11008","Fabric",,20
"PIQUE SAND","FAB-PIQ-SAN","11009","Fabric",,20
"PLATFORM CLOUD","FAB-PLA-CLO","11010","Fabric",,20
"PLAY JUNGLE","FAB-PLA-JUN","11011","Fabric",,20
"PLAY MOCHA","FAB-PLA-MOC","11012","Fabric",,20
"PLATFORM SALT","FAB-PLA-SAL","11013","Fabric",,20
"PLAY SNOW","FAB-PLA-SNO","11014","Fabric",,20
"PLAY TEAK","FAB-PLA-TEA","11015","Fabric",,20
"PLAY ADOBE","FAB-PLAY-ADOB","11016","Fabric",,20
"PLAY ADOVE","FAB-PLAY-ADOV","11017","Fabric",,20
"PLAY CAMEL","FAB-PLAY-CAMEL","11018","Fabric",,20
"PLAY CAMEO","FAB-PLAY-CAMEO","11019","Fabric",,20
"POSH AQUA","FAB-POS-AQU","11020","Fabric",,20
"POSH GRAPHITE","FAB-POS-GRA","11021","Fabric",,20
"POSH SAPPHIRE","FAB-POS-SAP","11022","Fabric",,20
"POSH SKY","FAB-POS-SKY","11023","Fabric",,20
"PRECISE FAWN","FAB-PRE-FAW","11024","Fabric",,20
"PRINCIPLE LAGOON","FAB-PRI-LAG","11025","Fabric",,20
"PRINCIPLE TROPICS","FAB-PRI-TRO","11026","Fabric",,20
"PUEBLO DUNE","FAB-PUE-DUN","11027","Fabric",,20
"RAINDROP ULTRALEATHER","FAB-RAI-ULT","11028","Fabric",,20
"RALLY EMBER (WESLEY MAYAN)","FAB-RAL-EMBWESMAY","11029","Fabric",,20
"RALLY GRAPHITE","FAB-RAL-GRA","11030","Fabric",,20
"REGENCY SAND","FAB-REG-SAN","11031","Fabric",,20
"RELATE HARBOR","FAB-REL-HAR","11032","Fabric",,20
"REMIX DENIM","FAB-REM-DEN","11033","Fabric",,20
"REMIX MESA","FAB-REM-MES","11034","Fabric",,20
"REMIX MUSHROOM","FAB-REM-MUS","11035","Fabric",,20
"REMIX PARCHMENT","FAB-REM-PAR","11036","Fabric",,20
"REMIX SILK","FAB-REM-SIL","11037","Fabric",,20
"RENEW MIST","FAB-REN-MIS","11038","Fabric",,20
"RESONATE CITRONELLE","FAB-RES-CIT","11039","Fabric",,20
"REVIVE INDIGO","FAB-REV-IND","11040","Fabric",,20
"REVIVE SAND","FAB-REV-SAN","11041","Fabric",,20
"RITSY CHAMBRAY","FAB-RIT-CHA","11042","Fabric",,20
"RITSY NECTAR","FAB-RIT-NEC","11043","Fabric",,20
"RITSY ROSEMARY","FAB-RIT-ROS","11044","Fabric",,20
"RUE COSTAL","FAB-RUE-COS","11045","Fabric",,20
"SAIL AWAY DENIM","FAB-SAI-AWADEN","11046","Fabric",,20
"SAIL AWAY SUNFLOWER","FAB-SAI-AWASUN","11047","Fabric",,20
"SAILCLOTH SAHARA","FAB-SAI-SAH","11048","Fabric",,20
"SAILCLOTH SEAGULL","FAB-SAI-SEA","11049","Fabric",,20
"SAILCLOTH SPACE","FAB-SAI-SPA","11050","Fabric",,20
"SAVVY INDIGO","FAB-SAV-IND","11051","Fabric",,20
"SAVANNA ULTRALEATHER","FAB-SAV-ULT","11052","Fabric",,20
"SAVVY ONYX","FAB-SAVV-ONYX","11053","Fabric",,20
"SAVY ONYX","FAB-SAVY-ONYX","11054","Fabric",,20
"SCALE CLOUD","FAB-SCA-CLO","11055","Fabric",,20
"SCOPE CAPE","FAB-SCO-CAP","11056","Fabric",,20
"SENSIBILITY II SPLENDOR","FAB-SEN-IISPL","11057","Fabric",,20
"SEVILLE SEASIDE","FAB-SEV-SEA","11058","Fabric",,20
"SHADOW SNOW","FAB-SHA-SNO","11059","Fabric",,20
"SHELTER LINEN","FAB-SHE-LIN","11060","Fabric",,20
"SHELTER SURF","FAB-SHE-SUR","11061","Fabric",,20
"SHELTER WHITE","FAB-SHE-WHI","11062","Fabric",,20
"SHIBORI CLASSIC","FAB-SHI-CLA","11063","Fabric",,20
"SHORE CLASSIC","FAB-SHO-CLA","11064","Fabric",,20
"SHORE LINEN","FAB-SHO-LIN","11065","Fabric",,20
"SHORE REGATTA","FAB-SHO-REG","11066","Fabric",,20
"SKY BLUE AWNING/MARINE","FAB-SKY-BLUAWNMAR","11067","Fabric",,20
"SNOW CAP","FAB-SNO-CAP","11068","Fabric",,20
"SOLVE CLAY","FAB-SOL-CLA","11069","Fabric",,20
"SOLVE DENIM","FAB-SOL-DEN","11070","Fabric",,20
"SOLANA SEAGULL","FAB-SOL-SEA","11071","Fabric",,20
"SPECTRUM AZTEC","FAB-SPE-AZT","11072","Fabric",,20
"SPECTRUM CAYENNE","FAB-SPE-CAY","11073","Fabric",,20
"SPECTRUM CILANTRO","FAB-SPE-CIL","11074","Fabric",,20
"SPECTRUM DENIM","FAB-SPE-DEN","11075","Fabric",,20
"SPECTRUM DOVE","FAB-SPE-DOV","11076","Fabric",,20
"SPECTRUM EGGSHELL","FAB-SPE-EGG","11077","Fabric",,20
"SPECTRUM GRAPHITE","FAB-SPE-GRA","11078","Fabric",,20
"SPECTRUM INDIGO","FAB-SPE-IND","11079","Fabric",,20
"SPECTRUM KIWI","FAB-SPE-KIW","11080","Fabric",,20
"SPECTRUM MIST","FAB-SPE-MIS","11081","Fabric",,20
"SPECTRUM MUSHROOM","FAB-SPE-MUS","11082","Fabric",,20
"SPECTACLE PEWTER","FAB-SPE-PEW","11083","Fabric",,20
"SPECTRUM SAND","FAB-SPE-SAN","11084","Fabric",,20
"SPECTRUM CARBON","FAB-SPEC-CARB","11085","Fabric",,20
"SPECTRUM CARIBOU","FAB-SPEC-CARI","11086","Fabric",,20
"STANTON GREYSTONE","FAB-STA-GRE","11087","Fabric",,20
"STANTON LAGOON","FAB-STA-LAG","11088","Fabric",,20
"STANDAR MESH 54"" ALMOND","FAB-STA-MES54ALM","11089","Fabric",,20
"STERLING ALPACA","FAB-STE-ALP","11090","Fabric",,20
"STEM GREEN ULTRALEATHER","FAB-STE-GREULT","11091","Fabric",,20
"SURROUND DUSK","FAB-SUR-DUS","11092","Fabric",,20
"SWITCH INDIGO","FAB-SWI-IND","11093","Fabric",,20
"TAOS STERLING","FAB-TAO-STE","11094","Fabric",,20
"TICKING DOVE","FAB-TIC-DOV","11095","Fabric",,20
"TRANQUIL CAMEL","FAB-TRA-CAM","11096","Fabric",,20
"TRAIL CLOUD","FAB-TRA-CLO","11097","Fabric",,20
"TRANQUIL LINEN","FAB-TRA-LIN","11098","Fabric",,20
"TRANQUIL SAGE","FAB-TRA-SAG","11099","Fabric",,20
"TROPIC JUNGLE","FAB-TROPIC-JUNGLE","11100","Fabric",,20
"TROPICS JUNGLE","FAB-TROPICS-JUNGLE","11101","Fabric",,20
"TRUSTED FOG","FAB-TRU-FOG","11102","Fabric",,20
"UNDERCURRENT SAND","FAB-UND-SAN","11103","Fabric",,20
"UNDERCURRENT STORM","FAB-UND-STO","11104","Fabric",,20
"UNDERCURRENT TIDE","FAB-UND-TID","11105","Fabric",,20
"UNWIND CAMEO","FAB-UNW-CAM","11106","Fabric",,20
"UNWIND RAINWASHED","FAB-UNW-RAI","11107","Fabric",,20
"VALLEY DESERT","FAB-VAL-DES","11108","Fabric",,20
"VALLEY DUNE","FAB-VAL-DUN","11109","Fabric",,20
"VALLEY SEDONA","FAB-VAL-SED","11110","Fabric",,20
"VIENTO NAUTICAL","FAB-VIE-NAU","11111","Fabric",,20
"VIOLETTA BALTIC","FAB-VIO-BAL","11112","Fabric",,20
"VOYAGE DUNE","FAB-VOY-DUN","11113","Fabric",,20
"VOYAGE INDIGO","FAB-VOY-IND","11114","Fabric",,20
"WHITE WITH CANDY PINK HORIZONTAL STRIPES","FAB-WHI-WITCANPINHORSTR","11115","Fabric",,20
"ALBARIUM 1.2","STN-DKT-ALB1.2","11116","Dekton",,0
"ALDEM 2.0","STN-DKT-ALD2.0","11117","Dekton",,0
"ANANKE 1.2","STN-DKT-ANA1.2","11118","Dekton",,0
"AGED TIMBER 2.0","STN-DKT-AT2.0","11119","Dekton",,0
"AURA 1.2","STN-DKT-AUR1.2","11120","Dekton",,0
"AURA 2.0","STN-DKT-AUR2.0","11121","Dekton",,0
"BLANC CONCRETE 1.2","STN-DKT-BC1.2","11122","Dekton",,0
"BLANC CONCRETE 2.0","STN-DKT-BC2.0","11123","Dekton",,0
"BENTO 2.0","STN-DKT-BEN2.0","11124","Dekton",,0
"BERGEN 1.2","STN-DKT-BER1.2","11125","Dekton",,0
"BLAZE 2.0","STN-DKT-BLA2.0","11126","Dekton",,0
"BOREA 2.0","STN-DKT-BOR2.0","11127","Dekton",,0
"BED ROCK 2.0","STN-DKT-BR2.0","11128","Dekton",,0
"DOVE 2.0","STN-DKT-DOV2.0","11129","Dekton",,0
"EDORA 1.2","STN-DKT-EDO1.2","11130","Dekton",,0
"EDORA 2.0","STN-DKT-EDO2.0","11131","Dekton",,0
"EMBALAJE 2.0","STN-DKT-EMB2.0","11132","Dekton",,0
"FEROE 2.0","STN-DKT-FER2.0","11133","Dekton",,0
"FIORD 1.2","STN-DKT-FIO1.2","11134","Dekton",,0
"FIORD 2.0","STN-DKT-FIO2.0","11135","Dekton",,0
"FOSSIL 2.0","STN-DKT-FOS2.0","11136","Dekton",,0
"GADA 2.0","STN-DKT-GAD2.0","11137","Dekton",,0
"GALEMA 2.0","STN-DKT-GAL2.0","11138","Dekton",,0
"HALO 1.2","STN-DKT-HAL1.2","11139","Dekton",,0
"HELENA 1.2","STN-DKT-HEL1.2","11140","Dekton",,0
"HELENA 2.0","STN-DKT-HEL2.0","11141","Dekton",,0
"IROK 1.2","STN-DKT-IRO1.2","11142","Dekton",,0
"IROK 2.0","STN-DKT-IRO2.0","11143","Dekton",,0
"KAIROS 1.2","STN-DKT-KAI1.2","11144","Dekton",,0
"KAIROS 2.0","STN-DKT-KAI2.0","11145","Dekton",,0
"KELYA 1.2","STN-DKT-KEL1.2","11146","Dekton",,0
"KHALO KC 2.0","STN-DKT-KK2.0","11147","Dekton",,0
"KORUS 1.2","STN-DKT-KOR1.2","11148","Dekton",,0
"KORSO 2.0","STN-DKT-KOR2.0","11149","Dekton",,0
"LAURENT 2.0","STN-DKT-LAU2.0","11150","Dekton",,0
"LIQUID SHELL 2.0","STN-DKT-LSH2.0","11151","Dekton",,0
"LIQUID SKY 2.0","STN-DKT-LSK2.0","11152","Dekton",,0
"LUMINA 1.2","STN-DKT-LUM1.2","11153","Dekton",,0
"LUMINA 2.0","STN-DKT-LUM2.0","11154","Dekton",,0
"LUNAR 2.0","STN-DKT-LUN2.0","11155","Dekton",,0
"MANHATTAN 2.0","STN-DKT-MAN2.0","11156","Dekton",,0
"NAYLA 2.0","STN-DKT-NAY2.0","11157","Dekton",,0
"NILIUM 1.2","STN-DKT-NIL1.2","11158","Dekton",,0
"NILIUM 2.0","STN-DKT-NIL2.0","11159","Dekton",,0
"OLIMPO 2.0","STN-DKT-OLI2.0","11160","Dekton",,0
"OPERA 1.2","STN-DKT-OPE1.2","11161","Dekton",,0
"OPERA 2.0","STN-DKT-OPE2.0","11162","Dekton",,0
"ORIX 2.0","STN-DKT-ORI2.0","11163","Dekton",,0
"POLARIS 2.0","STN-DKT-POL2.0","11164","Dekton",,0
"PORTUM 1.2","STN-DKT-POR1.2","11165","Dekton",,0
"PORTUM 2.0","STN-DKT-POR2.0","11166","Dekton",,0
"SASEA 2.0","STN-DKT-SAS2.0","11167","Dekton",,0
"SAND DRIFT 1.2","STN-DKT-SD1.2","11168","Dekton",,0
"SIROCCO 1.2","STN-DKT-SIR1.2","11169","Dekton",,0
"SIROCCO 2.0","STN-DKT-SIR2.0","11170","Dekton",,0
"SPLENDOR 1.2","STN-DKT-SPL1.2","11171","Dekton",,0
"SPLENDOR 2.0","STN-DKT-SPL2.0","11172","Dekton",,0
"STRATO 1.2","STN-DKT-STR1.2","11173","Dekton",,0
"TRILIUM 1.2","STN-DKT-TRI1.2","11174","Dekton",,0
"TUNDRA 1.2","STN-DKT-TUN1.2","11175","Dekton",,0
"TUNDRA 2.0","STN-DKT-TUN2.0","11176","Dekton",,0
"UYUNI 1.2","STN-DKT-UYU1.2","11177","Dekton",,0
"VALTERRA 1.2","STN-DKT-VAL1.2","11178","Dekton",,0
"VAPOUR 2.0","STN-DKT-VAP2.0","11179","Dekton",,0
"VEGHA 1.2","STN-DKT-VEG1.2","11180","Dekton",,0
"VENTUS 1.2","STN-DKT-VEN1.2","11181","Dekton",,0
"VERA 1.2","STN-DKT-VER1.2","11182","Dekton",,0
"VIENNA 2.0","STN-DKT-VIE2.0","11183","Dekton",,0
"ZENITH 1.2","STN-DKT-ZEN1.2","11184","Dekton",,0
"ZENITH 2.0","STN-DKT-ZEN2.0","11185","Dekton",,0
"2x2 Metal Cap","RM-HRD-2X2-METAL-CAP","11187","Hardware",,0
"STEEL TUBE SQ 2 X 2 X .120","MET-SQT20012","11189","Metal",,3.29
"Dekton (generic slab)","RM-DKT-GENERIC-SLAB","11456","Dekton",,8
"2x1 Tubing","RM-MET-2X1-TUBING","11458","Metal",,1.44
"2x2 Tubing","RM-MET-2X2-TUBING","11459","Metal",,1.68
"Powder coat (generic placeholder)","RM-PWD-GENERIC","11460","Powder",,8.64
"HR STEEL FLAT 3/16 X 1-1/2","MET-10019150","11468","Metal",,1.15
"HR STEEL FLAT 3/16 X 2","MET-10019200","11469","Metal",,1.3
"HR STEEL FLAT 3/16 X 3","MET-10019300","11470","Metal",,1.78
"HR STEEL FLAT 1/4 X 2","MET-10025200","11471","Metal",,2.16
"HR STEEL FLAT 1/4 X 3","MET-10025300","11472","Metal",,4.03
"METAL CUTTING BLADE","MET-102841","11473","Metal",,121.95
"HR STEEL ROUND 3/4 RD","MET-10R0750","11474","Metal",,17.46
"ALUMINUM CUTTING BLADE","MET-EVOLUTION14BLADEAL","11475","Metal",,125
"1/4 X 1 HR FLAT BAR","MET-FH141","11476","Metal",,0.88
"1/8 X 1-1/2 HR FLAT BAR","MET-FH18112","11477","Metal",,0.75
"3/16 X 1-1/2 HR FLAT BAR","MET-FH316112","11478","Metal",,1.06
"3/16 X 2 HR FLAT BAR","MET-FH3162","11479","Metal",,1.32
"HR STEEL SHEET 11 GA","MET-HRP011510","11480","Metal",,1.14
"RAGS","MET-RAGWWK","11481","Metal",,1.55
"1/2 HOT ROLLED ROUND SOLID","MET-RDH12","11482","Metal",,0.69
"STEEL TUBE RECT 1/2 X 1-1/2 X 16 GA","MET-RT05015016","11483","Metal",,0.91
"STEEL TUBE RECT 3/4 X 1-1/2 X 16 GA","MET-RT07515016","11484","Metal",,1.03
"STEEL TUBE RECT 1 X 2 X 16 GA","MET-RT10020016","11485","Metal",,1.36
"HOT ROLLED SHEET 16 GAUGE","MET-SH16","11486","Metal",,116.1
"STEEL TUBE SQ 1-1/4 X 1-1/4 X 16 GA","MET-SQT12516","11487","Metal",,1.4
"STEEL TUBE SQ 2 X 2 X 16 GA","MET-SQT20016","11488","Metal",,1.77
"STEEL TUBE SQ 3 X 3 X 16 GA","MET-SQT30016","11489","Metal",,2.71
"1 X 1 X 16GA SQ TUBE","MET-TB11060","11490","Metal",,0.96
"1-1/2 X 1/2 X 16GA REC TUBE","MET-TB11212060","11491","Metal",,0.94
"1-1/2 X 3/4 X 16GA REC TUBE","MET-TB11234060","11492","Metal",,1.21
"2 X 1 X 16GA REC TUBE","MET-TB21060","11493","Metal",,1.6
"2 X 1 X 11GA REC TUBE","MET-TB21120","11494","Metal",,3.32
"2 X 2 X 16GA SQ TUBE","MET-TB22060","11495","Metal",,2.2
"2 X 2 X 11GA SQ TUBE","MET-TB22120","11496","Metal",,4.24
"2 X 3/4 X 16GA REC TUBE","MET-TB234060","11497","Metal",,2.14
"3 X 2 X 16GA REC TUBE","MET-TB32060","11498","Metal",,2.76
"4 X 2 X 16GA REC TUBE","MET-TB42060","11499","Metal",,3.3
"3/4 X 14GA RD TUBE","MET-TBR34083","11500","Metal",,0.92
"BLACK POWDER","PWD-BLACK","11501","Powder",,8.64
"BONE POWDER","PWD-BONE","11502","Powder",,8.64
"FANUC GRAY POWDER","PWD-FANUC-GRAY","11503","Powder",,8.64
"GRAY ZINC EPOXY PRIMER","PWD-GRAY-ZINC-EPOXY-PRIMER","11504","Powder",,9.45
"HIGH TEMP SILICONE TAPERED MASKING PLUGS","PWD-HIGH-TEMP-SILICONE-TAPERED-MASKING-PLUGS","11505","Powder",,8.64
"LITE BEIGE POWDER","PWD-LITE-BEIGE","11506","Powder",,8.64
"METAL WIRE FOR HANGING FRAMES","PWD-METAL-WIRE-FOR-HANGING-FRAMES","11507","Powder",,8.64
"OIL RUB BRONZE POWDER","PWD-OIL-RUB-BRONZE","11508","Powder",,8.64
"WILD RICE POWDER","PWD-WILD-RICE","11509","Powder",,8.64
"TEST FABRIC - RAW","RM-FAB-TEST-FABRIC-RAW","11510","Fabric",,20
"Corrugate wrap (estimate)","RM-PKG-CORRUGATE","11511","Packaging",,0
"Edge protector board","RM-PKG-EDGE-BOARD","11512","Packaging",,0
"Stretch wrap","RM-PKG-STRETCH","11513","Packaging",,0
"Fabric (generic placeholder)","RM-FAB-GENERIC","12225",,,0
"1.5x3/4 Tubing","RM-MET-15X075-TUBING","12545",,,0