Item variant code / SKU,Default purchase price,Default supplier
FAB-ACT-ASH,20,
FAB-ACT-STO,20,
FAB-ADA-IND,20,
FAB-ADA-STO,20,
FAB-ADE-CEL,20,
FAB-AGR-IND,20,
FAB-ARI-DEW,20,
FAB-ARR-CAL,20,
FAB-ARR-CAR,20,
FAB-ARR-DUN,20,
FAB-ASC-SPA,20,
FAB-ASC-TRO,20,
FAB-ASS-IITEA,20,
FAB-ASS-SAN,20,
FAB-AUT-PEB,20,
FAB-BEA-BEA,20,
FAB-BEA-ULT,20,
FAB-BER-TUX,20,
FAB-BLE-IND,20,
FAB-BLE-LIN,20,
FAB-BLE-MIS,20,
FAB-BLE-SAN,20,
FAB-BLI-ALO,20,
FAB-BLI-ASP,20,
FAB-BLI-CLA,20,
FAB-BLI-DEW,20,
FAB-BLI-GUA,20,
FAB-BLI-LEM,20,
FAB-BLI-LIN,20,
FAB-BLI-SAN,20,
FAB-BLI-SMO,20,
FAB-BOR-IND,20,
FAB-BRA-RED,20,
FAB-BRA-WHI,20,
FAB-BUN-ULT,20,
FAB-CAB-CLA,20,
FAB-CAL-LAU,20,
FAB-CAN-ABB,20,
FAB-CAN-AIRBLU,20,
FAB-CAN-ANTBEI,20,
FAB-CAN-BIREYE,20,
FAB-CAN-BLA,20,
FAB-CAN-CAN,20,
FAB-CAN-CAP,20,
FAB-CAN-CHA,20,
FAB-CAN-CHE,20,
FAB-CAN-CLO,20,
FAB-CAN-COA,20,
FAB-CAN-COC,20,
FAB-CAN-FAW,20,
FAB-CAN-FER,20,
FAB-CAN-FLA,20,
FAB-CAN-FORGRE,20,
FAB-CAN-GIN,20,
FAB-CAN-GLA,20,
FAB-CAN-GRA,20,
FAB-CAN-HAZ,20,
FAB-CAN-HEABEI,20,
FAB-CAN-HEN,20,
FAB-CAN-HOTPIN,20,
FAB-CAN-JAV,20,
FAB-CAN-MEL,20,
FAB-CAN-MUS,20,
FAB-CAN-NAT,20,
FAB-CAN-NAV,20,
FAB-CAN-PACBLU,20,
FAB-CAN-PER,20,
FAB-CAN-RAF,20,
FAB-CAN-RAVBLA,20,
FAB-CAN-REG,20,
FAB-CAN-RUS,20,
FAB-CAN-SAPBLU,20,
FAB-CAN-SEA,20,
FAB-CAN-SKY,20,
FAB-CAN-SKYBLU,20,
FAB-CAN-SMO,20,
FAB-CAN-STO,20,
FAB-CAN-SUNYEL,20,
FAB-CAN-TAM,20,
FAB-CAN-TAN,20,
FAB-CAN-TAU,20,
FAB-CAN-TEA,20,
FAB-CAN-TER,20,
FAB-CAN-TRUBLU,20,
FAB-CAN-TUS,20,
FAB-CAN-WEAMEL,20,
FAB-CAN-WHI,20,
FAB-CAP-IISHA,20,
FAB-CAS-ASH,20,
FAB-CAS-CIT,20,
FAB-CAS-COP,20,
FAB-CAS-HOR,20,
FAB-CAS-IND,20,
FAB-CAS-LAG,20,
FAB-CAS-MOS,20,
FAB-CAS-MUS,20,
FAB-CAS-OCE,20,
FAB-CAS-SHA,20,
FAB-CAS-SPR,20,
FAB-CAS-STO,20,
FAB-CAS-WHI,20,
FAB-CASS-CORA,20,
FAB-CASS-SLAT,20,
FAB-CAST-CORA,20,
FAB-CAST-SLAT,20,
FAB-CHA-CLO,20,
FAB-CHA-DAY,20,
FAB-CHA-DES,20,
FAB-CHA-GRA,20,
FAB-CHA-GUL,20,
FAB-CHA-OPA,20,
FAB-CHA-PAR,20,
FAB-CHA-PEB,20,
FAB-CHA-SIL,20,
FAB-CHA-TRU,20,
FAB-CHA-WRE,20,
FAB-CHE-ASP,20,
FAB-CIT-SCADUS,20,
FAB-CLO-FRO,20,
FAB-CLO-OUTCLO,20,
FAB-CLO-OUTIND,20,
FAB-COA-CON,20,
FAB-COA-DOL,20,
FAB-COA-DUSEAR,20,
FAB-COA-SAV,20,
FAB-COA-WALGRE,20,
FAB-COM-CLA,20,
FAB-CON-ONY,20,
FAB-CON-ULT,20,
FAB-COR-SAN,20,
FAB-COV-PEB,20,
FAB-CRE-HAZ,20,
FAB-CRU-ASH,20,
FAB-CRU-CAM,20,
FAB-CRU-CLO,20,
FAB-CRU-PEW,20,
FAB-CRU-SNO,20,
FAB-CUL-STO,20,
FAB-CYC-DEN,20,
FAB-CYC-SPA,20,
FAB-DEP-FOS,20,
FAB-DEP-SEA,20,
FAB-DET-CLA,20,
FAB-DET-LIN,20,
FAB-DET-PER,20,
FAB-DIA-BLUSTR,20,
FAB-DIP-DYECHI,20,
FAB-DIR-LIN,20,
FAB-DIV-REE,20,
FAB-DIV-SAN,20,
FAB-DOL-MAN,20,
FAB-DOL-ULT,20,
FAB-DON-GRE,20,
FAB-DRE-DUN,20,
FAB-DUM-MUS,20,
FAB-DUM-SHI,20,
FAB-DUM-STU,20,
FAB-DUP-CEL,20,
FAB-DUP-DEESEA,20,
FAB-DUP-HEN,20,
FAB-DUP-PAR,20,
FAB-DUP-SAN,20,
FAB-DUP-STO,20,
FAB-ECH-ASH,20,
FAB-ECH-DUN,20,
FAB-ECH-SAN,20,
FAB-EMB-IND,20,
FAB-EMB-LIN,20,
FAB-EMB-PEW,20,
FAB-EMP-DOV,20,
FAB-ENR-CLO,20,
FAB-ENT-LIN,20,
FAB-EQU-GRA,20,
FAB-ESC-IND,20,
FAB-EST-LAG,20,
FAB-EST-LIM,20,
FAB-EST-MAR,20,
FAB-EST-ONY,20,
FAB-EXH-DRI,20,
FAB-EXH-SKY,20,
FAB-FEA-ULT,20,
FAB-FIS-LAG,20,
FAB-FRE-FLA,20,
FAB-FRE-PAR,20,
FAB-FRE-PEW,20,
FAB-FRE-SAN,20,
FAB-GAT-ALO,20,
FAB-GAT-BLU,20,
FAB-GAT-MIS,20,
FAB-GATEA-COAST,20,
FAB-GATEW-COAST,20,
FAB-GAV-MIS,20,
FAB-GLA-GLA,20,
FAB-GLI-DEN,20,
FAB-GRA-GRA,20,
FAB-HAR-CRI,20,
FAB-HER-ALP,20,
FAB-HER-CHA,20,
FAB-HER-DIJ,20,
FAB-HER-LEA,20,
FAB-HER-PAP,20,
FAB-HER-RUS,20,
FAB-HER-SAB,20,
FAB-HER-SKY,20,
FAB-HER-SLA,20,
FAB-HER-SMO,20,
FAB-HYB-SMO,20,
FAB-IMP-DUN,20,
FAB-IMP-STU,20,
FAB-INF-GEM,20,
FAB-KIN-IND,20,
FAB-KIN-SIL,20,
FAB-KLA-KLA,20,
FAB-KRA-KRA,20,
FAB-KUD-49MOR,20,
FAB-LAB-CLO,20,
FAB-LEA-STR,20,
FAB-LEA-STRCLO,20,
FAB-LEA-STRIND,20,
FAB-LEA-STRSAN,20,
FAB-LEO-MAL,20,
FAB-LID-IND,20,
FAB-LIN-CAM,20,
FAB-LIN-CAN,20,
FAB-LIN-DEN,20,
FAB-LIN-IND,20,
FAB-LIN-NAT,20,
FAB-LIN-OYS,20,
FAB-LIN-PAR,20,
FAB-LIN-SES,20,
FAB-LIN-SIL,20,
FAB-LIN-SNO,20,
FAB-LIN-SPA,20,
FAB-LIN-STO,20,
FAB-LIN-TAU,20,
FAB-LIT-FOG,20,
FAB-LIT-MID,20,
FAB-LIT-PEB,20,
FAB-LIT-SAN,20,
FAB-LIT-SNO,20,
FAB-LIV-PAR,20,
FAB-LOR-MOS,20,
FAB-LOT-CAN,20,
FAB-LUX-IND,20,
FAB-LYN-OYS,20,
FAB-MAI-DOV,20,
FAB-MAI-LAT,20,
FAB-MAI-PUT,20,
FAB-MAR-CLO,20,
FAB-MAR-LIN,20,
FAB-MAR-MUS,20,
FAB-MAR-PAP,20,
FAB-MAR-THA,20,
FAB-MAS-FORGRE,20,
FAB-MAT-SKY,20,
FAB-MAX-HEABEI,20,
FAB-MET-CLO,20,
FAB-MET-FOG,20,
FAB-MET-LAG,20,
FAB-MET-SAN,20,
FAB-MET-SLA,20,
FAB-MET-SNO,20,
FAB-MID-IND,20,
FAB-MID-STO,20,
FAB-MIL-CHA,20,
FAB-MIL-COB,20,
FAB-MOM-DOV,20,
FAB-MOM-PAR,20,
FAB-MOU-SNO,20,
FAB-NAV-BLUULT,20,
FAB-NUA-CLO,20,
FAB-NUA-SAN,20,
FAB-NUR-CHA,20,
FAB-NUR-HAZ,20,
FAB-NUR-IND,20,
FAB-NUR-PEB,20,
FAB-NUR-SMO,20,
FAB-NUR-WHI,20,
FAB-ORT-ONY,20,
FAB-OYS-AWNMAR,20,
FAB-PER-RAFVEL,20,
FAB-PIA-GRA,20,
FAB-PIA-LAG,20,
FAB-PIA-PEB,20,
FAB-PIA-VAP,20,
FAB-PIN-SIECHA,20,
FAB-PIN-TOMCLO,20,
FAB-PIQ-FLA,20,
FAB-PIQ-MID,20,
FAB-PIQ-SAN,20,
FAB-PLA-CLO,20,
FAB-PLA-JUN,20,
FAB-PLA-MOC,20,
FAB-PLA-SAL,20,
FAB-PLA-SNO,20,
FAB-PLA-TEA,20,
FAB-PLAY-ADOB,20,
FAB-PLAY-ADOV,20,
FAB-PLAY-CAMEL,20,
FAB-PLAY-CAMEO,20,
FAB-POS-AQU,20,
FAB-POS-GRA,20,
FAB-POS-SAP,20,
FAB-POS-SKY,20,
FAB-PRE-FAW,20,
FAB-PRI-LAG,20,
FAB-PRI-TRO,20,
FAB-PUE-DUN,20,
FAB-RAI-ULT,20,
FAB-RAL-EMBWESMAY,20,
FAB-RAL-GRA,20,
FAB-REG-SAN,20,
FAB-REL-HAR,20,
FAB-REM-DEN,20,
FAB-REM-MES,20,
FAB-REM-MUS,20,
FAB-REM-PAR,20,
FAB-REM-SIL,20,
FAB-REN-MIS,20,
FAB-RES-CIT,20,
FAB-REV-IND,20,
FAB-REV-SAN,20,
FAB-RIT-CHA,20,
FAB-RIT-NEC,20,
FAB-RIT-ROS,20,
FAB-RUE-COS,20,
FAB-SAI-AWADEN,20,
FAB-SAI-AWASUN,20,
FAB-SAI-SAH,20,
FAB-SAI-SEA,20,
FAB-SAI-SPA,20,
FAB-SAV-IND,20,
FAB-SAV-ULT,20,
FAB-SAVV-ONYX,20,
FAB-SAVY-ONYX,20,
FAB-SCA-CLO,20,
FAB-SCO-CAP,20,
FAB-SEN-IISPL,20,
FAB-SEV-SEA,20,
FAB-SHA-SNO,20,
FAB-SHE-LIN,20,
FAB-SHE-SUR,20,
FAB-SHE-WHI,20,
FAB-SHI-CLA,20,
FAB-SHO-CLA,20,
FAB-SHO-LIN,20,
FAB-SHO-REG,20,
FAB-SKY-BLUAWNMAR,20,
FAB-SNO-CAP,20,
FAB-SOL-CLA,20,
FAB-SOL-DEN,20,
FAB-SOL-SEA,20,
FAB-SPE-AZT,20,
FAB-SPE-CAY,20,
FAB-SPE-CIL,20,
FAB-SPE-DEN,20,
FAB-SPE-DOV,20,
FAB-SPE-EGG,20,
FAB-SPE-GRA,20,
FAB-SPE-IND,20,
FAB-SPE-KIW,20,
FAB-SPE-MIS,20,
FAB-SPE-MUS,20,
FAB-SPE-PEW,20,
FAB-SPE-SAN,20,
FAB-SPEC-CARB,20,
FAB-SPEC-CARI,20,
FAB-STA-GRE,20,
FAB-STA-LAG,20,
FAB-STA-MES54ALM,20,
FAB-STE-ALP,20,
FAB-STE-GREULT,20,
FAB-SUR-DUS,20,
FAB-SWI-IND,20,
FAB-TAO-STE,20,
FAB-TIC-DOV,20,
FAB-TRA-CAM,20,
FAB-TRA-CLO,20,
FAB-TRA-LIN,20,
FAB-TRA-SAG,20,
FAB-TROPIC-JUNGLE,20,
FAB-TROPICS-JUNGLE,20,
FAB-TRU-FOG,20,
FAB-UND-SAN,20,
FAB-UND-STO,20,
FAB-UND-TID,20,
FAB-UNW-CAM,20,
FAB-UNW-RAI,20,
FAB-VAL-DES,20,
FAB-VAL-DUN,20,
FAB-VAL-SED,20,
FAB-VIE-NAU,20,
FAB-VIO-BAL,20,
FAB-VOY-DUN,20,
FAB-VOY-IND,20,
FAB-WHI-WITCANPINHORSTR,20,
MET-10019150,1.15,
MET-10019200,1.3,
MET-10019300,1.78,
MET-10025200,2.16,
MET-10025300,4.03,
MET-102841,121.95,
MET-10R0750,17.46,
MET-EVOLUTION14BLADEAL,125,
MET-FH141,0.88,
MET-FH18112,0.75,
MET-FH316112,1.06,
MET-FH3162,1.32,
MET-HRP011510,1.14,
MET-RAGWWK,1.55,
MET-RDH12,0.69,
MET-RT05015016,0.91,
MET-RT07515016,1.03,
MET-RT10020016,1.36,
MET-SH16,116.1,
MET-SQT12516,1.4,
MET-SQT20012,3.29,
MET-SQT20016,1.77,
MET-SQT30016,2.71,
MET-TB11060,0.96,
MET-TB11212060,0.94,
MET-TB11234060,1.21,
MET-TB21060,1.6,
MET-TB21120,3.32,
MET-TB22060,2.2,
MET-TB22120,4.24,
MET-TB234060,2.14,
MET-TB32060,2.76,
MET-TB42060,3.3,
MET-TBR34083,0.92,
PWD-BLACK,8.64,
PWD-BONE,8.64,
PWD-FANUC-GRAY,8.64,
PWD-GRAY-ZINC-EPOXY-PRIMER,9.45,
PWD-HIGH-TEMP-SILICONE-TAPERED-MASKING-PLUGS,8.64,
PWD-LITE-BEIGE,8.64,
PWD-METAL-WIRE-FOR-HANGING-FRAMES,8.64,
PWD-OIL-RUB-BRONZE,8.64,
PWD-WILD-RICE,8.64,
RM-DKT-GENERIC-SLAB,420,Cosentino / Dekton
RM-FAB-GENERIC,30,
RM-FAB-TEST-FABRIC-RAW,20,
RM-MET-15X075-TUBING,1,
RM-MET-2X075-TUBING,2.14,
RM-MET-2X1-TUBING,3.1,Aluminum Extrusions LLC
RM-MET-2X2-TUBING,4.25,Aluminum Extrusions LLC
RM-MET-FLATBAR,0.48,
RM-PWD-GENERIC,8.5,Powder Coat Pros
RM-RAW-FOAM,0.7,
RM-RAW-IRON-WOOD,10.42,
STN-DKT-BC1.2,395,
